[2026-04-25T12:22:48Z]   ✓ MLB closing captured: Boston Red Sox @ Baltimore Orioles (event a06835fe)
[2026-04-25T12:22:48Z]   ✓ MLB closing captured: Seattle Mariners @ St. Louis Cardinals (event be47d302)
[2026-04-25T12:22:48Z]   ✓ MLB closing captured: Cleveland Guardians @ Toronto Blue Jays (event 76173d6f)
[2026-04-25T12:22:48Z]   ✓ MLB closing captured: Miami Marlins @ San Francisco Giants (event 5ea60d3f)
[2026-04-25T12:22:49Z]   ✓ MLB closing captured: Washington Nationals @ Chicago White Sox (event 31a831e8)
[2026-04-25T12:22:49Z]   ✓ MLB closing captured: Colorado Rockies @ New York Mets (event 0ba37739)
[2026-04-25T12:22:49Z]   ✓ MLB closing captured: Minnesota Twins @ Tampa Bay Rays (event 63131db3)
[2026-04-25T12:22:49Z]   ✓ MLB closing captured: San Diego Padres @ Arizona Diamondbacks (event 08936c47)
[2026-04-25T12:22:49Z]   ✓ MLB closing captured: Athletics @ Texas Rangers (event 637539ee)
[2026-04-25T12:22:50Z]   ✓ MLB closing captured: New York Yankees @ Houston Astros (event b266f498)
[2026-04-25T12:22:50Z]   ✓ MLB closing captured: Los Angeles Angels @ Kansas City Royals (event d8627b6c)
[2026-04-25T12:22:50Z]   ✓ MLB closing captured: Pittsburgh Pirates @ Milwaukee Brewers (event 17a28912)
[2026-04-25T12:22:50Z]   ✓ MLB closing captured: Philadelphia Phillies @ Atlanta Braves (event 4231dc4b)
[2026-04-25T12:22:50Z]   ✓ MLB closing captured: Chicago Cubs @ Los Angeles Dodgers (event 0230d646)
[2026-04-25T12:22:50Z]   ✓ MLB closing captured: Detroit Tigers @ Cincinnati Reds (event 923d805a)
[2026-04-25T12:22:50Z]   Total events captured this run: 15
[2026-04-25T17:04:03Z]   ✓ NBA closing captured: Detroit Pistons @ Orlando Magic (event e480da9a)
[2026-04-25T17:04:03Z]   Total events captured this run: 1
  Event odds fetched (event=e480da9a...). Requests remaining: 403
[2026-04-25T17:04:03Z]   ✓ NBA closing captured: Detroit Pistons @ Orlando Magic (event e480da9a)
[2026-04-25T17:04:03Z]   Total events captured this run: 1
[2026-04-25T19:04:03Z]   ✓ NHL closing captured: Carolina Hurricanes @ Ottawa Senators (event ba2e152d)
[2026-04-25T19:04:03Z]   Total events captured this run: 1
  Event odds fetched (event=ba2e152d...). Requests remaining: 363
[2026-04-25T19:04:03Z]   ✓ NHL closing captured: Carolina Hurricanes @ Ottawa Senators (event ba2e152d)
[2026-04-25T19:04:03Z]   Total events captured this run: 1
[2026-04-25T19:34:02Z]   ✓ NBA closing captured: Oklahoma City Thunder @ Phoenix Suns (event 9f41c322)
[2026-04-25T19:34:03Z]   Total events captured this run: 1
  Event odds fetched (event=9f41c322...). Requests remaining: 354
[2026-04-25T19:34:02Z]   ✓ NBA closing captured: Oklahoma City Thunder @ Phoenix Suns (event 9f41c322)
[2026-04-25T19:34:03Z]   Total events captured this run: 1
[2026-04-25T21:38:03Z]   ✓ NHL closing captured: Dallas Stars @ Minnesota Wild (event 6031286e)
[2026-04-25T21:38:03Z]   Total events captured this run: 1
  Event odds fetched (event=6031286e...). Requests remaining: 345
[2026-04-25T21:38:03Z]   ✓ NHL closing captured: Dallas Stars @ Minnesota Wild (event 6031286e)
[2026-04-25T21:38:03Z]   Total events captured this run: 1
[2026-04-25T22:06:02Z]   ✓ NBA closing captured: New York Knicks @ Atlanta Hawks (event 184d31a9)
[2026-04-25T22:06:02Z]   Total events captured this run: 1
  Event odds fetched (event=184d31a9...). Requests remaining: 336
[2026-04-25T22:06:02Z]   ✓ NBA closing captured: New York Knicks @ Atlanta Hawks (event 184d31a9)
[2026-04-25T22:06:02Z]   Total events captured this run: 1
[2026-04-26T00:01:01Z]   ✓ MLB closing captured: Philadelphia Phillies @ Atlanta Braves (event 4231dc4b)
[2026-04-26T00:01:02Z]   Total events captured this run: 1
  Event odds fetched (event=4231dc4b...). Requests remaining: 327
[2026-04-26T00:01:01Z]   ✓ MLB closing captured: Philadelphia Phillies @ Atlanta Braves (event 4231dc4b)
[2026-04-26T00:01:02Z]   Total events captured this run: 1
[2026-04-26T00:18:03Z]   ✓ NHL closing captured: Pittsburgh Penguins @ Philadelphia Flyers (event 63dc13d1)
[2026-04-26T00:18:03Z]   Total events captured this run: 1
  Event odds fetched (event=63dc13d1...). Requests remaining: 318
[2026-04-26T00:18:03Z]   ✓ NHL closing captured: Pittsburgh Penguins @ Philadelphia Flyers (event 63dc13d1)
[2026-04-26T00:18:03Z]   Total events captured this run: 1
[2026-04-26T17:04:03Z]   ✓ NBA closing captured: Cleveland Cavaliers @ Toronto Raptors (event d94d967f)
[2026-04-26T17:04:03Z]   Total events captured this run: 1
  Event odds fetched (event=d94d967f...). Requests remaining: 189
[2026-04-26T17:04:03Z]   ✓ NBA closing captured: Cleveland Cavaliers @ Toronto Raptors (event d94d967f)
[2026-04-26T17:04:03Z]   Total events captured this run: 1
[2026-04-26T18:30:03Z]   ✓ MLB closing captured: Athletics @ Texas Rangers (event d8f901c0)
[2026-04-26T18:30:03Z]   Total events captured this run: 1
  Event odds fetched (event=d8f901c0...). Requests remaining: 180
[2026-04-26T18:30:03Z]   ✓ MLB closing captured: Athletics @ Texas Rangers (event d8f901c0)
[2026-04-26T18:30:03Z]   Total events captured this run: 1
[2026-04-26T20:44:03Z]   ✓ NHL closing captured: Colorado Avalanche @ Los Angeles Kings (event a8961751)
[2026-04-26T20:44:03Z]   Total events captured this run: 1
  Event odds fetched (event=a8961751...). Requests remaining: 171
[2026-04-26T20:44:03Z]   ✓ NHL closing captured: Colorado Avalanche @ Los Angeles Kings (event a8961751)
[2026-04-26T20:44:03Z]   Total events captured this run: 1
[2026-04-26T20:50:02Z]   ✓ MLB closing captured: Colorado Rockies @ New York Mets (event 0ac87629)
[2026-04-26T20:50:02Z]   Total events captured this run: 1
  Event odds fetched (event=0ac87629...). Requests remaining: 162
[2026-04-26T20:50:02Z]   ✓ MLB closing captured: Colorado Rockies @ New York Mets (event 0ac87629)
[2026-04-26T20:50:02Z]   Total events captured this run: 1
[2026-04-27T01:34:02Z]   ✓ NBA closing captured: Los Angeles Lakers @ Houston Rockets (event 399d2e69)
[2026-04-27T01:34:02Z]   Total events captured this run: 1
  Event odds fetched (event=399d2e69...). Requests remaining: 80
[2026-04-27T01:34:02Z]   ✓ NBA closing captured: Los Angeles Lakers @ Houston Rockets (event 399d2e69)
[2026-04-27T01:34:02Z]   Total events captured this run: 1
[2026-04-27T01:46:03Z]   ✓ NHL closing captured: Edmonton Oilers @ Anaheim Ducks (event 87206a7b)
[2026-04-27T01:46:03Z]   Total events captured this run: 1
  Event odds fetched (event=87206a7b...). Requests remaining: 69
[2026-04-27T01:46:03Z]   ✓ NHL closing captured: Edmonton Oilers @ Anaheim Ducks (event 87206a7b)
[2026-04-27T01:46:03Z]   Total events captured this run: 1
[2026-04-27T22:04:02Z]   ✓ MLB closing captured: Tampa Bay Rays @ Cleveland Guardians (event 1a415987)
[2026-04-27T22:04:02Z]   Total events captured this run: 1
  Event odds fetched (event=1a415987...). Requests remaining: 365
[2026-04-27T22:04:02Z]   ✓ MLB closing captured: Tampa Bay Rays @ Cleveland Guardians (event 1a415987)
[2026-04-27T22:04:02Z]   Total events captured this run: 1
[2026-04-27T22:34:02Z]   ✓ MLB closing captured: St. Louis Cardinals @ Pittsburgh Pirates (event 4231e596)
[2026-04-27T22:34:03Z]   Total events captured this run: 1
  Event odds fetched (event=4231e596...). Requests remaining: 356
[2026-04-27T22:34:02Z]   ✓ MLB closing captured: St. Louis Cardinals @ Pittsburgh Pirates (event 4231e596)
[2026-04-27T22:34:03Z]   Total events captured this run: 1
[2026-04-27T23:02:02Z]   ✓ MLB closing captured: Boston Red Sox @ Toronto Blue Jays (event eb2a21d7)
[2026-04-27T23:02:02Z]   Total events captured this run: 1
  Event odds fetched (event=eb2a21d7...). Requests remaining: 347
[2026-04-27T23:02:02Z]   ✓ MLB closing captured: Boston Red Sox @ Toronto Blue Jays (event eb2a21d7)
[2026-04-27T23:02:02Z]   Total events captured this run: 1
[2026-04-27T23:04:02Z]   ✓ NHL closing captured: Philadelphia Flyers @ Pittsburgh Penguins (event d907fb8c)
[2026-04-27T23:04:02Z]   Total events captured this run: 1
  Event odds fetched (event=d907fb8c...). Requests remaining: 338
[2026-04-27T23:04:02Z]   ✓ NHL closing captured: Philadelphia Flyers @ Pittsburgh Penguins (event d907fb8c)
[2026-04-27T23:04:02Z]   Total events captured this run: 1
[2026-04-28T01:36:02Z]   ✓ MLB closing captured: Chicago Cubs @ San Diego Padres (event 717163f1)
[2026-04-28T01:36:02Z]   ✓ NBA closing captured: Oklahoma City Thunder @ Phoenix Suns (event b3eb8f64)
[2026-04-28T01:36:02Z]   Total events captured this run: 2
  Event odds fetched (event=717163f1...). Requests remaining: 321
[2026-04-28T01:36:02Z]   ✓ MLB closing captured: Chicago Cubs @ San Diego Padres (event 717163f1)
  Event odds fetched (event=b3eb8f64...). Requests remaining: 312
[2026-04-28T01:36:02Z]   ✓ NBA closing captured: Oklahoma City Thunder @ Phoenix Suns (event b3eb8f64)
[2026-04-28T01:36:02Z]   Total events captured this run: 2
[2026-04-28T01:44:03Z]   ✓ NHL closing captured: Vegas Golden Knights @ Utah Mammoth (event 8ac64c0f)
[2026-04-28T01:44:03Z]   Total events captured this run: 1
  Event odds fetched (event=8ac64c0f...). Requests remaining: 303
[2026-04-28T01:44:03Z]   ✓ NHL closing captured: Vegas Golden Knights @ Utah Mammoth (event 8ac64c0f)
[2026-04-28T01:44:03Z]   Total events captured this run: 1
[2026-04-28T02:04:02Z]   ✓ MLB closing captured: Miami Marlins @ Los Angeles Dodgers (event 65f2df47)
[2026-04-28T02:04:02Z]   Total events captured this run: 1
  Event odds fetched (event=65f2df47...). Requests remaining: 290
[2026-04-28T02:04:02Z]   ✓ MLB closing captured: Miami Marlins @ Los Angeles Dodgers (event 65f2df47)
[2026-04-28T02:04:02Z]   Total events captured this run: 1
[2026-04-28T02:34:02Z]   ✓ MLB closing captured: Los Angeles Angels @ Chicago White Sox (event aede5ca8)
[2026-04-28T02:34:02Z]   Total events captured this run: 1
  Event odds fetched (event=aede5ca8...). Requests remaining: 277
[2026-04-28T02:34:02Z]   ✓ MLB closing captured: Los Angeles Angels @ Chicago White Sox (event aede5ca8)
[2026-04-28T02:34:02Z]   Total events captured this run: 1
[2026-04-28T02:38:02Z]   ✓ NBA closing captured: Minnesota Timberwolves @ Denver Nuggets (event e4d639b6)
[2026-04-28T02:38:02Z]   Total events captured this run: 1
  Event odds fetched (event=e4d639b6...). Requests remaining: 268
[2026-04-28T02:38:02Z]   ✓ NBA closing captured: Minnesota Timberwolves @ Denver Nuggets (event e4d639b6)
[2026-04-28T02:38:02Z]   Total events captured this run: 1
[2026-05-01T18:14:03Z]   ✓ MLB closing captured: Arizona Diamondbacks @ Chicago Cubs (event 32248ad6)
[2026-05-01T18:14:03Z]   Total events captured this run: 1
  Event odds fetched (event=32248ad6...). Requests remaining: 323
[2026-05-01T18:14:03Z]   ✓ MLB closing captured: Arizona Diamondbacks @ Chicago Cubs (event 32248ad6)
[2026-05-01T18:14:03Z]   Total events captured this run: 1
[2026-05-01T22:34:03Z]   ✓ MLB closing captured: Texas Rangers @ Detroit Tigers (event eb5e5ee0)
[2026-05-01T22:34:03Z]   Total events captured this run: 1
  Event odds fetched (event=eb5e5ee0...). Requests remaining: 290
[2026-05-01T22:34:03Z]   ✓ MLB closing captured: Texas Rangers @ Detroit Tigers (event eb5e5ee0)
[2026-05-01T22:34:03Z]   Total events captured this run: 1
[2026-05-02T18:14:02Z]   ✓ MLB closing captured: Arizona Diamondbacks @ Chicago Cubs (event 2a3a6470)
[2026-05-02T18:14:03Z]   Total events captured this run: 1
  Event odds fetched (event=2a3a6470...). Requests remaining: 107
[2026-05-02T18:14:02Z]   ✓ MLB closing captured: Arizona Diamondbacks @ Chicago Cubs (event 2a3a6470)
[2026-05-02T18:14:03Z]   Total events captured this run: 1
[2026-05-02T20:00:02Z]   ✓ MLB closing captured: Cleveland Guardians @ Athletics (event 446e036e)
[2026-05-02T20:00:02Z]   ✓ MLB closing captured: Milwaukee Brewers @ Washington Nationals (event 7dd5007f)
[2026-05-02T20:00:03Z]   Total events captured this run: 2
  Event odds fetched (event=446e036e...). Requests remaining: 98
[2026-05-02T20:00:02Z]   ✓ MLB closing captured: Cleveland Guardians @ Athletics (event 446e036e)
  Event odds fetched (event=7dd5007f...). Requests remaining: 89
[2026-05-02T20:00:02Z]   ✓ MLB closing captured: Milwaukee Brewers @ Washington Nationals (event 7dd5007f)
[2026-05-02T20:00:03Z]   Total events captured this run: 2
[2026-05-02T20:04:02Z]   ✓ MLB closing captured: Cincinnati Reds @ Pittsburgh Pirates (event 7bda241f)
[2026-05-02T20:04:02Z]   ✓ MLB closing captured: Houston Astros @ Boston Red Sox (event 27aba50e)
[2026-05-02T20:04:03Z]   ✓ MLB closing captured: Philadelphia Phillies @ Miami Marlins (event ad24319e)
[2026-05-02T20:04:03Z]   Total events captured this run: 3
  Event odds fetched (event=7bda241f...). Requests remaining: 80
[2026-05-02T20:04:02Z]   ✓ MLB closing captured: Cincinnati Reds @ Pittsburgh Pirates (event 7bda241f)
  Event odds fetched (event=27aba50e...). Requests remaining: 71
[2026-05-02T20:04:02Z]   ✓ MLB closing captured: Houston Astros @ Boston Red Sox (event 27aba50e)
  Event odds fetched (event=ad24319e...). Requests remaining: 62
[2026-05-02T20:04:03Z]   ✓ MLB closing captured: Philadelphia Phillies @ Miami Marlins (event ad24319e)
[2026-05-02T20:04:03Z]   Total events captured this run: 3
[2026-05-02T23:10:02Z]   ✓ MLB closing captured: Texas Rangers @ Detroit Tigers (event 8a401fa0)
[2026-05-02T23:10:02Z]   ✓ MLB closing captured: Los Angeles Dodgers @ St. Louis Cardinals (event 3d047ad3)
[2026-05-02T23:10:02Z]   Total events captured this run: 2
  Event odds fetched (event=8a401fa0...). Requests remaining: 53
[2026-05-02T23:10:02Z]   ✓ MLB closing captured: Texas Rangers @ Detroit Tigers (event 8a401fa0)
  Event odds fetched (event=3d047ad3...). Requests remaining: 44
[2026-05-02T23:10:02Z]   ✓ MLB closing captured: Los Angeles Dodgers @ St. Louis Cardinals (event 3d047ad3)
[2026-05-02T23:10:02Z]   Total events captured this run: 2
[2026-05-02T23:34:03Z]   ✓ NBA closing captured: Philadelphia 76ers @ Boston Celtics (event a37e80a2)
[2026-05-02T23:34:03Z]   Total events captured this run: 1
  Event odds fetched (event=a37e80a2...). Requests remaining: 35
[2026-05-02T23:34:03Z]   ✓ NBA closing captured: Philadelphia 76ers @ Boston Celtics (event a37e80a2)
[2026-05-02T23:34:03Z]   Total events captured this run: 1
[2026-05-03T16:40:02Z]   ✓ MLB closing captured: Toronto Blue Jays @ Minnesota Twins (event 341da475)
[2026-05-03T16:40:02Z]   Total events captured this run: 1
  Event odds fetched (event=341da475...). Requests remaining: 397
[2026-05-03T16:40:02Z]   ✓ MLB closing captured: Toronto Blue Jays @ Minnesota Twins (event 341da475)
[2026-05-03T16:40:02Z]   Total events captured this run: 1
[2026-05-03T17:30:08Z]   ✓ MLB closing captured: Baltimore Orioles @ New York Yankees (event 092612a5)
[2026-05-03T17:30:09Z]   ✓ MLB closing captured: Houston Astros @ Boston Red Sox (event c07320ad)
[2026-05-03T17:30:09Z]   ✓ MLB closing captured: Cincinnati Reds @ Pittsburgh Pirates (event b7ecafff)
[2026-05-03T17:30:09Z]   ✓ MLB closing captured: Milwaukee Brewers @ Washington Nationals (event 1c691cd8)
[2026-05-03T17:30:09Z]   Total events captured this run: 4
  Event odds fetched (event=092612a5...). Requests remaining: 278
[2026-05-03T17:30:08Z]   ✓ MLB closing captured: Baltimore Orioles @ New York Yankees (event 092612a5)
  Event odds fetched (event=c07320ad...). Requests remaining: 269
[2026-05-03T17:30:09Z]   ✓ MLB closing captured: Houston Astros @ Boston Red Sox (event c07320ad)
  Event odds fetched (event=b7ecafff...). Requests remaining: 260
[2026-05-03T17:30:09Z]   ✓ MLB closing captured: Cincinnati Reds @ Pittsburgh Pirates (event b7ecafff)
  Event odds fetched (event=1c691cd8...). Requests remaining: 251
[2026-05-03T17:30:09Z]   ✓ MLB closing captured: Milwaukee Brewers @ Washington Nationals (event 1c691cd8)
[2026-05-03T17:30:09Z]   Total events captured this run: 4
[2026-05-03T19:04:01Z]   ✓ MLB closing captured: Atlanta Braves @ Colorado Rockies (event 9e48c320)
[2026-05-03T19:04:02Z]   Total events captured this run: 1
  Event odds fetched (event=9e48c320...). Requests remaining: 242
[2026-05-03T19:04:01Z]   ✓ MLB closing captured: Atlanta Braves @ Colorado Rockies (event 9e48c320)
[2026-05-03T19:04:02Z]   Total events captured this run: 1
[2026-05-03T19:34:02Z]   ✓ NBA closing captured: Orlando Magic @ Detroit Pistons (event be60e6f5)
[2026-05-03T19:34:02Z]   Total events captured this run: 1
  Event odds fetched (event=be60e6f5...). Requests remaining: 233
[2026-05-03T19:34:02Z]   ✓ NBA closing captured: Orlando Magic @ Detroit Pistons (event be60e6f5)
[2026-05-03T19:34:02Z]   Total events captured this run: 1
[2026-05-03T20:00:03Z]   ✓ MLB closing captured: Cleveland Guardians @ Athletics (event ba204fb2)
[2026-05-03T20:00:03Z]   Total events captured this run: 1
  Event odds fetched (event=ba204fb2...). Requests remaining: 224
[2026-05-03T20:00:03Z]   ✓ MLB closing captured: Cleveland Guardians @ Athletics (event ba204fb2)
[2026-05-03T20:00:03Z]   Total events captured this run: 1
[2026-05-03T20:02:02Z]   ✓ MLB closing captured: New York Mets @ Los Angeles Angels (event 257b715e)
[2026-05-03T20:02:02Z]   Total events captured this run: 1
  Event odds fetched (event=257b715e...). Requests remaining: 215
[2026-05-03T20:02:02Z]   ✓ MLB closing captured: New York Mets @ Los Angeles Angels (event 257b715e)
[2026-05-03T20:02:02Z]   Total events captured this run: 1
[2026-05-03T20:04:02Z]   ✓ MLB closing captured: Chicago White Sox @ San Diego Padres (event 60f28cce)
[2026-05-03T20:04:02Z]   ✓ MLB closing captured: Kansas City Royals @ Seattle Mariners (event e05ec850)
[2026-05-03T20:04:02Z]   Total events captured this run: 2
  Event odds fetched (event=60f28cce...). Requests remaining: 206
[2026-05-03T20:04:02Z]   ✓ MLB closing captured: Chicago White Sox @ San Diego Padres (event 60f28cce)
  Event odds fetched (event=e05ec850...). Requests remaining: 197
[2026-05-03T20:04:02Z]   ✓ MLB closing captured: Kansas City Royals @ Seattle Mariners (event e05ec850)
[2026-05-03T20:04:02Z]   Total events captured this run: 2
[2026-05-03T22:04:02Z]   ✓ NHL closing captured: Montréal Canadiens @ Tampa Bay Lightning (event 6ff22480)
[2026-05-03T22:04:02Z]   Total events captured this run: 1
  Event odds fetched (event=6ff22480...). Requests remaining: 188
[2026-05-03T22:04:02Z]   ✓ NHL closing captured: Montréal Canadiens @ Tampa Bay Lightning (event 6ff22480)
[2026-05-03T22:04:02Z]   Total events captured this run: 1
[2026-05-03T23:14:03Z]   ✓ MLB closing captured: Texas Rangers @ Detroit Tigers (event b713b3ae)
[2026-05-03T23:14:03Z]   Total events captured this run: 1
  Event odds fetched (event=b713b3ae...). Requests remaining: 179
[2026-05-03T23:14:03Z]   ✓ MLB closing captured: Texas Rangers @ Detroit Tigers (event b713b3ae)
[2026-05-03T23:14:03Z]   Total events captured this run: 1
[2026-05-03T23:34:03Z]   ✓ NBA closing captured: Toronto Raptors @ Cleveland Cavaliers (event a463f640)
[2026-05-03T23:34:03Z]   Total events captured this run: 1
  Event odds fetched (event=a463f640...). Requests remaining: 170
[2026-05-03T23:34:03Z]   ✓ NBA closing captured: Toronto Raptors @ Cleveland Cavaliers (event a463f640)
[2026-05-03T23:34:03Z]   Total events captured this run: 1
[2026-05-04T21:34:06Z]   ✓ MLB closing captured: New York Mets @ Colorado Rockies (event 80044e6f)
[2026-05-04T21:34:07Z]   Total events captured this run: 1
  Event odds fetched (event=80044e6f...). Requests remaining: 149
[2026-05-04T21:34:06Z]   ✓ MLB closing captured: New York Mets @ Colorado Rockies (event 80044e6f)
[2026-05-04T21:34:07Z]   Total events captured this run: 1
[2026-05-04T22:04:02Z]   ✓ MLB closing captured: Boston Red Sox @ Detroit Tigers (event 42cd2c9d)
[2026-05-04T22:04:03Z]   Total events captured this run: 1
  Event odds fetched (event=42cd2c9d...). Requests remaining: 140
[2026-05-04T22:04:02Z]   ✓ MLB closing captured: Boston Red Sox @ Detroit Tigers (event 42cd2c9d)
[2026-05-04T22:04:03Z]   Total events captured this run: 1
[2026-05-04T22:34:11Z]   ✓ MLB closing captured: Philadelphia Phillies @ Miami Marlins (event a8b6869a)
[2026-05-04T22:34:11Z]   ✓ MLB closing captured: Toronto Blue Jays @ Tampa Bay Rays (event 724956d8)
[2026-05-04T22:34:11Z]   Total events captured this run: 2
  Event odds fetched (event=a8b6869a...). Requests remaining: 131
[2026-05-04T22:34:11Z]   ✓ MLB closing captured: Philadelphia Phillies @ Miami Marlins (event a8b6869a)
  Event odds fetched (event=724956d8...). Requests remaining: 122
[2026-05-04T22:34:11Z]   ✓ MLB closing captured: Toronto Blue Jays @ Tampa Bay Rays (event 724956d8)
[2026-05-04T22:34:11Z]   Total events captured this run: 2
[2026-05-04T23:34:02Z]   ✓ MLB closing captured: Cleveland Guardians @ Kansas City Royals (event 286159b7)
[2026-05-04T23:34:02Z]   Total events captured this run: 1
  Event odds fetched (event=286159b7...). Requests remaining: 113
[2026-05-04T23:34:02Z]   ✓ MLB closing captured: Cleveland Guardians @ Kansas City Royals (event 286159b7)
[2026-05-04T23:34:02Z]   Total events captured this run: 1
[2026-05-04T23:38:02Z]   ✓ MLB closing captured: Cincinnati Reds @ Chicago Cubs (event 25d5af85)
[2026-05-04T23:38:02Z]   Total events captured this run: 1
  Event odds fetched (event=25d5af85...). Requests remaining: 104
[2026-05-04T23:38:02Z]   ✓ MLB closing captured: Cincinnati Reds @ Chicago Cubs (event 25d5af85)
[2026-05-04T23:38:02Z]   Total events captured this run: 1
[2026-05-04T23:40:02Z]   ✓ MLB closing captured: Milwaukee Brewers @ St. Louis Cardinals (event 6768391d)
[2026-05-04T23:40:02Z]   Total events captured this run: 1
  Event odds fetched (event=6768391d...). Requests remaining: 95
[2026-05-04T23:40:02Z]   ✓ MLB closing captured: Milwaukee Brewers @ St. Louis Cardinals (event 6768391d)
[2026-05-04T23:40:02Z]   Total events captured this run: 1
[2026-05-05T00:04:02Z]   ✓ MLB closing captured: Cincinnati Reds @ Chicago Cubs (event 25d5af85)
[2026-05-05T00:04:02Z]   ✓ MLB closing captured: Los Angeles Dodgers @ Houston Astros (event 29183afc)
[2026-05-05T00:04:02Z]   ✓ NBA closing captured: Philadelphia 76ers @ New York Knicks (event b11391b3)
[2026-05-05T00:04:02Z]   Total events captured this run: 3
  Event odds fetched (event=25d5af85...). Requests remaining: 86
[2026-05-05T00:04:02Z]   ✓ MLB closing captured: Cincinnati Reds @ Chicago Cubs (event 25d5af85)
  Event odds fetched (event=29183afc...). Requests remaining: 77
[2026-05-05T00:04:02Z]   ✓ MLB closing captured: Los Angeles Dodgers @ Houston Astros (event 29183afc)
  Event odds fetched (event=b11391b3...). Requests remaining: 68
[2026-05-05T00:04:02Z]   ✓ NBA closing captured: Philadelphia 76ers @ New York Knicks (event b11391b3)
[2026-05-05T00:04:02Z]   Total events captured this run: 3
[2026-05-05T01:32:02Z]   ✓ MLB closing captured: Chicago White Sox @ Los Angeles Angels (event e07f1907)
[2026-05-05T01:32:03Z]   Total events captured this run: 1
  Event odds fetched (event=e07f1907...). Requests remaining: 59
[2026-05-05T01:32:02Z]   ✓ MLB closing captured: Chicago White Sox @ Los Angeles Angels (event e07f1907)
[2026-05-05T01:32:03Z]   Total events captured this run: 1
[2026-05-05T01:34:03Z]   ✓ MLB closing captured: Atlanta Braves @ Seattle Mariners (event 6afb68c3)
[2026-05-05T01:34:04Z]   ✓ NBA closing captured: Minnesota Timberwolves @ San Antonio Spurs (event 219920e3)
[2026-05-05T01:34:04Z]   Total events captured this run: 2
  Event odds fetched (event=6afb68c3...). Requests remaining: 50
[2026-05-05T01:34:03Z]   ✓ MLB closing captured: Atlanta Braves @ Seattle Mariners (event 6afb68c3)
  Event odds fetched (event=219920e3...). Requests remaining: 41
[2026-05-05T01:34:04Z]   ✓ NBA closing captured: Minnesota Timberwolves @ San Antonio Spurs (event 219920e3)
[2026-05-05T01:34:04Z]   Total events captured this run: 2
[2026-05-05T22:34:02Z]   ✓ MLB closing captured: Athletics @ Philadelphia Phillies (event b30fec61)
[2026-05-05T22:34:02Z]   ✓ MLB closing captured: Baltimore Orioles @ Miami Marlins (event 692aeb05)
[2026-05-05T22:34:03Z]   Total events captured this run: 2
  Event odds fetched (event=b30fec61...). Requests remaining: 15
[2026-05-05T22:34:02Z]   ✓ MLB closing captured: Athletics @ Philadelphia Phillies (event b30fec61)
  Event odds fetched (event=692aeb05...). Requests remaining: 6
[2026-05-05T22:34:02Z]   ✓ MLB closing captured: Baltimore Orioles @ Miami Marlins (event 692aeb05)
[2026-05-05T22:34:03Z]   Total events captured this run: 2
[2026-05-11T22:04:02Z]   ✓ MLB closing captured: Los Angeles Angels @ Cleveland Guardians (event 5469c15e)
[2026-05-11T22:04:02Z]   Total events captured this run: 1
  Event odds fetched (event=5469c15e...). Requests remaining: 418
[2026-05-11T22:04:02Z]   ✓ MLB closing captured: Los Angeles Angels @ Cleveland Guardians (event 5469c15e)
[2026-05-11T22:04:02Z]   Total events captured this run: 1
[2026-05-11T22:30:02Z]   ✓ MLB closing captured: New York Yankees @ Baltimore Orioles (event a96772c4)
[2026-05-11T22:30:03Z]   Total events captured this run: 1
  Event odds fetched (event=a96772c4...). Requests remaining: 409
[2026-05-11T22:30:02Z]   ✓ MLB closing captured: New York Yankees @ Baltimore Orioles (event a96772c4)
[2026-05-11T22:30:03Z]   Total events captured this run: 1
[2026-05-11T23:02:02Z]   ✓ MLB closing captured: Tampa Bay Rays @ Toronto Blue Jays (event 8ca76871)
[2026-05-11T23:02:02Z]   Total events captured this run: 1
  Event odds fetched (event=8ca76871...). Requests remaining: 400
[2026-05-11T23:02:02Z]   ✓ MLB closing captured: Tampa Bay Rays @ Toronto Blue Jays (event 8ca76871)
[2026-05-11T23:02:02Z]   Total events captured this run: 1
[2026-05-12T22:04:02Z]   ✓ MLB closing captured: Los Angeles Angels @ Cleveland Guardians (event 9936f843)
[2026-05-12T22:04:02Z]   Total events captured this run: 1
  Event odds fetched (event=9936f843...). Requests remaining: 359
[2026-05-12T22:04:02Z]   ✓ MLB closing captured: Los Angeles Angels @ Cleveland Guardians (event 9936f843)
[2026-05-12T22:04:02Z]   Total events captured this run: 1
[2026-05-12T22:30:02Z]   ✓ MLB closing captured: New York Yankees @ Baltimore Orioles (event 6d160243)
[2026-05-12T22:30:03Z]   Total events captured this run: 1
  Event odds fetched (event=6d160243...). Requests remaining: 350
[2026-05-12T22:30:02Z]   ✓ MLB closing captured: New York Yankees @ Baltimore Orioles (event 6d160243)
[2026-05-12T22:30:03Z]   Total events captured this run: 1
[2026-05-12T22:34:02Z]   ✓ MLB closing captured: Washington Nationals @ Cincinnati Reds (event 6c8098ab)
[2026-05-12T22:34:02Z]   ✓ MLB closing captured: Colorado Rockies @ Pittsburgh Pirates (event 79fa6c85)
[2026-05-12T22:34:03Z]   Total events captured this run: 2
  Event odds fetched (event=6c8098ab...). Requests remaining: 341
[2026-05-12T22:34:02Z]   ✓ MLB closing captured: Washington Nationals @ Cincinnati Reds (event 6c8098ab)
  Event odds fetched (event=79fa6c85...). Requests remaining: 332
[2026-05-12T22:34:02Z]   ✓ MLB closing captured: Colorado Rockies @ Pittsburgh Pirates (event 79fa6c85)
[2026-05-12T22:34:03Z]   Total events captured this run: 2
[2026-05-12T22:40:03Z]   ✓ MLB closing captured: Philadelphia Phillies @ Boston Red Sox (event 07b1faa5)
[2026-05-12T22:40:03Z]   Total events captured this run: 1
  Event odds fetched (event=07b1faa5...). Requests remaining: 323
[2026-05-12T22:40:03Z]   ✓ MLB closing captured: Philadelphia Phillies @ Boston Red Sox (event 07b1faa5)
[2026-05-12T22:40:03Z]   Total events captured this run: 1
[2026-05-12T23:02:02Z]   ✓ MLB closing captured: Tampa Bay Rays @ Toronto Blue Jays (event b2c44ca9)
[2026-05-12T23:02:02Z]   Total events captured this run: 1
  Event odds fetched (event=b2c44ca9...). Requests remaining: 314
[2026-05-12T23:02:02Z]   ✓ MLB closing captured: Tampa Bay Rays @ Toronto Blue Jays (event b2c44ca9)
[2026-05-12T23:02:02Z]   Total events captured this run: 1
[2026-05-12T23:04:02Z]   ✓ MLB closing captured: Detroit Tigers @ New York Mets (event fe409503)
[2026-05-12T23:04:02Z]   ✓ NHL closing captured: Buffalo Sabres @ Montréal Canadiens (event 2beede5a)
[2026-05-12T23:04:02Z]   Total events captured this run: 2
  Event odds fetched (event=fe409503...). Requests remaining: 305
[2026-05-12T23:04:02Z]   ✓ MLB closing captured: Detroit Tigers @ New York Mets (event fe409503)
  Event odds fetched (event=2beede5a...). Requests remaining: 296
[2026-05-12T23:04:02Z]   ✓ NHL closing captured: Buffalo Sabres @ Montréal Canadiens (event 2beede5a)
[2026-05-12T23:04:02Z]   Total events captured this run: 2
[2026-05-12T23:34:01Z]   ✓ MLB closing captured: Kansas City Royals @ Chicago White Sox (event c125a238)
[2026-05-12T23:34:02Z]   ✓ MLB closing captured: Miami Marlins @ Minnesota Twins (event ad3552c4)
[2026-05-12T23:34:02Z]   ✓ MLB closing captured: San Diego Padres @ Milwaukee Brewers (event a0a43f88)
[2026-05-12T23:34:02Z]   Total events captured this run: 3
  Event odds fetched (event=c125a238...). Requests remaining: 287
[2026-05-12T23:34:01Z]   ✓ MLB closing captured: Kansas City Royals @ Chicago White Sox (event c125a238)
  Event odds fetched (event=ad3552c4...). Requests remaining: 278
[2026-05-12T23:34:02Z]   ✓ MLB closing captured: Miami Marlins @ Minnesota Twins (event ad3552c4)
  Event odds fetched (event=a0a43f88...). Requests remaining: 269
[2026-05-12T23:34:02Z]   ✓ MLB closing captured: San Diego Padres @ Milwaukee Brewers (event a0a43f88)
[2026-05-12T23:34:02Z]   Total events captured this run: 3
[2026-05-13T00:00:02Z]   ✓ MLB closing captured: Arizona Diamondbacks @ Texas Rangers (event 34393ecc)
[2026-05-13T00:00:04Z]   Total events captured this run: 1
  Event odds fetched (event=34393ecc...). Requests remaining: 258
[2026-05-13T00:00:02Z]   ✓ MLB closing captured: Arizona Diamondbacks @ Texas Rangers (event 34393ecc)
[2026-05-13T00:00:04Z]   Total events captured this run: 1
[2026-05-13T00:04:01Z]   ✓ MLB closing captured: Seattle Mariners @ Houston Astros (event a1fa0d55)
[2026-05-13T00:04:02Z]   Total events captured this run: 1
  Event odds fetched (event=a1fa0d55...). Requests remaining: 249
[2026-05-13T00:04:01Z]   ✓ MLB closing captured: Seattle Mariners @ Houston Astros (event a1fa0d55)
[2026-05-13T00:04:02Z]   Total events captured this run: 1
[2026-05-13T00:08:02Z]   ✓ NBA closing captured: Minnesota Timberwolves @ San Antonio Spurs (event 09800f91)
[2026-05-13T00:08:03Z]   Total events captured this run: 1
  Event odds fetched (event=09800f91...). Requests remaining: 240
[2026-05-13T00:08:02Z]   ✓ NBA closing captured: Minnesota Timberwolves @ San Antonio Spurs (event 09800f91)
[2026-05-13T00:08:03Z]   Total events captured this run: 1
[2026-05-13T01:34:01Z]   ✓ MLB closing captured: St. Louis Cardinals @ Athletics (event 265d8792)
[2026-05-13T01:34:02Z]   Total events captured this run: 1
  Event odds fetched (event=265d8792...). Requests remaining: 219
[2026-05-13T01:34:01Z]   ✓ MLB closing captured: St. Louis Cardinals @ Athletics (event 265d8792)
[2026-05-13T01:34:02Z]   Total events captured this run: 1
[2026-05-13T01:44:02Z]   ✓ NHL closing captured: Anaheim Ducks @ Vegas Golden Knights (event 7ae3c1e1)
[2026-05-13T01:44:02Z]   Total events captured this run: 1
  Event odds fetched (event=7ae3c1e1...). Requests remaining: 210
[2026-05-13T01:44:02Z]   ✓ NHL closing captured: Anaheim Ducks @ Vegas Golden Knights (event 7ae3c1e1)
[2026-05-13T01:44:02Z]   Total events captured this run: 1
[2026-05-13T02:04:01Z]   ✓ MLB closing captured: San Francisco Giants @ Los Angeles Dodgers (event a0929cf6)
[2026-05-13T02:04:02Z]   Total events captured this run: 1
  Event odds fetched (event=a0929cf6...). Requests remaining: 197
[2026-05-13T02:04:01Z]   ✓ MLB closing captured: San Francisco Giants @ Los Angeles Dodgers (event a0929cf6)
[2026-05-13T02:04:02Z]   Total events captured this run: 1
[2026-05-13T17:00:08Z]   ✓ MLB closing captured: New York Yankees @ Baltimore Orioles (event 21ff18fd)
[2026-05-13T17:00:08Z]   Total events captured this run: 1
  Event odds fetched (event=21ff18fd...). Requests remaining: 92
[2026-05-13T17:00:08Z]   ✓ MLB closing captured: New York Yankees @ Baltimore Orioles (event 21ff18fd)
[2026-05-13T17:00:08Z]   Total events captured this run: 1
[2026-05-13T17:04:03Z]   ✓ MLB closing captured: Los Angeles Angels @ Cleveland Guardians (event 67da7d89)
[2026-05-13T17:04:03Z]   Total events captured this run: 1
  Event odds fetched (event=67da7d89...). Requests remaining: 83
[2026-05-13T17:04:03Z]   ✓ MLB closing captured: Los Angeles Angels @ Cleveland Guardians (event 67da7d89)
[2026-05-13T17:04:03Z]   Total events captured this run: 1
[2026-05-14T19:00:02Z]   ✓ MLB closing captured: St. Louis Cardinals @ Athletics (event 07fe304b)
[2026-05-14T19:00:03Z]   Total events captured this run: 1
  Event odds fetched (event=07fe304b...). Requests remaining: 454
[2026-05-14T19:00:02Z]   ✓ MLB closing captured: St. Louis Cardinals @ Athletics (event 07fe304b)
[2026-05-14T19:00:03Z]   Total events captured this run: 1
[2026-05-15T01:44:03Z]   ✓ NHL closing captured: Vegas Golden Knights @ Anaheim Ducks (event 96af8606)
[2026-05-15T01:44:03Z]   Total events captured this run: 1
  Event odds fetched (event=96af8606...). Requests remaining: 425
[2026-05-15T01:44:03Z]   ✓ NHL closing captured: Vegas Golden Knights @ Anaheim Ducks (event 96af8606)
[2026-05-15T01:44:03Z]   Total events captured this run: 1
[2026-05-15T02:04:02Z]   ✓ MLB closing captured: San Francisco Giants @ Los Angeles Dodgers (event bc2f7272)
[2026-05-15T02:04:02Z]   Total events captured this run: 1
  Event odds fetched (event=bc2f7272...). Requests remaining: 412
[2026-05-15T02:04:02Z]   ✓ MLB closing captured: San Francisco Giants @ Los Angeles Dodgers (event bc2f7272)
[2026-05-15T02:04:02Z]   Total events captured this run: 1
[2026-05-15T22:38:02Z]   ✓ MLB closing captured: Philadelphia Phillies @ Pittsburgh Pirates (event a051c6df)
[2026-05-15T22:38:03Z]   Total events captured this run: 1
  Event odds fetched (event=a051c6df...). Requests remaining: 491
[2026-05-15T22:38:02Z]   ✓ MLB closing captured: Philadelphia Phillies @ Pittsburgh Pirates (event a051c6df)
[2026-05-15T22:38:03Z]   Total events captured this run: 1
[2026-05-15T23:04:02Z]   ✓ MLB closing captured: Cincinnati Reds @ Cleveland Guardians (event d5256fec)
[2026-05-15T23:04:02Z]   ✓ MLB closing captured: Miami Marlins @ Tampa Bay Rays (event 2aee6b06)
[2026-05-15T23:04:02Z]   ✓ MLB closing captured: Milwaukee Brewers @ Minnesota Twins (event 29396edf)
[2026-05-15T23:04:03Z]   ✓ NBA closing captured: Detroit Pistons @ Cleveland Cavaliers (event 745d265e)
[2026-05-15T23:04:04Z]   Total events captured this run: 4
  Event odds fetched (event=d5256fec...). Requests remaining: 463
[2026-05-15T23:04:02Z]   ✓ MLB closing captured: Cincinnati Reds @ Cleveland Guardians (event d5256fec)
  Event odds fetched (event=2aee6b06...). Requests remaining: 454
[2026-05-15T23:04:02Z]   ✓ MLB closing captured: Miami Marlins @ Tampa Bay Rays (event 2aee6b06)
  Event odds fetched (event=29396edf...). Requests remaining: 445
[2026-05-15T23:04:02Z]   ✓ MLB closing captured: Milwaukee Brewers @ Minnesota Twins (event 29396edf)
  Event odds fetched (event=745d265e...). Requests remaining: 436
[2026-05-15T23:04:03Z]   ✓ NBA closing captured: Detroit Pistons @ Cleveland Cavaliers (event 745d265e)
[2026-05-15T23:04:04Z]   Total events captured this run: 4
[2026-05-15T23:10:01Z]   ✓ MLB closing captured: Boston Red Sox @ Atlanta Braves (event 0a103297)
[2026-05-15T23:10:02Z]   ✓ MLB closing captured: New York Yankees @ New York Mets (event afc97026)
[2026-05-15T23:10:03Z]   Total events captured this run: 2
  Event odds fetched (event=0a103297...). Requests remaining: 381
[2026-05-15T23:10:01Z]   ✓ MLB closing captured: Boston Red Sox @ Atlanta Braves (event 0a103297)
  Event odds fetched (event=afc97026...). Requests remaining: 372
[2026-05-15T23:10:02Z]   ✓ MLB closing captured: New York Yankees @ New York Mets (event afc97026)
[2026-05-15T23:10:03Z]   Total events captured this run: 2
[2026-05-15T23:34:02Z]   ✓ MLB closing captured: Chicago Cubs @ Chicago White Sox (event 36e96384)
[2026-05-15T23:34:03Z]   Total events captured this run: 1
  Event odds fetched (event=36e96384...). Requests remaining: 354
[2026-05-15T23:34:02Z]   ✓ MLB closing captured: Chicago Cubs @ Chicago White Sox (event 36e96384)
[2026-05-15T23:34:03Z]   Total events captured this run: 1
[2026-05-16T00:04:02Z]   ✓ MLB closing captured: Texas Rangers @ Houston Astros (event 4323e1f1)
[2026-05-16T00:04:04Z]   Total events captured this run: 1
  Event odds fetched (event=4323e1f1...). Requests remaining: 343
[2026-05-16T00:04:02Z]   ✓ MLB closing captured: Texas Rangers @ Houston Astros (event 4323e1f1)
[2026-05-16T00:04:04Z]   Total events captured this run: 1
[2026-05-16T00:10:02Z]   ✓ MLB closing captured: Kansas City Royals @ St. Louis Cardinals (event 857412c7)
[2026-05-16T00:10:04Z]   Total events captured this run: 1
  Event odds fetched (event=857412c7...). Requests remaining: 334
[2026-05-16T00:10:02Z]   ✓ MLB closing captured: Kansas City Royals @ St. Louis Cardinals (event 857412c7)
[2026-05-16T00:10:04Z]   Total events captured this run: 1
[2026-05-16T00:34:02Z]   ✓ MLB closing captured: Arizona Diamondbacks @ Colorado Rockies (event 204926b2)
[2026-05-16T00:34:04Z]   Total events captured this run: 1
  Event odds fetched (event=204926b2...). Requests remaining: 321
[2026-05-16T00:34:02Z]   ✓ MLB closing captured: Arizona Diamondbacks @ Colorado Rockies (event 204926b2)
[2026-05-16T00:34:04Z]   Total events captured this run: 1
[2026-05-16T23:04:02Z]   ✓ MLB closing captured: Chicago Cubs @ Chicago White Sox (event 4b228f8e)
[2026-05-16T23:04:02Z]   ✓ MLB closing captured: Texas Rangers @ Houston Astros (event 58b1dff4)
[2026-05-16T23:04:02Z]   ✓ MLB closing captured: Milwaukee Brewers @ Minnesota Twins (event a5e515bb)
[2026-05-16T23:04:04Z]   Total events captured this run: 3
  Event odds fetched (event=4b228f8e...). Requests remaining: 24
[2026-05-16T23:04:02Z]   ✓ MLB closing captured: Chicago Cubs @ Chicago White Sox (event 4b228f8e)
  Event odds fetched (event=58b1dff4...). Requests remaining: 15
[2026-05-16T23:04:02Z]   ✓ MLB closing captured: Texas Rangers @ Houston Astros (event 58b1dff4)
  Event odds fetched (event=a5e515bb...). Requests remaining: 6
[2026-05-16T23:04:02Z]   ✓ MLB closing captured: Milwaukee Brewers @ Minnesota Twins (event a5e515bb)
[2026-05-16T23:04:04Z]   Total events captured this run: 3
[2026-05-17T16:10:02Z]   ✓ MLB closing captured: Miami Marlins @ Tampa Bay Rays (event 996ae6b2)
[2026-05-17T16:10:06Z]   Total events captured this run: 1
  Event odds fetched (event=996ae6b2...). Requests remaining: 19671
[2026-05-17T16:10:02Z]   ✓ MLB closing captured: Miami Marlins @ Tampa Bay Rays (event 996ae6b2)
[2026-05-17T16:10:06Z]   Total events captured this run: 1
[2026-05-17T17:30:03Z]   ✓ MLB closing captured: Boston Red Sox @ Atlanta Braves (event bfb9f171)
[2026-05-17T17:30:03Z]   ✓ MLB closing captured: Baltimore Orioles @ Washington Nationals (event 36d5609a)
[2026-05-17T17:30:05Z]   ✓ MLB closing captured: Philadelphia Phillies @ Pittsburgh Pirates (event d125d71e)
[2026-05-17T17:30:09Z]   Total events captured this run: 3
  Event odds fetched (event=bfb9f171...). Requests remaining: 19553
[2026-05-17T17:30:03Z]   ✓ MLB closing captured: Boston Red Sox @ Atlanta Braves (event bfb9f171)
  Event odds fetched (event=36d5609a...). Requests remaining: 19544
[2026-05-17T17:30:03Z]   ✓ MLB closing captured: Baltimore Orioles @ Washington Nationals (event 36d5609a)
  Event odds fetched (event=d125d71e...). Requests remaining: 19535
[2026-05-17T17:30:05Z]   ✓ MLB closing captured: Philadelphia Phillies @ Pittsburgh Pirates (event d125d71e)
[2026-05-17T17:30:09Z]   Total events captured this run: 3
[2026-05-17T17:40:05Z]   ✓ WNBA closing captured: Las Vegas Aces @ Atlanta Dream (event 047db7f8)
[2026-05-17T17:40:06Z]   Total events captured this run: 1
  Event odds fetched (event=047db7f8...). Requests remaining: 19526
[2026-05-17T17:40:05Z]   ✓ WNBA closing captured: Las Vegas Aces @ Atlanta Dream (event 047db7f8)
[2026-05-17T17:40:06Z]   Total events captured this run: 1
[2026-05-17T18:10:12Z]   ✓ MLB closing captured: Kansas City Royals @ St. Louis Cardinals (event 202f16f2)
[2026-05-17T18:10:14Z]   Total events captured this run: 1
  Event odds fetched (event=202f16f2...). Requests remaining: 19517
[2026-05-17T18:10:12Z]   ✓ MLB closing captured: Kansas City Royals @ St. Louis Cardinals (event 202f16f2)
[2026-05-17T18:10:14Z]   Total events captured this run: 1
[2026-05-20T15:24:02Z]   ✓ TENNIS closing captured: Leandro Riedi @ Gianluca Cadenasso (event 70e54ace)
[2026-05-20T15:24:02Z]   Total events captured this run: 1
  Event odds fetched (event=70e54ace...). Requests remaining: 17354
[2026-05-20T15:24:02Z]   ✓ TENNIS closing captured: Leandro Riedi @ Gianluca Cadenasso (event 70e54ace)
[2026-05-20T15:24:02Z]   Total events captured this run: 1
[2026-05-20T15:54:01Z]   ✓ TENNIS closing captured: Darwin Blanch @ Tristan Schoolkate (event 5de0d95d)
[2026-05-20T15:54:02Z]   ✓ TENNIS closing captured: Marcelo Tomas Barrios Vera @ Luka Pavlovic (event 330ecf85)
[2026-05-20T15:54:02Z]   Total events captured this run: 2
  Event odds fetched (event=5de0d95d...). Requests remaining: 17342
[2026-05-20T15:54:01Z]   ✓ TENNIS closing captured: Darwin Blanch @ Tristan Schoolkate (event 5de0d95d)
  Event odds fetched (event=330ecf85...). Requests remaining: 17336
[2026-05-20T15:54:02Z]   ✓ TENNIS closing captured: Marcelo Tomas Barrios Vera @ Luka Pavlovic (event 330ecf85)
[2026-05-20T15:54:02Z]   Total events captured this run: 2
[2026-05-20T17:00:01Z]   ✓ MLB closing captured: Cincinnati Reds @ Philadelphia Phillies (event 44f850d5)
[2026-05-20T17:00:02Z]   Total events captured this run: 1
  Event odds fetched (event=44f850d5...). Requests remaining: 17327
[2026-05-20T17:00:01Z]   ✓ MLB closing captured: Cincinnati Reds @ Philadelphia Phillies (event 44f850d5)
[2026-05-20T17:00:02Z]   Total events captured this run: 1
[2026-05-20T17:06:02Z]   ✓ MLB closing captured: Baltimore Orioles @ Tampa Bay Rays (event 7da6a18b)
[2026-05-20T17:06:02Z]   Total events captured this run: 1
  Event odds fetched (event=7da6a18b...). Requests remaining: 17318
[2026-05-20T17:06:02Z]   ✓ MLB closing captured: Baltimore Orioles @ Tampa Bay Rays (event 7da6a18b)
[2026-05-20T17:06:02Z]   Total events captured this run: 1
[2026-05-20T17:36:01Z]   ✓ MLB closing captured: Houston Astros @ Minnesota Twins (event 831c912e)
[2026-05-20T17:36:02Z]   Total events captured this run: 1
  Event odds fetched (event=831c912e...). Requests remaining: 17309
[2026-05-20T17:36:01Z]   ✓ MLB closing captured: Houston Astros @ Minnesota Twins (event 831c912e)
[2026-05-20T17:36:02Z]   Total events captured this run: 1
[2026-05-20T19:03:02Z]   ✓ MLB closing captured: Texas Rangers @ Colorado Rockies (event 38469303)
[2026-05-20T19:03:03Z]   Total events captured this run: 1
  Event odds fetched (event=38469303...). Requests remaining: 17300
[2026-05-20T19:03:02Z]   ✓ MLB closing captured: Texas Rangers @ Colorado Rockies (event 38469303)
[2026-05-20T19:03:03Z]   Total events captured this run: 1
[2026-05-20T19:36:01Z]   ✓ MLB closing captured: San Francisco Giants @ Arizona Diamondbacks (event 0d1fe29e)
[2026-05-20T19:36:02Z]   Total events captured this run: 1
  Event odds fetched (event=0d1fe29e...). Requests remaining: 17291
[2026-05-20T19:36:01Z]   ✓ MLB closing captured: San Francisco Giants @ Arizona Diamondbacks (event 0d1fe29e)
[2026-05-20T19:36:02Z]   Total events captured this run: 1
[2026-05-20T20:06:01Z]   ✓ MLB closing captured: Chicago White Sox @ Seattle Mariners (event b0078538)
[2026-05-20T20:06:02Z]   Total events captured this run: 1
  Event odds fetched (event=b0078538...). Requests remaining: 17282
[2026-05-20T20:06:01Z]   ✓ MLB closing captured: Chicago White Sox @ Seattle Mariners (event b0078538)
[2026-05-20T20:06:02Z]   Total events captured this run: 1
[2026-05-20T22:36:01Z]   ✓ MLB closing captured: Atlanta Braves @ Miami Marlins (event ce352adc)
[2026-05-20T22:36:02Z]   ✓ MLB closing captured: Cleveland Guardians @ Detroit Tigers (event cc55d7d8)
[2026-05-20T22:36:02Z]   Total events captured this run: 2
  Event odds fetched (event=ce352adc...). Requests remaining: 17273
[2026-05-20T22:36:01Z]   ✓ MLB closing captured: Atlanta Braves @ Miami Marlins (event ce352adc)
  Event odds fetched (event=cc55d7d8...). Requests remaining: 17264
[2026-05-20T22:36:02Z]   ✓ MLB closing captured: Cleveland Guardians @ Detroit Tigers (event cc55d7d8)
[2026-05-20T22:36:02Z]   Total events captured this run: 2
[2026-05-20T22:39:02Z]   ✓ MLB closing captured: New York Mets @ Washington Nationals (event 2d368724)
[2026-05-20T22:39:02Z]   Total events captured this run: 1
  Event odds fetched (event=2d368724...). Requests remaining: 17255
[2026-05-20T22:39:02Z]   ✓ MLB closing captured: New York Mets @ Washington Nationals (event 2d368724)
[2026-05-20T22:39:02Z]   Total events captured this run: 1
[2026-05-20T22:54:02Z]   ✓ WNBA closing captured: Portland Fire @ Indiana Fever (event 3d19c7f7)
[2026-05-20T22:54:02Z]   Total events captured this run: 1
  Event odds fetched (event=3d19c7f7...). Requests remaining: 17246
[2026-05-20T22:54:02Z]   ✓ WNBA closing captured: Portland Fire @ Indiana Fever (event 3d19c7f7)
[2026-05-20T22:54:02Z]   Total events captured this run: 1
[2026-05-20T23:00:02Z]   ✓ MLB closing captured: Toronto Blue Jays @ New York Yankees (event e4390656)
[2026-05-20T23:00:03Z]   Total events captured this run: 1
  Event odds fetched (event=e4390656...). Requests remaining: 17237
[2026-05-20T23:00:02Z]   ✓ MLB closing captured: Toronto Blue Jays @ New York Yankees (event e4390656)
[2026-05-20T23:00:03Z]   Total events captured this run: 1
[2026-05-20T23:36:01Z]   ✓ MLB closing captured: Boston Red Sox @ Kansas City Royals (event 005a4910)
[2026-05-20T23:36:02Z]   ✓ MLB closing captured: Milwaukee Brewers @ Chicago Cubs (event 7a000dcc)
[2026-05-20T23:36:02Z]   Total events captured this run: 2
  Event odds fetched (event=005a4910...). Requests remaining: 17228
[2026-05-20T23:36:01Z]   ✓ MLB closing captured: Boston Red Sox @ Kansas City Royals (event 005a4910)
  Event odds fetched (event=7a000dcc...). Requests remaining: 17219
[2026-05-20T23:36:02Z]   ✓ MLB closing captured: Milwaukee Brewers @ Chicago Cubs (event 7a000dcc)
[2026-05-20T23:36:02Z]   Total events captured this run: 2
[2026-05-20T23:39:02Z]   ✓ MLB closing captured: Pittsburgh Pirates @ St. Louis Cardinals (event 9090dcea)
[2026-05-20T23:39:03Z]   Total events captured this run: 1
  Event odds fetched (event=9090dcea...). Requests remaining: 17210
[2026-05-20T23:39:02Z]   ✓ MLB closing captured: Pittsburgh Pirates @ St. Louis Cardinals (event 9090dcea)
[2026-05-20T23:39:03Z]   Total events captured this run: 1
[2026-05-21T00:15:01Z]   ✓ NHL closing captured: Vegas Golden Knights @ Colorado Avalanche (event 15f3905f)
[2026-05-21T00:15:02Z]   Total events captured this run: 1
  Event odds fetched (event=15f3905f...). Requests remaining: 17197
[2026-05-21T00:15:01Z]   ✓ NHL closing captured: Vegas Golden Knights @ Colorado Avalanche (event 15f3905f)
[2026-05-21T00:15:02Z]   Total events captured this run: 1
[2026-05-21T00:34:10Z]   ✓ MLB closing captured: Los Angeles Dodgers @ San Diego Padres (event eb71b24b)
[2026-05-21T00:34:11Z]   ✓ NBA closing captured: San Antonio Spurs @ Oklahoma City Thunder (event 51176769)
[2026-05-21T00:34:11Z]   Total events captured this run: 2
  Event odds fetched (event=eb71b24b...). Requests remaining: 17186
[2026-05-21T00:34:10Z]   ✓ MLB closing captured: Los Angeles Dodgers @ San Diego Padres (event eb71b24b)
  Event odds fetched (event=51176769...). Requests remaining: 17177
[2026-05-21T00:34:11Z]   ✓ NBA closing captured: San Antonio Spurs @ Oklahoma City Thunder (event 51176769)
[2026-05-21T00:34:11Z]   Total events captured this run: 2
[2026-05-21T00:39:02Z]   ✓ MLB closing captured: Toronto Blue Jays @ New York Yankees (event e4390656)
[2026-05-21T00:39:02Z]   Total events captured this run: 1
  Event odds fetched (event=e4390656...). Requests remaining: 17168
[2026-05-21T00:39:02Z]   ✓ MLB closing captured: Toronto Blue Jays @ New York Yankees (event e4390656)
[2026-05-21T00:39:02Z]   Total events captured this run: 1
[2026-05-21T00:57:02Z]   ✓ WNBA closing captured: Dallas Wings @ Chicago Sky (event 7fe584b8)
[2026-05-21T00:57:03Z]   Total events captured this run: 1
  Event odds fetched (event=7fe584b8...). Requests remaining: 17159
[2026-05-21T00:57:02Z]   ✓ WNBA closing captured: Dallas Wings @ Chicago Sky (event 7fe584b8)
[2026-05-21T00:57:03Z]   Total events captured this run: 1
[2026-05-21T01:33:51Z]   ✓ MLB closing captured: Athletics @ Los Angeles Angels (event 359cc9ae)
[2026-05-21T01:33:51Z]   Total events captured this run: 1
  Event odds fetched (event=359cc9ae...). Requests remaining: 17146
[2026-05-21T01:33:51Z]   ✓ MLB closing captured: Athletics @ Los Angeles Angels (event 359cc9ae)
[2026-05-21T01:33:51Z]   Total events captured this run: 1
[2026-05-21T01:54:39Z]   ✓ WNBA closing captured: Connecticut Sun @ Seattle Storm (event f54323fd)
[2026-05-21T01:54:39Z]   Total events captured this run: 1
  Event odds fetched (event=f54323fd...). Requests remaining: 17135
[2026-05-21T01:54:39Z]   ✓ WNBA closing captured: Connecticut Sun @ Seattle Storm (event f54323fd)
[2026-05-21T01:54:39Z]   Total events captured this run: 1
[2026-05-21T17:06:02Z]   ✓ MLB closing captured: Cleveland Guardians @ Detroit Tigers (event 427339d8)
[2026-05-21T17:06:03Z]   Total events captured this run: 1
  Event odds fetched (event=427339d8...). Requests remaining: 16842
[2026-05-21T17:06:02Z]   ✓ MLB closing captured: Cleveland Guardians @ Detroit Tigers (event 427339d8)
[2026-05-21T17:06:03Z]   Total events captured this run: 1
[2026-05-21T17:09:02Z]   ✓ MLB closing captured: Pittsburgh Pirates @ St. Louis Cardinals (event 6297516e)
[2026-05-21T17:09:02Z]   Total events captured this run: 1
  Event odds fetched (event=6297516e...). Requests remaining: 16833
[2026-05-21T17:09:02Z]   ✓ MLB closing captured: Pittsburgh Pirates @ St. Louis Cardinals (event 6297516e)
[2026-05-21T17:09:02Z]   Total events captured this run: 1
[2026-05-21T20:00:02Z]   ✓ MLB closing captured: New York Mets @ Washington Nationals (event 6a7d1b1f)
[2026-05-21T20:00:03Z]   Total events captured this run: 1
  Event odds fetched (event=6a7d1b1f...). Requests remaining: 16818
[2026-05-21T20:00:02Z]   ✓ MLB closing captured: New York Mets @ Washington Nationals (event 6a7d1b1f)
[2026-05-21T20:00:03Z]   Total events captured this run: 1
[2026-05-22T18:17:13Z]   ✓ MLB closing captured: Houston Astros @ Chicago Cubs (event a5ab3fe9)
[2026-05-22T18:17:14Z]   Total events captured this run: 1
  Event odds fetched (event=a5ab3fe9...). Requests remaining: 16704
[2026-05-22T18:17:13Z]   ✓ MLB closing captured: Houston Astros @ Chicago Cubs (event a5ab3fe9)
[2026-05-22T18:17:14Z]   Total events captured this run: 1
[2026-05-23T00:33:04Z]   ✓ NBA closing captured: Oklahoma City Thunder @ San Antonio Spurs (event 7b814a0b)
[2026-05-23T00:33:05Z]   Total events captured this run: 1
  Event odds fetched (event=7b814a0b...). Requests remaining: 16693
[2026-05-23T00:33:04Z]   ✓ NBA closing captured: Oklahoma City Thunder @ San Antonio Spurs (event 7b814a0b)
[2026-05-23T00:33:05Z]   Total events captured this run: 1
[2026-05-23T01:33:02Z]   ✓ MLB closing captured: Texas Rangers @ Los Angeles Angels (event 35a7408a)
[2026-05-23T01:33:04Z]   Total events captured this run: 1
  Event odds fetched (event=35a7408a...). Requests remaining: 16676
[2026-05-23T01:33:02Z]   ✓ MLB closing captured: Texas Rangers @ Los Angeles Angels (event 35a7408a)
[2026-05-23T01:33:04Z]   Total events captured this run: 1
[2026-05-23T01:36:02Z]   ✓ MLB closing captured: Colorado Rockies @ Arizona Diamondbacks (event 9a684c8b)
[2026-05-23T01:36:02Z]   ✓ MLB closing captured: Athletics @ San Diego Padres (event 30849d75)
[2026-05-23T01:36:03Z]   Total events captured this run: 2
  Event odds fetched (event=9a684c8b...). Requests remaining: 16667
[2026-05-23T01:36:02Z]   ✓ MLB closing captured: Colorado Rockies @ Arizona Diamondbacks (event 9a684c8b)
  Event odds fetched (event=30849d75...). Requests remaining: 16658
[2026-05-23T01:36:02Z]   ✓ MLB closing captured: Athletics @ San Diego Padres (event 30849d75)
[2026-05-23T01:36:03Z]   Total events captured this run: 2
[2026-05-23T01:54:01Z]   ✓ WNBA closing captured: Connecticut Sun @ Seattle Storm (event f5c0c84b)
[2026-05-23T01:54:02Z]   Total events captured this run: 1
  Event odds fetched (event=f5c0c84b...). Requests remaining: 16647
[2026-05-23T01:54:01Z]   ✓ WNBA closing captured: Connecticut Sun @ Seattle Storm (event f5c0c84b)
[2026-05-23T01:54:02Z]   Total events captured this run: 1
[2026-05-23T02:09:02Z]   ✓ MLB closing captured: Chicago White Sox @ San Francisco Giants (event 2e525c53)
[2026-05-23T02:09:03Z]   Total events captured this run: 1
  Event odds fetched (event=2e525c53...). Requests remaining: 16636
[2026-05-23T02:09:02Z]   ✓ MLB closing captured: Chicago White Sox @ San Francisco Giants (event 2e525c53)
[2026-05-23T02:09:03Z]   Total events captured this run: 1
[2026-05-25T15:24:01Z]   ✓ TENNIS closing captured: Aleksandar Vukic @ Raphael Collignon (event 659289a1)
[2026-05-25T15:24:02Z]   ✓ TENNIS closing captured: Andrea Pellegrino @ Flavio Cobolli (event 025436cf)
[2026-05-25T15:24:02Z]   ✓ TENNIS closing captured: Ben Shelton @ Daniel Merida Aguilar (event 92ecb474)
[2026-05-25T15:24:02Z]   ✓ TENNIS closing captured: Botic van de Zandschulp @ Francisco Cerundolo (event 6d58cfe3)
[2026-05-25T15:24:02Z]   ✓ TENNIS closing captured: Marcos Giron @ Wu Yibing (event 94527e8a)
[2026-05-25T15:24:03Z]   Total events captured this run: 5
  Event odds fetched (event=659289a1...). Requests remaining: 16211
[2026-05-25T15:24:01Z]   ✓ TENNIS closing captured: Aleksandar Vukic @ Raphael Collignon (event 659289a1)
  Event odds fetched (event=025436cf...). Requests remaining: 16202
[2026-05-25T15:24:02Z]   ✓ TENNIS closing captured: Andrea Pellegrino @ Flavio Cobolli (event 025436cf)
  Event odds fetched (event=92ecb474...). Requests remaining: 16193
[2026-05-25T15:24:02Z]   ✓ TENNIS closing captured: Ben Shelton @ Daniel Merida Aguilar (event 92ecb474)
  Event odds fetched (event=6d58cfe3...). Requests remaining: 16184
[2026-05-25T15:24:02Z]   ✓ TENNIS closing captured: Botic van de Zandschulp @ Francisco Cerundolo (event 6d58cfe3)
  Event odds fetched (event=94527e8a...). Requests remaining: 16175
[2026-05-25T15:24:02Z]   ✓ TENNIS closing captured: Marcos Giron @ Wu Yibing (event 94527e8a)
[2026-05-25T15:24:03Z]   Total events captured this run: 5
[2026-05-25T17:30:01Z]   ✓ MLB closing captured: Tampa Bay Rays @ Baltimore Orioles (event 07cd090c)
[2026-05-25T17:30:01Z]   ✓ MLB closing captured: Chicago Cubs @ Pittsburgh Pirates (event 8c78facf)
[2026-05-25T17:30:02Z]   Total events captured this run: 2
  Event odds fetched (event=07cd090c...). Requests remaining: 16163
[2026-05-25T17:30:01Z]   ✓ MLB closing captured: Tampa Bay Rays @ Baltimore Orioles (event 07cd090c)
  Event odds fetched (event=8c78facf...). Requests remaining: 16154
[2026-05-25T17:30:01Z]   ✓ MLB closing captured: Chicago Cubs @ Pittsburgh Pirates (event 8c78facf)
[2026-05-25T17:30:02Z]   Total events captured this run: 2
[2026-05-25T21:00:02Z]   ✓ MLB closing captured: Arizona Diamondbacks @ San Francisco Giants (event bc69f749)
[2026-05-25T21:00:04Z]   Total events captured this run: 1
  Event odds fetched (event=bc69f749...). Requests remaining: 16145
[2026-05-25T21:00:02Z]   ✓ MLB closing captured: Arizona Diamondbacks @ San Francisco Giants (event bc69f749)
[2026-05-25T21:00:04Z]   Total events captured this run: 1
[2026-05-25T22:36:02Z]   ✓ MLB closing captured: Philadelphia Phillies @ San Diego Padres (event 7123a449)
[2026-05-25T22:36:02Z]   Total events captured this run: 1
  Event odds fetched (event=7123a449...). Requests remaining: 16118
[2026-05-25T22:36:02Z]   ✓ MLB closing captured: Philadelphia Phillies @ San Diego Padres (event 7123a449)
[2026-05-25T22:36:02Z]   Total events captured this run: 1
[2026-05-25T23:00:02Z]   ✓ MLB closing captured: Houston Astros @ Texas Rangers (event c6ff6f73)
[2026-05-25T23:00:02Z]   Total events captured this run: 1
  Event odds fetched (event=c6ff6f73...). Requests remaining: 16109
[2026-05-25T23:00:02Z]   ✓ MLB closing captured: Houston Astros @ Texas Rangers (event c6ff6f73)
[2026-05-25T23:00:02Z]   Total events captured this run: 1
[2026-05-25T23:03:01Z]   ✓ MLB closing captured: Miami Marlins @ Toronto Blue Jays (event 8fb262f6)
[2026-05-25T23:03:02Z]   Total events captured this run: 1
  Event odds fetched (event=8fb262f6...). Requests remaining: 16100
[2026-05-25T23:03:01Z]   ✓ MLB closing captured: Miami Marlins @ Toronto Blue Jays (event 8fb262f6)
[2026-05-25T23:03:02Z]   Total events captured this run: 1
[2026-05-26T01:06:04Z]   ✓ MLB closing captured: Colorado Rockies @ Los Angeles Dodgers (event 664888c7)
[2026-05-26T01:06:05Z]   Total events captured this run: 1
  Event odds fetched (event=664888c7...). Requests remaining: 16000
[2026-05-26T01:06:04Z]   ✓ MLB closing captured: Colorado Rockies @ Los Angeles Dodgers (event 664888c7)
[2026-05-26T01:06:05Z]   Total events captured this run: 1
[2026-05-26T01:36:01Z]   ✓ MLB closing captured: Seattle Mariners @ Athletics (event e03d047a)
[2026-05-26T01:36:02Z]   Total events captured this run: 1
  Event odds fetched (event=e03d047a...). Requests remaining: 15985
[2026-05-26T01:36:01Z]   ✓ MLB closing captured: Seattle Mariners @ Athletics (event e03d047a)
[2026-05-26T01:36:02Z]   Total events captured this run: 1
[2026-05-26T02:03:01Z]   ✓ WNBA closing captured: Connecticut Sun @ Golden State Valkyries (event cbbb0fa9)
[2026-05-26T02:03:02Z]   Total events captured this run: 1
  Event odds fetched (event=cbbb0fa9...). Requests remaining: 15972
[2026-05-26T02:03:01Z]   ✓ WNBA closing captured: Connecticut Sun @ Golden State Valkyries (event cbbb0fa9)
[2026-05-26T02:03:02Z]   Total events captured this run: 1
[2026-05-26T15:24:01Z]   ✓ TENNIS closing captured: Daniel Altmaier @ Felix Auger-Aliassime (event ba4f205c)
[2026-05-26T15:24:02Z]   ✓ TENNIS closing captured: Denis Shapovalov @ Jaime Faria (event d6cc73c4)
[2026-05-26T15:24:02Z]   ✓ TENNIS closing captured: Francisco Comesana @ Ethan Quinn (event 984c9763)
[2026-05-26T15:24:02Z]   ✓ TENNIS closing captured: Luciano Darderi @ Sebastian Ofner (event 49d4c759)
[2026-05-26T15:24:03Z]   Total events captured this run: 4
  Event odds fetched (event=ba4f205c...). Requests remaining: 15491
[2026-05-26T15:24:01Z]   ✓ TENNIS closing captured: Daniel Altmaier @ Felix Auger-Aliassime (event ba4f205c)
  Event odds fetched (event=d6cc73c4...). Requests remaining: 15482
[2026-05-26T15:24:02Z]   ✓ TENNIS closing captured: Denis Shapovalov @ Jaime Faria (event d6cc73c4)
  Event odds fetched (event=984c9763...). Requests remaining: 15473
[2026-05-26T15:24:02Z]   ✓ TENNIS closing captured: Francisco Comesana @ Ethan Quinn (event 984c9763)
  Event odds fetched (event=49d4c759...). Requests remaining: 15464
[2026-05-26T15:24:02Z]   ✓ TENNIS closing captured: Luciano Darderi @ Sebastian Ofner (event 49d4c759)
[2026-05-26T15:24:03Z]   Total events captured this run: 4
[2026-05-26T18:09:02Z]   ✓ TENNIS closing captured: Clement Tabur @ Jannik Sinner (event 69778232)
[2026-05-26T18:09:03Z]   Total events captured this run: 1
  Event odds fetched (event=69778232...). Requests remaining: 15441
[2026-05-26T18:09:02Z]   ✓ TENNIS closing captured: Clement Tabur @ Jannik Sinner (event 69778232)
[2026-05-26T18:09:03Z]   Total events captured this run: 1
[2026-05-26T22:06:02Z]   ✓ MLB closing captured: Washington Nationals @ Cleveland Guardians (event e3e38b1f)
[2026-05-26T22:06:03Z]   Total events captured this run: 1
  Event odds fetched (event=e3e38b1f...). Requests remaining: 15432
[2026-05-26T22:06:02Z]   ✓ MLB closing captured: Washington Nationals @ Cleveland Guardians (event e3e38b1f)
[2026-05-26T22:06:03Z]   Total events captured this run: 1
[2026-05-26T22:30:02Z]   ✓ MLB closing captured: Tampa Bay Rays @ Baltimore Orioles (event 3612f765)
[2026-05-26T22:30:02Z]   Total events captured this run: 1
  Event odds fetched (event=3612f765...). Requests remaining: 15423
[2026-05-26T22:30:02Z]   ✓ MLB closing captured: Tampa Bay Rays @ Baltimore Orioles (event 3612f765)
[2026-05-26T22:30:02Z]   Total events captured this run: 1
[2026-05-26T22:36:02Z]   ✓ MLB closing captured: Chicago Cubs @ Pittsburgh Pirates (event 2a617b3c)
[2026-05-26T22:36:02Z]   ✓ MLB closing captured: Los Angeles Angels @ Detroit Tigers (event 6c64b931)
[2026-05-26T22:36:03Z]   Total events captured this run: 2
  Event odds fetched (event=2a617b3c...). Requests remaining: 15414
[2026-05-26T22:36:02Z]   ✓ MLB closing captured: Chicago Cubs @ Pittsburgh Pirates (event 2a617b3c)
  Event odds fetched (event=6c64b931...). Requests remaining: 15405
[2026-05-26T22:36:02Z]   ✓ MLB closing captured: Los Angeles Angels @ Detroit Tigers (event 6c64b931)
[2026-05-26T22:36:03Z]   Total events captured this run: 2
[2026-05-26T22:39:02Z]   ✓ MLB closing captured: Atlanta Braves @ Boston Red Sox (event 990789f1)
[2026-05-26T22:39:03Z]   Total events captured this run: 1
  Event odds fetched (event=990789f1...). Requests remaining: 15396
[2026-05-26T22:39:02Z]   ✓ MLB closing captured: Atlanta Braves @ Boston Red Sox (event 990789f1)
[2026-05-26T22:39:03Z]   Total events captured this run: 1
[2026-05-27T00:00:51Z]   ✓ MLB closing captured: Houston Astros @ Texas Rangers (event d8d4e1b2)
[2026-05-27T00:00:51Z]   Total events captured this run: 1
  Event odds fetched (event=d8d4e1b2...). Requests remaining: 15387
[2026-05-27T00:00:51Z]   ✓ MLB closing captured: Houston Astros @ Texas Rangers (event d8d4e1b2)
[2026-05-27T00:00:51Z]   Total events captured this run: 1
[2026-05-27T13:59:36Z]   ✓ TENNIS closing captured: Alex Michelsen @ Nishesh Basavareddy (event 0140d13d)
[2026-05-27T13:59:37Z]   Total events captured this run: 1
  Event odds fetched (event=0140d13d...). Requests remaining: 15172
[2026-05-27T13:59:36Z]   ✓ TENNIS closing captured: Alex Michelsen @ Nishesh Basavareddy (event 0140d13d)
[2026-05-27T13:59:37Z]   Total events captured this run: 1
[2026-05-27T14:04:29Z]   ✓ TENNIS closing captured: Rafael Jodar @ James Duckworth (event 49239be7)
[2026-05-27T14:04:29Z]   Total events captured this run: 1
  Event odds fetched (event=49239be7...). Requests remaining: 15152
[2026-05-27T14:04:29Z]   ✓ TENNIS closing captured: Rafael Jodar @ James Duckworth (event 49239be7)
[2026-05-27T14:04:29Z]   Total events captured this run: 1
[2026-05-27T14:08:02Z]   ✓ TENNIS closing captured: Dino Prizmic @ Joao Fonseca (event 4b6ecff6)
[2026-05-27T14:08:02Z]   ✓ TENNIS closing captured: Quentin Halys @ Ugo Humbert (event 1c65cbef)
[2026-05-27T14:08:03Z]   Total events captured this run: 2
  Event odds fetched (event=4b6ecff6...). Requests remaining: 15097
[2026-05-27T14:08:02Z]   ✓ TENNIS closing captured: Dino Prizmic @ Joao Fonseca (event 4b6ecff6)
  Event odds fetched (event=1c65cbef...). Requests remaining: 15088
[2026-05-27T14:08:02Z]   ✓ TENNIS closing captured: Quentin Halys @ Ugo Humbert (event 1c65cbef)
[2026-05-27T14:08:03Z]   Total events captured this run: 2
[2026-05-27T17:02:02Z]   ✓ MLB closing captured: Miami Marlins @ Toronto Blue Jays (event 6dd8c66f)
[2026-05-27T17:02:03Z]   Total events captured this run: 1
  Event odds fetched (event=6dd8c66f...). Requests remaining: 14943
[2026-05-27T17:02:02Z]   ✓ MLB closing captured: Miami Marlins @ Toronto Blue Jays (event 6dd8c66f)
[2026-05-27T17:02:03Z]   Total events captured this run: 1
[2026-05-27T17:04:01Z]   ✓ MLB closing captured: Washington Nationals @ Cleveland Guardians (event 0320eab1)
[2026-05-27T17:04:02Z]   Total events captured this run: 1
  Event odds fetched (event=0320eab1...). Requests remaining: 14934
[2026-05-27T17:04:01Z]   ✓ MLB closing captured: Washington Nationals @ Cleveland Guardians (event 0320eab1)
[2026-05-27T17:04:02Z]   Total events captured this run: 1
[2026-05-27T17:34:01Z]   ✓ MLB closing captured: St. Louis Cardinals @ Milwaukee Brewers (event 08f2eded)
[2026-05-27T17:34:01Z]   ✓ TENNIS closing captured: Hamad Medjedovic @ Casper Ruud (event 73119fee)
[2026-05-27T17:34:02Z]   Total events captured this run: 2
  Event odds fetched (event=08f2eded...). Requests remaining: 14925
[2026-05-27T17:34:01Z]   ✓ MLB closing captured: St. Louis Cardinals @ Milwaukee Brewers (event 08f2eded)
  Event odds fetched (event=73119fee...). Requests remaining: 14916
[2026-05-27T17:34:01Z]   ✓ TENNIS closing captured: Hamad Medjedovic @ Casper Ruud (event 73119fee)
[2026-05-27T17:34:02Z]   Total events captured this run: 2
[2026-05-27T17:44:01Z]   ✓ TENNIS closing captured: Tommy Paul @ Lorenzo Sonego (event 0c4afecf)
[2026-05-27T17:44:02Z]   Total events captured this run: 1
  Event odds fetched (event=0c4afecf...). Requests remaining: 14907
[2026-05-27T17:44:01Z]   ✓ TENNIS closing captured: Tommy Paul @ Lorenzo Sonego (event 0c4afecf)
[2026-05-27T17:44:02Z]   Total events captured this run: 1
[2026-05-27T18:08:02Z]   ✓ TENNIS closing captured: Alexander Zverev @ Tomas Machac (event 87e4d35d)
[2026-05-27T18:08:02Z]   Total events captured this run: 1
  Event odds fetched (event=87e4d35d...). Requests remaining: 14898
[2026-05-27T18:08:02Z]   ✓ TENNIS closing captured: Alexander Zverev @ Tomas Machac (event 87e4d35d)
[2026-05-27T18:08:02Z]   Total events captured this run: 1
[2026-05-27T19:00:04Z]   ✓ MLB closing captured: Seattle Mariners @ Athletics (event adfc9cd4)
[2026-05-27T19:00:05Z]   Total events captured this run: 1
  Event odds fetched (event=adfc9cd4...). Requests remaining: 14889
[2026-05-27T19:00:04Z]   ✓ MLB closing captured: Seattle Mariners @ Athletics (event adfc9cd4)
[2026-05-27T19:00:05Z]   Total events captured this run: 1
[2026-05-27T19:40:01Z]   ✓ MLB closing captured: Arizona Diamondbacks @ San Francisco Giants (event 0bf247d0)
[2026-05-27T19:40:02Z]   Total events captured this run: 1
  Event odds fetched (event=0bf247d0...). Requests remaining: 14880
[2026-05-27T19:40:01Z]   ✓ MLB closing captured: Arizona Diamondbacks @ San Francisco Giants (event 0bf247d0)
[2026-05-27T19:40:02Z]   Total events captured this run: 1
[2026-05-27T20:04:02Z]   ✓ MLB closing captured: Philadelphia Phillies @ San Diego Padres (event 37259b2b)
[2026-05-27T20:04:03Z]   Total events captured this run: 1
  Event odds fetched (event=37259b2b...). Requests remaining: 14871
[2026-05-27T20:04:02Z]   ✓ MLB closing captured: Philadelphia Phillies @ San Diego Padres (event 37259b2b)
[2026-05-27T20:04:03Z]   Total events captured this run: 1
[2026-05-27T22:28:02Z]   ✓ MLB closing captured: Tampa Bay Rays @ Baltimore Orioles (event 16322704)
[2026-05-27T22:28:03Z]   Total events captured this run: 1
  Event odds fetched (event=16322704...). Requests remaining: 14862
[2026-05-27T22:28:02Z]   ✓ MLB closing captured: Tampa Bay Rays @ Baltimore Orioles (event 16322704)
[2026-05-27T22:28:03Z]   Total events captured this run: 1
[2026-05-27T22:34:02Z]   ✓ MLB closing captured: Chicago Cubs @ Pittsburgh Pirates (event 2b326f00)
[2026-05-27T22:34:02Z]   ✓ MLB closing captured: Los Angeles Angels @ Detroit Tigers (event 22b2c622)
[2026-05-27T22:34:03Z]   Total events captured this run: 2
  Event odds fetched (event=2b326f00...). Requests remaining: 14853
[2026-05-27T22:34:02Z]   ✓ MLB closing captured: Chicago Cubs @ Pittsburgh Pirates (event 2b326f00)
  Event odds fetched (event=22b2c622...). Requests remaining: 14844
[2026-05-27T22:34:02Z]   ✓ MLB closing captured: Los Angeles Angels @ Detroit Tigers (event 22b2c622)
[2026-05-27T22:34:03Z]   Total events captured this run: 2
[2026-05-27T22:40:01Z]   ✓ MLB closing captured: Atlanta Braves @ Boston Red Sox (event 880e1e94)
[2026-05-27T22:40:02Z]   Total events captured this run: 1
  Event odds fetched (event=880e1e94...). Requests remaining: 14835
[2026-05-27T22:40:01Z]   ✓ MLB closing captured: Atlanta Braves @ Boston Red Sox (event 880e1e94)
[2026-05-27T22:40:02Z]   Total events captured this run: 1
[2026-05-27T22:54:01Z]   ✓ WNBA closing captured: Phoenix Mercury @ New York Liberty (event dfe54a9d)
[2026-05-27T22:54:02Z]   Total events captured this run: 1
  Event odds fetched (event=dfe54a9d...). Requests remaining: 14826
[2026-05-27T22:54:01Z]   ✓ WNBA closing captured: Phoenix Mercury @ New York Liberty (event dfe54a9d)
[2026-05-27T22:54:02Z]   Total events captured this run: 1
[2026-05-27T23:04:01Z]   ✓ MLB closing captured: Cincinnati Reds @ New York Mets (event ded9b9a0)
[2026-05-27T23:04:02Z]   Total events captured this run: 1
  Event odds fetched (event=ded9b9a0...). Requests remaining: 14817
[2026-05-27T23:04:01Z]   ✓ MLB closing captured: Cincinnati Reds @ New York Mets (event ded9b9a0)
[2026-05-27T23:04:02Z]   Total events captured this run: 1
[2026-05-27T23:34:02Z]   ✓ MLB closing captured: Minnesota Twins @ Chicago White Sox (event 5245e46d)
[2026-05-27T23:34:02Z]   ✓ MLB closing captured: New York Yankees @ Kansas City Royals (event a9124c7e)
[2026-05-27T23:34:03Z]   Total events captured this run: 2
  Event odds fetched (event=5245e46d...). Requests remaining: 14808
[2026-05-27T23:34:02Z]   ✓ MLB closing captured: Minnesota Twins @ Chicago White Sox (event 5245e46d)
  Event odds fetched (event=a9124c7e...). Requests remaining: 14799
[2026-05-27T23:34:02Z]   ✓ MLB closing captured: New York Yankees @ Kansas City Royals (event a9124c7e)
[2026-05-27T23:34:03Z]   Total events captured this run: 2
[2026-05-27T23:54:01Z]   ✓ WNBA closing captured: Toronto Tempo @ Chicago Sky (event 5a93d1b3)
[2026-05-27T23:54:02Z]   Total events captured this run: 1
  Event odds fetched (event=5a93d1b3...). Requests remaining: 14790
[2026-05-27T23:54:01Z]   ✓ WNBA closing captured: Toronto Tempo @ Chicago Sky (event 5a93d1b3)
[2026-05-27T23:54:02Z]   Total events captured this run: 1
[2026-05-28T00:00:01Z]   ✓ MLB closing captured: Houston Astros @ Texas Rangers (event 228dd3c2)
[2026-05-28T00:00:02Z]   Total events captured this run: 1
  Event odds fetched (event=228dd3c2...). Requests remaining: 14781
[2026-05-28T00:00:01Z]   ✓ MLB closing captured: Houston Astros @ Texas Rangers (event 228dd3c2)
[2026-05-28T00:00:02Z]   Total events captured this run: 1
[2026-05-28T00:08:01Z]   ✓ NHL closing captured: Carolina Hurricanes @ Montréal Canadiens (event 45905241)
[2026-05-28T00:08:02Z]   Total events captured this run: 1
  Event odds fetched (event=45905241...). Requests remaining: 14772
[2026-05-28T00:08:01Z]   ✓ NHL closing captured: Carolina Hurricanes @ Montréal Canadiens (event 45905241)
[2026-05-28T00:08:02Z]   Total events captured this run: 1
[2026-05-28T00:54:02Z]   ✓ WNBA closing captured: Atlanta Dream @ Minnesota Lynx (event a6c336ab)
[2026-05-28T00:54:02Z]   Total events captured this run: 1
  Event odds fetched (event=a6c336ab...). Requests remaining: 14763
[2026-05-28T00:54:02Z]   ✓ WNBA closing captured: Atlanta Dream @ Minnesota Lynx (event a6c336ab)
[2026-05-28T00:54:02Z]   Total events captured this run: 1
[2026-05-28T01:54:03Z]   ✓ WNBA closing captured: Connecticut Sun @ Portland Fire (event e444497a)
[2026-05-28T01:54:03Z]   ✓ WNBA closing captured: Washington Mystics @ Seattle Storm (event 06c38528)
[2026-05-28T01:54:04Z]   Total events captured this run: 2
  Event odds fetched (event=e444497a...). Requests remaining: 14742
[2026-05-28T01:54:03Z]   ✓ WNBA closing captured: Connecticut Sun @ Portland Fire (event e444497a)
  Event odds fetched (event=06c38528...). Requests remaining: 14733
[2026-05-28T01:54:03Z]   ✓ WNBA closing captured: Washington Mystics @ Seattle Storm (event 06c38528)
[2026-05-28T01:54:04Z]   Total events captured this run: 2
[2026-05-28T02:04:01Z]   ✓ MLB closing captured: Colorado Rockies @ Los Angeles Dodgers (event 77b3529d)
[2026-05-28T02:04:02Z]   Total events captured this run: 1
  Event odds fetched (event=77b3529d...). Requests remaining: 14722
[2026-05-28T02:04:01Z]   ✓ MLB closing captured: Colorado Rockies @ Los Angeles Dodgers (event 77b3529d)
[2026-05-28T02:04:02Z]   Total events captured this run: 1
[2026-05-28T13:54:02Z]   ✓ TENNIS closing captured: Roman Andres Burruchaga @ Felix Auger-Aliassime (event bff93772)
[2026-05-28T13:54:02Z]   Total events captured this run: 1
  Event odds fetched (event=bff93772...). Requests remaining: 14657
[2026-05-28T13:54:02Z]   ✓ TENNIS closing captured: Roman Andres Burruchaga @ Felix Auger-Aliassime (event bff93772)
[2026-05-28T13:54:02Z]   Total events captured this run: 1
[2026-05-28T14:24:02Z]   ✓ TENNIS closing captured: Luciano Darderi @ Francisco Comesana (event cf93bae9)
[2026-05-28T14:24:03Z]   Total events captured this run: 1
  Event odds fetched (event=cf93bae9...). Requests remaining: 14621
[2026-05-28T14:24:02Z]   ✓ TENNIS closing captured: Luciano Darderi @ Francisco Comesana (event cf93bae9)
[2026-05-28T14:24:03Z]   Total events captured this run: 1
[2026-05-28T15:24:01Z]   ✓ TENNIS closing captured: Brandon Nakashima @ Luca Van Assche (event e4d439a6)
[2026-05-28T15:24:02Z]   ✓ TENNIS closing captured: Stefanos Tsitsipas @ Matteo Arnaldi (event f1b4cb30)
[2026-05-28T15:24:02Z]   Total events captured this run: 2
  Event odds fetched (event=e4d439a6...). Requests remaining: 14604
[2026-05-28T15:24:01Z]   ✓ TENNIS closing captured: Brandon Nakashima @ Luca Van Assche (event e4d439a6)
  Event odds fetched (event=f1b4cb30...). Requests remaining: 14595
[2026-05-28T15:24:02Z]   ✓ TENNIS closing captured: Stefanos Tsitsipas @ Matteo Arnaldi (event f1b4cb30)
[2026-05-28T15:24:02Z]   Total events captured this run: 2
[2026-05-28T17:20:51Z]   ✓ TENNIS closing captured: Ben Shelton @ Raphael Collignon (event 73d596ef)
[2026-05-28T17:20:52Z]   Total events captured this run: 1
  Event odds fetched (event=73d596ef...). Requests remaining: 14586
[2026-05-28T17:20:51Z]   ✓ TENNIS closing captured: Ben Shelton @ Raphael Collignon (event 73d596ef)
[2026-05-28T17:20:52Z]   Total events captured this run: 1
[2026-05-28T18:08:04Z]   ✓ MLB closing captured: Minnesota Twins @ Chicago White Sox (event 26a9e538)
[2026-05-28T18:08:05Z]   ✓ TENNIS closing captured: Matteo Berrettini @ Arthur Rinderknech (event 2b134f41)
[2026-05-28T18:08:07Z]   Total events captured this run: 2
  Event odds fetched (event=26a9e538...). Requests remaining: 14577
[2026-05-28T18:08:04Z]   ✓ MLB closing captured: Minnesota Twins @ Chicago White Sox (event 26a9e538)
  Event odds fetched (event=2b134f41...). Requests remaining: 14568
[2026-05-28T18:08:05Z]   ✓ TENNIS closing captured: Matteo Berrettini @ Arthur Rinderknech (event 2b134f41)
[2026-05-28T18:08:07Z]   Total events captured this run: 2
[2026-05-28T22:30:02Z]   ✓ MLB closing captured: Toronto Blue Jays @ Baltimore Orioles (event f83cd7ff)
[2026-05-28T22:30:03Z]   Total events captured this run: 1
  Event odds fetched (event=f83cd7ff...). Requests remaining: 14559
[2026-05-28T22:30:02Z]   ✓ MLB closing captured: Toronto Blue Jays @ Baltimore Orioles (event f83cd7ff)
[2026-05-28T22:30:03Z]   Total events captured this run: 1
[2026-05-28T22:34:02Z]   ✓ MLB closing captured: Chicago Cubs @ Pittsburgh Pirates (event 10c998a5)
[2026-05-28T22:34:03Z]   Total events captured this run: 1
  Event odds fetched (event=10c998a5...). Requests remaining: 14550
[2026-05-28T22:34:02Z]   ✓ MLB closing captured: Chicago Cubs @ Pittsburgh Pirates (event 10c998a5)
[2026-05-28T22:34:03Z]   Total events captured this run: 1
[2026-05-29T00:00:01Z]   ✓ MLB closing captured: Houston Astros @ Texas Rangers (event 5bacfc86)
[2026-05-29T00:00:02Z]   Total events captured this run: 1
  Event odds fetched (event=5bacfc86...). Requests remaining: 14541
[2026-05-29T00:00:01Z]   ✓ MLB closing captured: Houston Astros @ Texas Rangers (event 5bacfc86)
[2026-05-29T00:00:02Z]   Total events captured this run: 1
[2026-05-29T00:04:01Z]   ✓ WNBA closing captured: Las Vegas Aces @ Dallas Wings (event 3ec18b0d)
[2026-05-29T00:04:02Z]   Total events captured this run: 1
  Event odds fetched (event=3ec18b0d...). Requests remaining: 14532
[2026-05-29T00:04:01Z]   ✓ WNBA closing captured: Las Vegas Aces @ Dallas Wings (event 3ec18b0d)
[2026-05-29T00:04:02Z]   Total events captured this run: 1
[2026-05-29T08:54:01Z]   ✓ TENNIS closing captured: Andrey Rublev @ Nuno Borges (event 2ab4dcdb)
[2026-05-29T08:54:01Z]   ✓ TENNIS closing captured: Pablo Carreno Busta @ Thiago Agustin Tirante (event 866966db)
[2026-05-29T08:54:02Z]   Total events captured this run: 2
  Event odds fetched (event=2ab4dcdb...). Requests remaining: 14380
[2026-05-29T08:54:01Z]   ✓ TENNIS closing captured: Andrey Rublev @ Nuno Borges (event 2ab4dcdb)
  Event odds fetched (event=866966db...). Requests remaining: 14371
[2026-05-29T08:54:01Z]   ✓ TENNIS closing captured: Pablo Carreno Busta @ Thiago Agustin Tirante (event 866966db)
[2026-05-29T08:54:02Z]   Total events captured this run: 2
[2026-05-29T10:44:01Z]   ✓ TENNIS closing captured: Rafael Jodar @ Alex Michelsen (event 68349c5a)
[2026-05-29T10:44:02Z]   Total events captured this run: 1
  Event odds fetched (event=68349c5a...). Requests remaining: 14348
[2026-05-29T10:44:01Z]   ✓ TENNIS closing captured: Rafael Jodar @ Alex Michelsen (event 68349c5a)
[2026-05-29T10:44:02Z]   Total events captured this run: 1
[2026-05-29T13:08:01Z]   ✓ TENNIS closing captured: Jakub Mensik @ Alex de Minaur (event 130d6843)
[2026-05-29T13:08:02Z]   Total events captured this run: 1
  Event odds fetched (event=130d6843...). Requests remaining: 14321
[2026-05-29T13:08:01Z]   ✓ TENNIS closing captured: Jakub Mensik @ Alex de Minaur (event 130d6843)
[2026-05-29T13:08:02Z]   Total events captured this run: 1
[2026-05-29T13:24:02Z]   ✓ TENNIS closing captured: Novak Djokovic @ Joao Fonseca (event c4e8903f)
[2026-05-29T13:24:03Z]   Total events captured this run: 1
  Event odds fetched (event=c4e8903f...). Requests remaining: 14312
[2026-05-29T13:24:02Z]   ✓ TENNIS closing captured: Novak Djokovic @ Joao Fonseca (event c4e8903f)
[2026-05-29T13:24:03Z]   Total events captured this run: 1
[2026-05-29T13:58:02Z]   ✓ TENNIS closing captured: Jesper De Jong @ Karen Khachanov (event a04ea37c)
[2026-05-29T13:58:03Z]   Total events captured this run: 1
  Event odds fetched (event=a04ea37c...). Requests remaining: 14303
[2026-05-29T13:58:02Z]   ✓ TENNIS closing captured: Jesper De Jong @ Karen Khachanov (event a04ea37c)
[2026-05-29T13:58:03Z]   Total events captured this run: 1
[2026-05-29T15:44:04Z]   ✓ TENNIS closing captured: Tommy Paul @ Casper Ruud (event 99842d68)
[2026-05-29T15:44:04Z]   Total events captured this run: 1
  Event odds fetched (event=99842d68...). Requests remaining: 14185
[2026-05-29T15:44:04Z]   ✓ TENNIS closing captured: Tommy Paul @ Casper Ruud (event 99842d68)
[2026-05-29T15:44:04Z]   Total events captured this run: 1
[2026-05-29T18:08:02Z]   ✓ TENNIS closing captured: Alexander Zverev @ Quentin Halys (event 057eeac8)
[2026-05-29T18:08:03Z]   Total events captured this run: 1
  Event odds fetched (event=057eeac8...). Requests remaining: 14176
[2026-05-29T18:08:02Z]   ✓ TENNIS closing captured: Alexander Zverev @ Quentin Halys (event 057eeac8)
[2026-05-29T18:08:03Z]   Total events captured this run: 1
[2026-05-29T22:34:02Z]   ✓ MLB closing captured: Atlanta Braves @ Cincinnati Reds (event 0efc76f3)
[2026-05-29T22:34:03Z]   Total events captured this run: 1
  Event odds fetched (event=0efc76f3...). Requests remaining: 14167
[2026-05-29T22:34:02Z]   ✓ MLB closing captured: Atlanta Braves @ Cincinnati Reds (event 0efc76f3)
[2026-05-29T22:34:03Z]   Total events captured this run: 1
[2026-05-29T22:40:01Z]   ✓ MLB closing captured: Minnesota Twins @ Pittsburgh Pirates (event 765d27e3)
[2026-05-29T22:40:02Z]   ✓ MLB closing captured: San Diego Padres @ Washington Nationals (event 8c92a04b)
[2026-05-29T22:40:02Z]   Total events captured this run: 2
  Event odds fetched (event=765d27e3...). Requests remaining: 14158
[2026-05-29T22:40:01Z]   ✓ MLB closing captured: Minnesota Twins @ Pittsburgh Pirates (event 765d27e3)
  Event odds fetched (event=8c92a04b...). Requests remaining: 14149
[2026-05-29T22:40:02Z]   ✓ MLB closing captured: San Diego Padres @ Washington Nationals (event 8c92a04b)
[2026-05-29T22:40:02Z]   Total events captured this run: 2
[2026-05-29T23:00:01Z]   ✓ MLB closing captured: Toronto Blue Jays @ Baltimore Orioles (event ddd9481c)
[2026-05-29T23:00:02Z]   Total events captured this run: 1
  Event odds fetched (event=ddd9481c...). Requests remaining: 14140
[2026-05-29T23:00:01Z]   ✓ MLB closing captured: Toronto Blue Jays @ Baltimore Orioles (event ddd9481c)
[2026-05-29T23:00:02Z]   Total events captured this run: 1
[2026-05-29T23:04:01Z]   ✓ MLB closing captured: Boston Red Sox @ Cleveland Guardians (event d32dadf5)
[2026-05-29T23:04:01Z]   ✓ MLB closing captured: Los Angeles Angels @ Tampa Bay Rays (event 95952a42)
[2026-05-29T23:04:02Z]   ✓ MLB closing captured: Miami Marlins @ New York Mets (event 6493e913)
[2026-05-29T23:04:03Z]   Total events captured this run: 3
  Event odds fetched (event=d32dadf5...). Requests remaining: 14131
[2026-05-29T23:04:01Z]   ✓ MLB closing captured: Boston Red Sox @ Cleveland Guardians (event d32dadf5)
  Event odds fetched (event=95952a42...). Requests remaining: 14122
[2026-05-29T23:04:01Z]   ✓ MLB closing captured: Los Angeles Angels @ Tampa Bay Rays (event 95952a42)
  Event odds fetched (event=6493e913...). Requests remaining: 14113
[2026-05-29T23:04:02Z]   ✓ MLB closing captured: Miami Marlins @ New York Mets (event 6493e913)
[2026-05-29T23:04:03Z]   Total events captured this run: 3
[2026-05-29T23:23:24Z]   ✓ WNBA closing captured: Minnesota Lynx @ Chicago Sky (event a18ed937)
[2026-05-29T23:23:24Z]   ✓ WNBA closing captured: Los Angeles Sparks @ Washington Mystics (event 8b2e6e04)
[2026-05-29T23:23:25Z]   ✓ WNBA closing captured: Phoenix Mercury @ New York Liberty (event 569d4b7c)
[2026-05-29T23:23:26Z]   Total events captured this run: 3
  Event odds fetched (event=a18ed937...). Requests remaining: 14104
[2026-05-29T23:23:24Z]   ✓ WNBA closing captured: Minnesota Lynx @ Chicago Sky (event a18ed937)
  Event odds fetched (event=8b2e6e04...). Requests remaining: 14095
[2026-05-29T23:23:24Z]   ✓ WNBA closing captured: Los Angeles Sparks @ Washington Mystics (event 8b2e6e04)
  Event odds fetched (event=569d4b7c...). Requests remaining: 14086
[2026-05-29T23:23:25Z]   ✓ WNBA closing captured: Phoenix Mercury @ New York Liberty (event 569d4b7c)
[2026-05-29T23:23:26Z]   Total events captured this run: 3
[2026-05-30T14:48:02Z]   ✓ TENNIS closing captured: Raphael Collignon @ Matteo Arnaldi (event f86465f8)
[2026-05-30T14:48:03Z]   Total events captured this run: 1
  Event odds fetched (event=f86465f8...). Requests remaining: 14026
[2026-05-30T14:48:02Z]   ✓ TENNIS closing captured: Raphael Collignon @ Matteo Arnaldi (event f86465f8)
[2026-05-30T14:48:03Z]   Total events captured this run: 1
[2026-05-30T15:48:01Z]   ✓ TENNIS closing captured: Frances Tiafoe @ Jaime Faria (event e1731736)
[2026-05-30T15:48:02Z]   Total events captured this run: 1
  Event odds fetched (event=e1731736...). Requests remaining: 13958
[2026-05-30T15:48:01Z]   ✓ TENNIS closing captured: Frances Tiafoe @ Jaime Faria (event e1731736)
[2026-05-30T15:48:02Z]   Total events captured this run: 1
[2026-05-30T16:54:02Z]   ✓ WNBA closing captured: Seattle Storm @ Toronto Tempo (event caaadb64)
[2026-05-30T16:54:03Z]   Total events captured this run: 1
  Event odds fetched (event=caaadb64...). Requests remaining: 13949
[2026-05-30T16:54:02Z]   ✓ WNBA closing captured: Seattle Storm @ Toronto Tempo (event caaadb64)
[2026-05-30T16:54:03Z]   Total events captured this run: 1
[2026-05-30T18:04:01Z]   ✓ MLB closing captured: Detroit Tigers @ Chicago White Sox (event 8a5c8090)
[2026-05-30T18:04:02Z]   Total events captured this run: 1
  Event odds fetched (event=8a5c8090...). Requests remaining: 13940
[2026-05-30T18:04:01Z]   ✓ MLB closing captured: Detroit Tigers @ Chicago White Sox (event 8a5c8090)
[2026-05-30T18:04:02Z]   Total events captured this run: 1
[2026-05-30T18:08:01Z]   ✓ TENNIS closing captured: Brandon Nakashima @ Felix Auger-Aliassime (event d72c59e8)
[2026-05-30T18:08:02Z]   Total events captured this run: 1
  Event odds fetched (event=d72c59e8...). Requests remaining: 13931
[2026-05-30T18:08:01Z]   ✓ TENNIS closing captured: Brandon Nakashima @ Felix Auger-Aliassime (event d72c59e8)
[2026-05-30T18:08:02Z]   Total events captured this run: 1
[2026-05-30T19:59:37Z]   ✓ MLB closing captured: Toronto Blue Jays @ Baltimore Orioles (event 2104fc0f)
[2026-05-30T19:59:37Z]   ✓ MLB closing captured: Kansas City Royals @ Texas Rangers (event efa0af51)
[2026-05-30T19:59:37Z]   ✓ MLB closing captured: Minnesota Twins @ Pittsburgh Pirates (event 3cd95532)
[2026-05-30T19:59:37Z]   ✓ MLB closing captured: San Diego Padres @ Washington Nationals (event adde69ed)
[2026-05-30T19:59:39Z]   Total events captured this run: 4
  Event odds fetched (event=2104fc0f...). Requests remaining: 13922
[2026-05-30T19:59:37Z]   ✓ MLB closing captured: Toronto Blue Jays @ Baltimore Orioles (event 2104fc0f)
  Event odds fetched (event=efa0af51...). Requests remaining: 13913
[2026-05-30T19:59:37Z]   ✓ MLB closing captured: Kansas City Royals @ Texas Rangers (event efa0af51)
  Event odds fetched (event=3cd95532...). Requests remaining: 13904
[2026-05-30T19:59:37Z]   ✓ MLB closing captured: Minnesota Twins @ Pittsburgh Pirates (event 3cd95532)
  Event odds fetched (event=adde69ed...). Requests remaining: 13895
[2026-05-30T19:59:37Z]   ✓ MLB closing captured: San Diego Padres @ Washington Nationals (event adde69ed)
[2026-05-30T19:59:39Z]   Total events captured this run: 4
[2026-05-30T21:54:01Z]   ✓ WNBA closing captured: Los Angeles Sparks @ Connecticut Sun (event ac814e63)
[2026-05-30T21:54:02Z]   Total events captured this run: 1
  Event odds fetched (event=ac814e63...). Requests remaining: 13886
[2026-05-30T21:54:01Z]   ✓ WNBA closing captured: Los Angeles Sparks @ Connecticut Sun (event ac814e63)
[2026-05-30T21:54:02Z]   Total events captured this run: 1
[2026-05-31T01:04:02Z]   ✓ MLB closing captured: San Francisco Giants @ Colorado Rockies (event eb70ec93)
[2026-05-31T01:04:02Z]   Total events captured this run: 1
  Event odds fetched (event=eb70ec93...). Requests remaining: 13875
[2026-05-31T01:04:02Z]   ✓ MLB closing captured: San Francisco Giants @ Colorado Rockies (event eb70ec93)
[2026-05-31T01:04:02Z]   Total events captured this run: 1
[2026-05-31T02:02:22Z]   ✓ MLB closing captured: New York Yankees @ Athletics (event ab507c8b)
[2026-05-31T02:02:23Z]   Total events captured this run: 1
  Event odds fetched (event=ab507c8b...). Requests remaining: 13860
[2026-05-31T02:02:22Z]   ✓ MLB closing captured: New York Yankees @ Athletics (event ab507c8b)
[2026-05-31T02:02:23Z]   Total events captured this run: 1
[2026-05-31T02:04:02Z]   ✓ MLB closing captured: Arizona Diamondbacks @ Seattle Mariners (event 92ca4d6e)
[2026-05-31T02:04:02Z]   ✓ MLB closing captured: Philadelphia Phillies @ Los Angeles Dodgers (event af2ba278)
[2026-05-31T02:04:04Z]   Total events captured this run: 2
  Event odds fetched (event=92ca4d6e...). Requests remaining: 13851
[2026-05-31T02:04:02Z]   ✓ MLB closing captured: Arizona Diamondbacks @ Seattle Mariners (event 92ca4d6e)
  Event odds fetched (event=af2ba278...). Requests remaining: 13842
[2026-05-31T02:04:02Z]   ✓ MLB closing captured: Philadelphia Phillies @ Los Angeles Dodgers (event af2ba278)
[2026-05-31T02:04:04Z]   Total events captured this run: 2
[2026-05-31T16:10:01Z]   ✓ MLB closing captured: Toronto Blue Jays @ Baltimore Orioles (event 7ce8052d)
[2026-05-31T16:10:02Z]   Total events captured this run: 1
  Event odds fetched (event=7ce8052d...). Requests remaining: 13470
[2026-05-31T16:10:01Z]   ✓ MLB closing captured: Toronto Blue Jays @ Baltimore Orioles (event 7ce8052d)
[2026-05-31T16:10:02Z]   Total events captured this run: 1
[2026-05-31T16:53:25Z]   ✓ TENNIS closing captured: Andrey Rublev @ Jakub Mensik (event 5c909e80)
[2026-05-31T16:53:26Z]   Total events captured this run: 1
  Event odds fetched (event=5c909e80...). Requests remaining: 13461
[2026-05-31T16:53:25Z]   ✓ TENNIS closing captured: Andrey Rublev @ Jakub Mensik (event 5c909e80)
[2026-05-31T16:53:26Z]   Total events captured this run: 1
[2026-05-31T17:30:47Z]   ✓ MLB closing captured: Minnesota Twins @ Pittsburgh Pirates (event c9a00e16)
[2026-05-31T17:30:47Z]   ✓ MLB closing captured: San Diego Padres @ Washington Nationals (event a8456ab9)
[2026-05-31T17:30:48Z]   Total events captured this run: 2
  Event odds fetched (event=c9a00e16...). Requests remaining: 13452
[2026-05-31T17:30:47Z]   ✓ MLB closing captured: Minnesota Twins @ Pittsburgh Pirates (event c9a00e16)
  Event odds fetched (event=a8456ab9...). Requests remaining: 13443
[2026-05-31T17:30:47Z]   ✓ MLB closing captured: San Diego Padres @ Washington Nationals (event a8456ab9)
[2026-05-31T17:30:48Z]   Total events captured this run: 2
[2026-05-31T17:34:01Z]   ✓ MLB closing captured: Atlanta Braves @ Cincinnati Reds (event f37f3b31)
[2026-05-31T17:34:01Z]   ✓ MLB closing captured: Boston Red Sox @ Cleveland Guardians (event b3fe86e4)
[2026-05-31T17:34:02Z]   ✓ MLB closing captured: Los Angeles Angels @ Tampa Bay Rays (event d4be852b)
[2026-05-31T17:34:02Z]   ✓ MLB closing captured: Miami Marlins @ New York Mets (event 2777b234)
[2026-05-31T17:34:03Z]   Total events captured this run: 4
  Event odds fetched (event=f37f3b31...). Requests remaining: 13434
[2026-05-31T17:34:01Z]   ✓ MLB closing captured: Atlanta Braves @ Cincinnati Reds (event f37f3b31)
  Event odds fetched (event=b3fe86e4...). Requests remaining: 13425
[2026-05-31T17:34:01Z]   ✓ MLB closing captured: Boston Red Sox @ Cleveland Guardians (event b3fe86e4)
  Event odds fetched (event=d4be852b...). Requests remaining: 13416
[2026-05-31T17:34:02Z]   ✓ MLB closing captured: Los Angeles Angels @ Tampa Bay Rays (event d4be852b)
  Event odds fetched (event=2777b234...). Requests remaining: 13407
[2026-05-31T17:34:02Z]   ✓ MLB closing captured: Miami Marlins @ New York Mets (event 2777b234)
[2026-05-31T17:34:03Z]   Total events captured this run: 4
[2026-05-31T18:06:05Z]   ✓ MLB closing captured: Detroit Tigers @ Chicago White Sox (event 4672651b)
[2026-05-31T18:06:06Z]   ✓ MLB closing captured: Milwaukee Brewers @ Houston Astros (event 5c3f6ef1)
[2026-05-31T18:06:06Z]   Total events captured this run: 2
  Event odds fetched (event=4672651b...). Requests remaining: 13398
[2026-05-31T18:06:05Z]   ✓ MLB closing captured: Detroit Tigers @ Chicago White Sox (event 4672651b)
  Event odds fetched (event=5c3f6ef1...). Requests remaining: 13389
[2026-05-31T18:06:06Z]   ✓ MLB closing captured: Milwaukee Brewers @ Houston Astros (event 5c3f6ef1)
[2026-05-31T18:06:06Z]   Total events captured this run: 2
[2026-05-31T18:08:01Z]   ✓ TENNIS closing captured: Joao Fonseca @ Casper Ruud (event f45ac976)
[2026-05-31T18:08:02Z]   Total events captured this run: 1
  Event odds fetched (event=f45ac976...). Requests remaining: 13380
[2026-05-31T18:08:01Z]   ✓ TENNIS closing captured: Joao Fonseca @ Casper Ruud (event f45ac976)
[2026-05-31T18:08:02Z]   Total events captured this run: 1
[2026-05-31T18:30:02Z]   ✓ MLB closing captured: Kansas City Royals @ Texas Rangers (event 43d9adc1)
[2026-05-31T18:30:03Z]   Total events captured this run: 1
  Event odds fetched (event=43d9adc1...). Requests remaining: 13371
[2026-05-31T18:30:02Z]   ✓ MLB closing captured: Kansas City Royals @ Texas Rangers (event 43d9adc1)
[2026-05-31T18:30:03Z]   Total events captured this run: 1
[2026-05-31T23:14:02Z]   ✓ MLB closing captured: Chicago Cubs @ St. Louis Cardinals (event cda7a740)
[2026-05-31T23:14:02Z]   Total events captured this run: 1
  Event odds fetched (event=cda7a740...). Requests remaining: 13356
[2026-05-31T23:14:02Z]   ✓ MLB closing captured: Chicago Cubs @ St. Louis Cardinals (event cda7a740)
[2026-05-31T23:14:02Z]   Total events captured this run: 1
[2026-06-01T08:54:01Z]   ✓ TENNIS closing captured: Zachary Svajda @ Flavio Cobolli (event 4ecd789b)
[2026-06-01T08:54:02Z]   Total events captured this run: 1
  Event odds fetched (event=4ecd789b...). Requests remaining: 19881
[2026-06-01T08:54:01Z]   ✓ TENNIS closing captured: Zachary Svajda @ Flavio Cobolli (event 4ecd789b)
[2026-06-01T08:54:02Z]   Total events captured this run: 1
[2026-06-01T13:24:02Z]   ✓ TENNIS closing captured: Alejandro Tabilo @ Felix Auger-Aliassime (event 2a9ccdf9)
[2026-06-01T13:24:03Z]   Total events captured this run: 1
  Event odds fetched (event=2a9ccdf9...). Requests remaining: 19840
[2026-06-01T13:24:02Z]   ✓ TENNIS closing captured: Alejandro Tabilo @ Felix Auger-Aliassime (event 2a9ccdf9)
[2026-06-01T13:24:03Z]   Total events captured this run: 1
[2026-06-01T13:54:02Z]   ✓ TENNIS closing captured: Matteo Berrettini @ Juan Manuel Cerundolo (event 47cd9adc)
[2026-06-01T13:54:02Z]   Total events captured this run: 1
  Event odds fetched (event=47cd9adc...). Requests remaining: 19761
[2026-06-01T13:54:02Z]   ✓ TENNIS closing captured: Matteo Berrettini @ Juan Manuel Cerundolo (event 47cd9adc)
[2026-06-01T13:54:02Z]   Total events captured this run: 1
[2026-06-01T22:36:03Z]   ✓ MLB closing captured: Detroit Tigers @ Tampa Bay Rays (event 2787e023)
[2026-06-01T22:36:05Z]   Total events captured this run: 1
  Event odds fetched (event=2787e023...). Requests remaining: 19703
[2026-06-01T22:36:03Z]   ✓ MLB closing captured: Detroit Tigers @ Tampa Bay Rays (event 2787e023)
[2026-06-01T22:36:05Z]   Total events captured this run: 1
[2026-06-01T23:04:02Z]   ✓ MLB closing captured: Kansas City Royals @ Cincinnati Reds (event c49d57a0)
[2026-06-01T23:04:02Z]   Total events captured this run: 1
  Event odds fetched (event=c49d57a0...). Requests remaining: 19694
[2026-06-01T23:04:02Z]   ✓ MLB closing captured: Kansas City Royals @ Cincinnati Reds (event c49d57a0)
[2026-06-01T23:04:02Z]   Total events captured this run: 1
[2026-06-01T23:34:02Z]   ✓ MLB closing captured: Chicago White Sox @ Minnesota Twins (event b5208270)
[2026-06-01T23:34:02Z]   ✓ MLB closing captured: San Francisco Giants @ Milwaukee Brewers (event 05d72d7b)
[2026-06-01T23:34:03Z]   Total events captured this run: 2
  Event odds fetched (event=b5208270...). Requests remaining: 19685
[2026-06-01T23:34:02Z]   ✓ MLB closing captured: Chicago White Sox @ Minnesota Twins (event b5208270)
  Event odds fetched (event=05d72d7b...). Requests remaining: 19676
[2026-06-01T23:34:02Z]   ✓ MLB closing captured: San Francisco Giants @ Milwaukee Brewers (event 05d72d7b)
[2026-06-01T23:34:03Z]   Total events captured this run: 2
[2026-06-01T23:40:01Z]   ✓ MLB closing captured: Texas Rangers @ St. Louis Cardinals (event 6e4eb3c6)
[2026-06-01T23:40:02Z]   Total events captured this run: 1
  Event odds fetched (event=6e4eb3c6...). Requests remaining: 19667
[2026-06-01T23:40:01Z]   ✓ MLB closing captured: Texas Rangers @ St. Louis Cardinals (event 6e4eb3c6)
[2026-06-01T23:40:02Z]   Total events captured this run: 1
[2026-06-01T23:54:02Z]   ✓ WNBA closing captured: Seattle Storm @ Dallas Wings (event 59fc9f92)
[2026-06-01T23:54:02Z]   Total events captured this run: 1
  Event odds fetched (event=59fc9f92...). Requests remaining: 19658
[2026-06-01T23:54:02Z]   ✓ WNBA closing captured: Seattle Storm @ Dallas Wings (event 59fc9f92)
[2026-06-01T23:54:02Z]   Total events captured this run: 1
[2026-06-02T01:32:05Z]   ✓ MLB closing captured: Colorado Rockies @ Los Angeles Angels (event c81dc561)
[2026-06-02T01:32:05Z]   Total events captured this run: 1
  Event odds fetched (event=c81dc561...). Requests remaining: 19488
[2026-06-02T01:32:05Z]   ✓ MLB closing captured: Colorado Rockies @ Los Angeles Angels (event c81dc561)
[2026-06-02T01:32:05Z]   Total events captured this run: 1
[2026-06-02T01:34:01Z]   ✓ MLB closing captured: Los Angeles Dodgers @ Arizona Diamondbacks (event f2e11191)
[2026-06-02T01:34:01Z]   ✓ MLB closing captured: New York Mets @ Seattle Mariners (event daef1f1e)
[2026-06-02T01:34:02Z]   Total events captured this run: 2
  Event odds fetched (event=f2e11191...). Requests remaining: 19473
[2026-06-02T01:34:01Z]   ✓ MLB closing captured: Los Angeles Dodgers @ Arizona Diamondbacks (event f2e11191)
  Event odds fetched (event=daef1f1e...). Requests remaining: 19458
[2026-06-02T01:34:01Z]   ✓ MLB closing captured: New York Mets @ Seattle Mariners (event daef1f1e)
[2026-06-02T01:34:02Z]   Total events captured this run: 2
[2026-06-02T01:54:02Z]   ✓ WNBA closing captured: Minnesota Lynx @ Phoenix Mercury (event a379fb73)
[2026-06-02T01:54:02Z]   Total events captured this run: 1
  Event odds fetched (event=a379fb73...). Requests remaining: 19432
[2026-06-02T01:54:02Z]   ✓ WNBA closing captured: Minnesota Lynx @ Phoenix Mercury (event a379fb73)
[2026-06-02T01:54:02Z]   Total events captured this run: 1
[2026-06-02T12:54:02Z]   ✓ TENNIS closing captured: Alexander Zverev @ Rafael Jodar (event d5775a5e)
[2026-06-02T12:54:03Z]   Total events captured this run: 1
  Event odds fetched (event=d5775a5e...). Requests remaining: 19401
[2026-06-02T12:54:02Z]   ✓ TENNIS closing captured: Alexander Zverev @ Rafael Jodar (event d5775a5e)
[2026-06-02T12:54:03Z]   Total events captured this run: 1
[2026-06-02T18:08:01Z]   ✓ TENNIS closing captured: Joao Fonseca @ Jakub Mensik (event cc0adbef)
[2026-06-02T18:08:02Z]   Total events captured this run: 1
  Event odds fetched (event=cc0adbef...). Requests remaining: 19317
[2026-06-02T18:08:01Z]   ✓ TENNIS closing captured: Joao Fonseca @ Jakub Mensik (event cc0adbef)
[2026-06-02T18:08:02Z]   Total events captured this run: 1
[2026-06-02T22:41:34Z]   ✓ MLB closing captured: Baltimore Orioles @ Boston Red Sox (event 0aecf375)
[2026-06-02T22:41:34Z]   ✓ MLB closing captured: Miami Marlins @ Washington Nationals (event 7b042ea4)
[2026-06-02T22:41:35Z]   Total events captured this run: 2
  Event odds fetched (event=0aecf375...). Requests remaining: 19302
[2026-06-02T22:41:34Z]   ✓ MLB closing captured: Baltimore Orioles @ Boston Red Sox (event 0aecf375)
  Event odds fetched (event=7b042ea4...). Requests remaining: 19287
[2026-06-02T22:41:34Z]   ✓ MLB closing captured: Miami Marlins @ Washington Nationals (event 7b042ea4)
[2026-06-02T22:41:35Z]   Total events captured this run: 2
[2026-06-02T23:08:31Z]   ✓ MLB closing captured: Toronto Blue Jays @ Atlanta Braves (event d151ae8d)
[2026-06-02T23:08:33Z]   Total events captured this run: 1
  Event odds fetched (event=d151ae8d...). Requests remaining: 19272
[2026-06-02T23:08:31Z]   ✓ MLB closing captured: Toronto Blue Jays @ Atlanta Braves (event d151ae8d)
[2026-06-02T23:08:33Z]   Total events captured this run: 1
[2026-06-02T23:38:14Z]   ✓ MLB closing captured: Texas Rangers @ St. Louis Cardinals (event 748fa098)
[2026-06-02T23:38:15Z]   Total events captured this run: 1
  Event odds fetched (event=748fa098...). Requests remaining: 19257
[2026-06-02T23:38:14Z]   ✓ MLB closing captured: Texas Rangers @ St. Louis Cardinals (event 748fa098)
[2026-06-02T23:38:15Z]   Total events captured this run: 1
[2026-06-03T00:18:02Z]   ✓ NHL closing captured: Vegas Golden Knights @ Carolina Hurricanes (event 64f4fd5f)
[2026-06-03T00:18:02Z]   Total events captured this run: 1
  Event odds fetched (event=64f4fd5f...). Requests remaining: 19246
[2026-06-03T00:18:02Z]   ✓ NHL closing captured: Vegas Golden Knights @ Carolina Hurricanes (event 64f4fd5f)
[2026-06-03T00:18:02Z]   Total events captured this run: 1
[2026-06-03T12:54:01Z]   ✓ TENNIS closing captured: Flavio Cobolli @ Felix Auger-Aliassime (event 82e09c83)
[2026-06-03T12:54:02Z]   Total events captured this run: 1
  Event odds fetched (event=82e09c83...). Requests remaining: 19101
[2026-06-03T12:54:01Z]   ✓ TENNIS closing captured: Flavio Cobolli @ Felix Auger-Aliassime (event 82e09c83)
[2026-06-03T12:54:02Z]   Total events captured this run: 1
[2026-06-03T17:04:01Z]   ✓ MLB closing captured: Detroit Tigers @ Tampa Bay Rays (event d1a33cbd)
[2026-06-03T17:04:02Z]   Total events captured this run: 1
  Event odds fetched (event=d1a33cbd...). Requests remaining: 18995
[2026-06-03T17:04:01Z]   ✓ MLB closing captured: Detroit Tigers @ Tampa Bay Rays (event d1a33cbd)
[2026-06-03T17:04:02Z]   Total events captured this run: 1
[2026-06-03T17:36:57Z]   ✓ MLB closing captured: Chicago White Sox @ Minnesota Twins (event bee59a7d)
[2026-06-03T17:36:58Z]   Total events captured this run: 1
  Event odds fetched (event=bee59a7d...). Requests remaining: 18980
[2026-06-03T17:36:57Z]   ✓ MLB closing captured: Chicago White Sox @ Minnesota Twins (event bee59a7d)
[2026-06-03T17:36:58Z]   Total events captured this run: 1
[2026-06-03T19:34:02Z]   ✓ MLB closing captured: New York Mets @ Seattle Mariners (event 9e7ec8d7)
[2026-06-03T19:34:04Z]   Total events captured this run: 1
  Event odds fetched (event=9e7ec8d7...). Requests remaining: 18965
[2026-06-03T19:34:02Z]   ✓ MLB closing captured: New York Mets @ Seattle Mariners (event 9e7ec8d7)
[2026-06-03T19:34:04Z]   Total events captured this run: 1
[2026-06-03T22:34:02Z]   ✓ MLB closing captured: San Diego Padres @ Philadelphia Phillies (event 31eba8fe)
[2026-06-03T22:34:03Z]   Total events captured this run: 1
  Event odds fetched (event=31eba8fe...). Requests remaining: 18950
[2026-06-03T22:34:02Z]   ✓ MLB closing captured: San Diego Padres @ Philadelphia Phillies (event 31eba8fe)
[2026-06-03T22:34:03Z]   Total events captured this run: 1
[2026-06-03T23:36:01Z]   ✓ MLB closing captured: San Francisco Giants @ Milwaukee Brewers (event 2b93a316)
[2026-06-03T23:36:02Z]   Total events captured this run: 1
  Event odds fetched (event=2b93a316...). Requests remaining: 18935
[2026-06-03T23:36:01Z]   ✓ MLB closing captured: San Francisco Giants @ Milwaukee Brewers (event 2b93a316)
[2026-06-03T23:36:02Z]   Total events captured this run: 1
[2026-06-04T18:05:57Z]   ✓ MLB closing captured: San Francisco Giants @ Milwaukee Brewers (event 21eff9bb)
[2026-06-04T18:05:58Z]   Total events captured this run: 1
  Event odds fetched (event=21eff9bb...). Requests remaining: 18858
[2026-06-04T18:05:57Z]   ✓ MLB closing captured: San Francisco Giants @ Milwaukee Brewers (event 21eff9bb)
[2026-06-04T18:05:58Z]   Total events captured this run: 1
[2026-06-04T22:53:31Z]   ✓ WNBA closing captured: Atlanta Dream @ Indiana Fever (event a43e98e0)
[2026-06-04T22:53:32Z]   Total events captured this run: 1
  Event odds fetched (event=a43e98e0...). Requests remaining: 18789
[2026-06-04T22:53:31Z]   ✓ WNBA closing captured: Atlanta Dream @ Indiana Fever (event a43e98e0)
[2026-06-04T22:53:32Z]   Total events captured this run: 1
[2026-06-04T23:36:02Z]   ✓ MLB closing captured: Kansas City Royals @ Minnesota Twins (event 77284803)
[2026-06-04T23:36:02Z]   ✓ MLB closing captured: Kansas City Royals @ Minnesota Twins (event 77284803)
[2026-06-04T23:36:04Z]   Total events captured this run: 1
  Event odds fetched (event=77284803...). Requests remaining: 18774
[2026-06-04T23:36:02Z]   ✓ MLB closing captured: Kansas City Royals @ Minnesota Twins (event 77284803)
[2026-06-04T23:36:04Z]   Total events captured this run: 1
[2026-06-04T23:36:04Z]   Total events captured this run: 1
  Event odds fetched (event=77284803...). Requests remaining: 18759
[2026-06-04T23:36:02Z]   ✓ MLB closing captured: Kansas City Royals @ Minnesota Twins (event 77284803)
[2026-06-04T23:36:04Z]   Total events captured this run: 1
[2026-06-05T12:24:03Z]   ✓ TENNIS closing captured: Alexander Zverev @ Jakub Mensik (event a4c247a3)
[2026-06-05T12:24:04Z]   Total events captured this run: 1
  Event odds fetched (event=a4c247a3...). Requests remaining: 18653
[2026-06-05T12:24:03Z]   ✓ TENNIS closing captured: Alexander Zverev @ Jakub Mensik (event a4c247a3)
[2026-06-05T12:24:04Z]   Total events captured this run: 1
[2026-06-05T16:54:02Z]   ✓ TENNIS closing captured: Flavio Cobolli @ Matteo Arnaldi (event e8fd9e22)
[2026-06-05T16:54:03Z]   Total events captured this run: 1
  Event odds fetched (event=e8fd9e22...). Requests remaining: 18438
[2026-06-05T16:54:02Z]   ✓ TENNIS closing captured: Flavio Cobolli @ Matteo Arnaldi (event e8fd9e22)
[2026-06-05T16:54:03Z]   Total events captured this run: 1
[2026-06-05T18:44:25Z]   ✓ MLB closing captured: San Francisco Giants @ Chicago Cubs (event c4827502)
[2026-06-05T18:44:26Z]   Total events captured this run: 1
  Event odds fetched (event=c4827502...). Requests remaining: 18423
[2026-06-05T18:44:25Z]   ✓ MLB closing captured: San Francisco Giants @ Chicago Cubs (event c4827502)
[2026-06-05T18:44:26Z]   Total events captured this run: 1
[2026-06-05T23:00:02Z]   ✓ MLB closing captured: Boston Red Sox @ New York Yankees (event ff510166)
[2026-06-05T23:00:03Z]   Total events captured this run: 1
  Event odds fetched (event=ff510166...). Requests remaining: 18408
[2026-06-05T23:00:02Z]   ✓ MLB closing captured: Boston Red Sox @ New York Yankees (event ff510166)
[2026-06-05T23:00:03Z]   Total events captured this run: 1
[2026-06-05T23:02:01Z]   ✓ MLB closing captured: Baltimore Orioles @ Toronto Blue Jays (event 13b67b1c)
[2026-06-05T23:02:02Z]   Total events captured this run: 1
  Event odds fetched (event=13b67b1c...). Requests remaining: 18393
[2026-06-05T23:02:01Z]   ✓ MLB closing captured: Baltimore Orioles @ Toronto Blue Jays (event 13b67b1c)
[2026-06-05T23:02:02Z]   Total events captured this run: 1
[2026-06-05T23:04:01Z]   ✓ MLB closing captured: Tampa Bay Rays @ Miami Marlins (event 3017532b)
[2026-06-05T23:04:02Z]   Total events captured this run: 1
  Event odds fetched (event=3017532b...). Requests remaining: 18378
[2026-06-05T23:04:01Z]   ✓ MLB closing captured: Tampa Bay Rays @ Miami Marlins (event 3017532b)
[2026-06-05T23:04:02Z]   Total events captured this run: 1
[2026-06-05T23:10:01Z]   ✓ MLB closing captured: Pittsburgh Pirates @ Atlanta Braves (event 0337473e)
[2026-06-05T23:10:02Z]   Total events captured this run: 1
  Event odds fetched (event=0337473e...). Requests remaining: 18363
[2026-06-05T23:10:01Z]   ✓ MLB closing captured: Pittsburgh Pirates @ Atlanta Braves (event 0337473e)
[2026-06-05T23:10:02Z]   Total events captured this run: 1
[2026-06-05T23:24:02Z]   ✓ WNBA closing captured: Connecticut Sun @ Chicago Sky (event f080ecf3)
[2026-06-05T23:24:03Z]   Total events captured this run: 1
  Event odds fetched (event=f080ecf3...). Requests remaining: 18354
[2026-06-05T23:24:02Z]   ✓ WNBA closing captured: Connecticut Sun @ Chicago Sky (event f080ecf3)
[2026-06-05T23:24:03Z]   Total events captured this run: 1
[2026-06-06T00:12:03Z]   ✓ MLB closing captured: Cincinnati Reds @ St. Louis Cardinals (event 1d544da1)
[2026-06-06T00:12:03Z]   ✓ MLB closing captured: Cleveland Guardians @ Texas Rangers (event a7d87438)
[2026-06-06T00:12:04Z]   ✓ MLB closing captured: Kansas City Royals @ Minnesota Twins (event be13ae41)
[2026-06-06T00:12:04Z]   Total events captured this run: 3
  Event odds fetched (event=1d544da1...). Requests remaining: 18339
[2026-06-06T00:12:03Z]   ✓ MLB closing captured: Cincinnati Reds @ St. Louis Cardinals (event 1d544da1)
  Event odds fetched (event=a7d87438...). Requests remaining: 18324
[2026-06-06T00:12:03Z]   ✓ MLB closing captured: Cleveland Guardians @ Texas Rangers (event a7d87438)
  Event odds fetched (event=be13ae41...). Requests remaining: 18309
[2026-06-06T00:12:04Z]   ✓ MLB closing captured: Kansas City Royals @ Minnesota Twins (event be13ae41)
[2026-06-06T00:12:04Z]   Total events captured this run: 3
[2026-06-06T16:54:02Z]   ✓ WNBA closing captured: Seattle Storm @ Minnesota Lynx (event 95b032dd)
[2026-06-06T16:54:02Z]   Total events captured this run: 1
  Event odds fetched (event=95b032dd...). Requests remaining: 18084
[2026-06-06T16:54:02Z]   ✓ WNBA closing captured: Seattle Storm @ Minnesota Lynx (event 95b032dd)
[2026-06-06T16:54:02Z]   Total events captured this run: 1
[2026-06-06T17:04:03Z]   ✓ MLB closing captured: Seattle Mariners @ Detroit Tigers (event 5d56d7bc)
[2026-06-06T17:04:04Z]   Total events captured this run: 1
  Event odds fetched (event=5d56d7bc...). Requests remaining: 18069
[2026-06-06T17:04:03Z]   ✓ MLB closing captured: Seattle Mariners @ Detroit Tigers (event 5d56d7bc)
[2026-06-06T17:04:04Z]   Total events captured this run: 1
[2026-06-06T18:04:01Z]   ✓ MLB closing captured: Kansas City Royals @ Minnesota Twins (event ed237b95)
[2026-06-06T18:04:02Z]   Total events captured this run: 1
  Event odds fetched (event=ed237b95...). Requests remaining: 18054
[2026-06-06T18:04:01Z]   ✓ MLB closing captured: Kansas City Royals @ Minnesota Twins (event ed237b95)
[2026-06-06T18:04:02Z]   Total events captured this run: 1
[2026-06-06T18:10:01Z]   ✓ MLB closing captured: Cincinnati Reds @ St. Louis Cardinals (event c516931b)
[2026-06-06T18:10:02Z]   Total events captured this run: 1
  Event odds fetched (event=c516931b...). Requests remaining: 18039
[2026-06-06T18:10:01Z]   ✓ MLB closing captured: Cincinnati Reds @ St. Louis Cardinals (event c516931b)
[2026-06-06T18:10:02Z]   Total events captured this run: 1
[2026-06-06T18:14:02Z]   ✓ MLB closing captured: San Francisco Giants @ Chicago Cubs (event bad30008)
[2026-06-06T18:14:02Z]   Total events captured this run: 1
  Event odds fetched (event=bad30008...). Requests remaining: 18024
[2026-06-06T18:14:02Z]   ✓ MLB closing captured: San Francisco Giants @ Chicago Cubs (event bad30008)
[2026-06-06T18:14:02Z]   Total events captured this run: 1
[2026-06-06T18:54:08Z]   ✓ WNBA closing captured: Golden State Valkyries @ Las Vegas Aces (event 671f742d)
[2026-06-06T18:54:08Z]   Total events captured this run: 1
  Event odds fetched (event=671f742d...). Requests remaining: 18015
[2026-06-06T18:54:08Z]   ✓ WNBA closing captured: Golden State Valkyries @ Las Vegas Aces (event 671f742d)
[2026-06-06T18:54:08Z]   Total events captured this run: 1
[2026-06-06T19:02:02Z]   ✓ MLB closing captured: Baltimore Orioles @ Toronto Blue Jays (event 04cfcf1a)
[2026-06-06T19:02:03Z]   Total events captured this run: 1
  Event odds fetched (event=04cfcf1a...). Requests remaining: 18000
[2026-06-06T19:02:02Z]   ✓ MLB closing captured: Baltimore Orioles @ Toronto Blue Jays (event 04cfcf1a)
[2026-06-06T19:02:03Z]   Total events captured this run: 1
[2026-06-06T20:00:03Z]   ✓ MLB closing captured: Chicago White Sox @ Philadelphia Phillies (event 3cc24e5c)
[2026-06-06T20:00:04Z]   Total events captured this run: 1
  Event odds fetched (event=3cc24e5c...). Requests remaining: 17985
[2026-06-06T20:00:03Z]   ✓ MLB closing captured: Chicago White Sox @ Philadelphia Phillies (event 3cc24e5c)
[2026-06-06T20:00:04Z]   Total events captured this run: 1
[2026-06-06T20:04:02Z]   ✓ MLB closing captured: Washington Nationals @ Arizona Diamondbacks (event 12e9673a)
[2026-06-06T20:04:02Z]   ✓ MLB closing captured: Athletics @ Houston Astros (event 783be51e)
[2026-06-06T20:04:02Z]   ✓ MLB closing captured: Pittsburgh Pirates @ Atlanta Braves (event aaa4e34c)
[2026-06-06T20:04:02Z]   ✓ MLB closing captured: Tampa Bay Rays @ Miami Marlins (event 69038edf)
[2026-06-06T20:04:03Z]   Total events captured this run: 4
  Event odds fetched (event=12e9673a...). Requests remaining: 17970
[2026-06-06T20:04:02Z]   ✓ MLB closing captured: Washington Nationals @ Arizona Diamondbacks (event 12e9673a)
  Event odds fetched (event=783be51e...). Requests remaining: 17955
[2026-06-06T20:04:02Z]   ✓ MLB closing captured: Athletics @ Houston Astros (event 783be51e)
  Event odds fetched (event=aaa4e34c...). Requests remaining: 17940
[2026-06-06T20:04:02Z]   ✓ MLB closing captured: Pittsburgh Pirates @ Atlanta Braves (event aaa4e34c)
  Event odds fetched (event=69038edf...). Requests remaining: 17925
[2026-06-06T20:04:02Z]   ✓ MLB closing captured: Tampa Bay Rays @ Miami Marlins (event 69038edf)
[2026-06-06T20:04:03Z]   Total events captured this run: 4
[2026-06-06T21:54:02Z]   ✓ WNBA closing captured: Washington Mystics @ Atlanta Dream (event 2b03307a)
[2026-06-06T21:54:03Z]   Total events captured this run: 1
  Event odds fetched (event=2b03307a...). Requests remaining: 17916
[2026-06-06T21:54:02Z]   ✓ WNBA closing captured: Washington Mystics @ Atlanta Dream (event 2b03307a)
[2026-06-06T21:54:03Z]   Total events captured this run: 1
[2026-06-06T23:30:08Z]   ✓ MLB closing captured: Cleveland Guardians @ Texas Rangers (event b03fe28a)
[2026-06-06T23:30:08Z]   Total events captured this run: 1
  Event odds fetched (event=b03fe28a...). Requests remaining: 17901
[2026-06-06T23:30:08Z]   ✓ MLB closing captured: Cleveland Guardians @ Texas Rangers (event b03fe28a)
[2026-06-06T23:30:08Z]   Total events captured this run: 1
[2026-06-06T23:54:01Z]   ✓ WNBA closing captured: Indiana Fever @ New York Liberty (event 560ea803)
[2026-06-06T23:54:02Z]   Total events captured this run: 1
  Event odds fetched (event=560ea803...). Requests remaining: 17892
[2026-06-06T23:54:01Z]   ✓ WNBA closing captured: Indiana Fever @ New York Liberty (event 560ea803)
[2026-06-06T23:54:02Z]   Total events captured this run: 1
[2026-06-07T00:00:07Z]   ✓ MLB closing captured: Boston Red Sox @ New York Yankees (event 5b241f4b)
[2026-06-07T00:00:08Z]   Total events captured this run: 1
  Event odds fetched (event=5b241f4b...). Requests remaining: 17875
[2026-06-07T00:00:07Z]   ✓ MLB closing captured: Boston Red Sox @ New York Yankees (event 5b241f4b)
[2026-06-07T00:00:08Z]   Total events captured this run: 1
[2026-06-07T00:04:02Z]   ✓ NHL closing captured: Carolina Hurricanes @ Vegas Golden Knights (event 33c14afc)
[2026-06-07T00:04:02Z]   Total events captured this run: 1
  Event odds fetched (event=33c14afc...). Requests remaining: 17866
[2026-06-07T00:04:02Z]   ✓ NHL closing captured: Carolina Hurricanes @ Vegas Golden Knights (event 33c14afc)
[2026-06-07T00:04:02Z]   Total events captured this run: 1
[2026-06-07T01:04:01Z]   ✓ MLB closing captured: Milwaukee Brewers @ Colorado Rockies (event 86ccb607)
[2026-06-07T01:04:01Z]   Total events captured this run: 1
  Event odds fetched (event=86ccb607...). Requests remaining: 17838
[2026-06-07T01:04:01Z]   ✓ MLB closing captured: Milwaukee Brewers @ Colorado Rockies (event 86ccb607)
[2026-06-07T01:04:01Z]   Total events captured this run: 1
[2026-06-07T02:04:01Z]   ✓ MLB closing captured: Los Angeles Angels @ Los Angeles Dodgers (event f931ee76)
[2026-06-07T02:04:01Z]   ✓ MLB closing captured: New York Mets @ San Diego Padres (event 7603b440)
[2026-06-07T02:04:02Z]   Total events captured this run: 2
  Event odds fetched (event=f931ee76...). Requests remaining: 17730
[2026-06-07T02:04:01Z]   ✓ MLB closing captured: Los Angeles Angels @ Los Angeles Dodgers (event f931ee76)
  Event odds fetched (event=7603b440...). Requests remaining: 17715
[2026-06-07T02:04:01Z]   ✓ MLB closing captured: New York Mets @ San Diego Padres (event 7603b440)
[2026-06-07T02:04:02Z]   Total events captured this run: 2
[2026-06-07T13:04:01Z]   ✓ TENNIS closing captured: Alexander Zverev @ Flavio Cobolli (event 4b95e6de)
[2026-06-07T13:04:02Z]   Total events captured this run: 1
  Event odds fetched (event=4b95e6de...). Requests remaining: 17626
[2026-06-07T13:04:01Z]   ✓ TENNIS closing captured: Alexander Zverev @ Flavio Cobolli (event 4b95e6de)
[2026-06-07T13:04:02Z]   Total events captured this run: 1
[2026-06-07T17:24:01Z]   ✓ MLB closing captured: Pittsburgh Pirates @ Atlanta Braves (event 2fa5ef49)
[2026-06-07T17:24:02Z]   ✓ MLB closing captured: Boston Red Sox @ New York Yankees (event d8f8c8a1)
[2026-06-07T17:24:02Z]   ✓ MLB closing captured: Chicago White Sox @ Philadelphia Phillies (event 0bdd39d1)
[2026-06-07T17:24:03Z]   Total events captured this run: 3
  Event odds fetched (event=2fa5ef49...). Requests remaining: 17492
[2026-06-07T17:24:01Z]   ✓ MLB closing captured: Pittsburgh Pirates @ Atlanta Braves (event 2fa5ef49)
  Event odds fetched (event=d8f8c8a1...). Requests remaining: 17477
[2026-06-07T17:24:02Z]   ✓ MLB closing captured: Boston Red Sox @ New York Yankees (event d8f8c8a1)
  Event odds fetched (event=0bdd39d1...). Requests remaining: 17462
[2026-06-07T17:24:02Z]   ✓ MLB closing captured: Chicago White Sox @ Philadelphia Phillies (event 0bdd39d1)
[2026-06-07T17:24:03Z]   Total events captured this run: 3
[2026-06-07T17:26:02Z]   ✓ MLB closing captured: Baltimore Orioles @ Toronto Blue Jays (event 3d2680b1)
[2026-06-07T17:26:02Z]   Total events captured this run: 1
  Event odds fetched (event=3d2680b1...). Requests remaining: 17447
[2026-06-07T17:26:02Z]   ✓ MLB closing captured: Baltimore Orioles @ Toronto Blue Jays (event 3d2680b1)
[2026-06-07T17:26:02Z]   Total events captured this run: 1
[2026-06-07T17:30:01Z]   ✓ MLB closing captured: Seattle Mariners @ Detroit Tigers (event 73820824)
[2026-06-07T17:30:01Z]   ✓ MLB closing captured: Tampa Bay Rays @ Miami Marlins (event e451f91d)
[2026-06-07T17:30:02Z]   Total events captured this run: 2
  Event odds fetched (event=73820824...). Requests remaining: 17432
[2026-06-07T17:30:01Z]   ✓ MLB closing captured: Seattle Mariners @ Detroit Tigers (event 73820824)
  Event odds fetched (event=e451f91d...). Requests remaining: 17417
[2026-06-07T17:30:01Z]   ✓ MLB closing captured: Tampa Bay Rays @ Miami Marlins (event e451f91d)
[2026-06-07T17:30:02Z]   Total events captured this run: 2
[2026-06-07T18:00:01Z]   ✓ MLB closing captured: Athletics @ Houston Astros (event 9934c1a2)
[2026-06-07T18:00:02Z]   ✓ MLB closing captured: Kansas City Royals @ Minnesota Twins (event ccb34739)
[2026-06-07T18:00:02Z]   Total events captured this run: 2
  Event odds fetched (event=9934c1a2...). Requests remaining: 17402
[2026-06-07T18:00:01Z]   ✓ MLB closing captured: Athletics @ Houston Astros (event 9934c1a2)
  Event odds fetched (event=ccb34739...). Requests remaining: 17387
[2026-06-07T18:00:02Z]   ✓ MLB closing captured: Kansas City Royals @ Minnesota Twins (event ccb34739)
[2026-06-07T18:00:02Z]   Total events captured this run: 2
[2026-06-07T18:04:02Z]   ✓ MLB closing captured: Cincinnati Reds @ St. Louis Cardinals (event ebca3c98)
[2026-06-07T18:04:02Z]   Total events captured this run: 1
  Event odds fetched (event=ebca3c98...). Requests remaining: 17372
[2026-06-07T18:04:02Z]   ✓ MLB closing captured: Cincinnati Reds @ St. Louis Cardinals (event ebca3c98)
[2026-06-07T18:04:02Z]   Total events captured this run: 1
[2026-06-07T18:24:02Z]   ✓ MLB closing captured: Cleveland Guardians @ Texas Rangers (event 8f9a46bf)
[2026-06-07T18:24:02Z]   Total events captured this run: 1
  Event odds fetched (event=8f9a46bf...). Requests remaining: 17357
[2026-06-07T18:24:02Z]   ✓ MLB closing captured: Cleveland Guardians @ Texas Rangers (event 8f9a46bf)
[2026-06-07T18:24:02Z]   Total events captured this run: 1
[2026-06-07T18:48:01Z]   ✓ WNBA closing captured: Chicago Sky @ Toronto Tempo (event 4baa3085)
[2026-06-07T18:48:02Z]   Total events captured this run: 1
  Event odds fetched (event=4baa3085...). Requests remaining: 17348
[2026-06-07T18:48:01Z]   ✓ WNBA closing captured: Chicago Sky @ Toronto Tempo (event 4baa3085)
[2026-06-07T18:48:02Z]   Total events captured this run: 1
[2026-06-07T19:00:01Z]   ✓ MLB closing captured: Milwaukee Brewers @ Colorado Rockies (event 83ffce78)
[2026-06-07T19:00:02Z]   Total events captured this run: 1
  Event odds fetched (event=83ffce78...). Requests remaining: 17321
[2026-06-07T19:00:01Z]   ✓ MLB closing captured: Milwaukee Brewers @ Colorado Rockies (event 83ffce78)
[2026-06-07T19:00:02Z]   Total events captured this run: 1
[2026-06-07T19:04:02Z]   ✓ MLB closing captured: Washington Nationals @ Arizona Diamondbacks (event 4f38f470)
[2026-06-07T19:04:02Z]   Total events captured this run: 1
  Event odds fetched (event=4f38f470...). Requests remaining: 17306
[2026-06-07T19:04:02Z]   ✓ MLB closing captured: Washington Nationals @ Arizona Diamondbacks (event 4f38f470)
[2026-06-07T19:04:02Z]   Total events captured this run: 1
[2026-06-07T20:00:01Z]   ✓ MLB closing captured: Los Angeles Angels @ Los Angeles Dodgers (event 9ee9abd5)
[2026-06-07T20:00:02Z]   ✓ MLB closing captured: New York Mets @ San Diego Padres (event d35c4e7b)
[2026-06-07T20:00:02Z]   Total events captured this run: 2
  Event odds fetched (event=9ee9abd5...). Requests remaining: 17228
[2026-06-07T20:00:01Z]   ✓ MLB closing captured: Los Angeles Angels @ Los Angeles Dodgers (event 9ee9abd5)
  Event odds fetched (event=d35c4e7b...). Requests remaining: 17213
[2026-06-07T20:00:02Z]   ✓ MLB closing captured: New York Mets @ San Diego Padres (event d35c4e7b)
[2026-06-07T20:00:02Z]   Total events captured this run: 2
[2026-06-07T22:48:01Z]   ✓ WNBA closing captured: Portland Fire @ Los Angeles Sparks (event e22becf3)
[2026-06-07T22:48:02Z]   Total events captured this run: 1
  Event odds fetched (event=e22becf3...). Requests remaining: 17174
[2026-06-07T22:48:01Z]   ✓ WNBA closing captured: Portland Fire @ Los Angeles Sparks (event e22becf3)
[2026-06-07T22:48:02Z]   Total events captured this run: 1
[2026-06-08T00:20:01Z]   ✓ MLB closing captured: San Francisco Giants @ Chicago Cubs (event 9e3c4b48)
[2026-06-08T00:20:02Z]   Total events captured this run: 1
  Event odds fetched (event=9e3c4b48...). Requests remaining: 17155
[2026-06-08T00:20:01Z]   ✓ MLB closing captured: San Francisco Giants @ Chicago Cubs (event 9e3c4b48)
[2026-06-08T00:20:02Z]   Total events captured this run: 1
[2026-06-08T22:24:02Z]   ✓ MLB closing captured: Seattle Mariners @ Baltimore Orioles (event b0255c63)
[2026-06-08T22:24:03Z]   Total events captured this run: 1
  Event odds fetched (event=b0255c63...). Requests remaining: 16942
[2026-06-08T22:24:02Z]   ✓ MLB closing captured: Seattle Mariners @ Baltimore Orioles (event b0255c63)
[2026-06-08T22:24:03Z]   Total events captured this run: 1
[2026-06-08T22:30:01Z]   ✓ MLB closing captured: Boston Red Sox @ Tampa Bay Rays (event 87558be0)
[2026-06-08T22:30:01Z]   ✓ MLB closing captured: New York Yankees @ Cleveland Guardians (event aacad21e)
[2026-06-08T22:30:02Z]   Total events captured this run: 2
  Event odds fetched (event=87558be0...). Requests remaining: 16927
[2026-06-08T22:30:01Z]   ✓ MLB closing captured: Boston Red Sox @ Tampa Bay Rays (event 87558be0)
  Event odds fetched (event=aacad21e...). Requests remaining: 16912
[2026-06-08T22:30:01Z]   ✓ MLB closing captured: New York Yankees @ Cleveland Guardians (event aacad21e)
[2026-06-08T22:30:02Z]   Total events captured this run: 2
[2026-06-08T22:48:01Z]   ✓ WNBA closing captured: New York Liberty @ Connecticut Sun (event 18efb9af)
[2026-06-08T22:48:02Z]   ✓ WNBA closing captured: Indiana Fever @ Washington Mystics (event 2016f4c5)
[2026-06-08T22:48:02Z]   Total events captured this run: 2
  Event odds fetched (event=18efb9af...). Requests remaining: 16903
[2026-06-08T22:48:01Z]   ✓ WNBA closing captured: New York Liberty @ Connecticut Sun (event 18efb9af)
  Event odds fetched (event=2016f4c5...). Requests remaining: 16894
[2026-06-08T22:48:02Z]   ✓ WNBA closing captured: Indiana Fever @ Washington Mystics (event 2016f4c5)
[2026-06-08T22:48:02Z]   Total events captured this run: 2
[2026-06-08T22:56:01Z]   ✓ MLB closing captured: Philadelphia Phillies @ Toronto Blue Jays (event fe4a6df0)
[2026-06-08T22:56:02Z]   Total events captured this run: 1
  Event odds fetched (event=fe4a6df0...). Requests remaining: 16879
[2026-06-08T22:56:01Z]   ✓ MLB closing captured: Philadelphia Phillies @ Toronto Blue Jays (event fe4a6df0)
[2026-06-08T22:56:02Z]   Total events captured this run: 1
[2026-06-09T00:28:02Z]   ✓ NBA closing captured: San Antonio Spurs @ New York Knicks (event 0707c5b2)
[2026-06-09T00:28:02Z]   Total events captured this run: 1
  Event odds fetched (event=0707c5b2...). Requests remaining: 16860
[2026-06-09T00:28:02Z]   ✓ NBA closing captured: San Antonio Spurs @ New York Knicks (event 0707c5b2)
[2026-06-09T00:28:02Z]   Total events captured this run: 1
[2026-06-09T01:28:02Z]   ✓ MLB closing captured: Houston Astros @ Los Angeles Angels (event 2db8cf8a)
[2026-06-09T01:28:03Z]   Total events captured this run: 1
  Event odds fetched (event=2db8cf8a...). Requests remaining: 16837
[2026-06-09T01:28:02Z]   ✓ MLB closing captured: Houston Astros @ Los Angeles Angels (event 2db8cf8a)
[2026-06-09T01:28:03Z]   Total events captured this run: 1
[2026-06-09T01:30:02Z]   ✓ MLB closing captured: Cincinnati Reds @ San Diego Padres (event 5c40929f)
[2026-06-09T01:30:03Z]   Total events captured this run: 1
  Event odds fetched (event=5c40929f...). Requests remaining: 16820
[2026-06-09T01:30:02Z]   ✓ MLB closing captured: Cincinnati Reds @ San Diego Padres (event 5c40929f)
[2026-06-09T01:30:03Z]   Total events captured this run: 1
[2026-06-09T01:34:02Z]   ✓ MLB closing captured: Washington Nationals @ San Francisco Giants (event 572962f6)
[2026-06-09T01:34:03Z]   Total events captured this run: 1
  Event odds fetched (event=572962f6...). Requests remaining: 16728
[2026-06-09T01:34:02Z]   ✓ MLB closing captured: Washington Nationals @ San Francisco Giants (event 572962f6)
[2026-06-09T01:34:03Z]   Total events captured this run: 1
[2026-06-09T01:54:02Z]   ✓ MLB closing captured: Milwaukee Brewers @ Athletics (event 1c106a59)
[2026-06-09T01:54:02Z]   Total events captured this run: 1
  Event odds fetched (event=1c106a59...). Requests remaining: 16696
[2026-06-09T01:54:02Z]   ✓ MLB closing captured: Milwaukee Brewers @ Athletics (event 1c106a59)
[2026-06-09T01:54:02Z]   Total events captured this run: 1
[2026-06-09T01:58:01Z]   ✓ WNBA closing captured: Seattle Storm @ Las Vegas Aces (event fd3c6a5d)
[2026-06-09T01:58:02Z]   Total events captured this run: 1
  Event odds fetched (event=fd3c6a5d...). Requests remaining: 16687
[2026-06-09T01:58:01Z]   ✓ WNBA closing captured: Seattle Storm @ Las Vegas Aces (event fd3c6a5d)
[2026-06-09T01:58:02Z]   Total events captured this run: 1
[2026-06-09T22:24:02Z]   ✓ MLB closing captured: Seattle Mariners @ Baltimore Orioles (event 1ca04df3)
[2026-06-09T22:24:03Z]   Total events captured this run: 1
  Event odds fetched (event=1ca04df3...). Requests remaining: 16509
[2026-06-09T22:24:02Z]   ✓ MLB closing captured: Seattle Mariners @ Baltimore Orioles (event 1ca04df3)
[2026-06-09T22:24:03Z]   Total events captured this run: 1
[2026-06-09T22:30:01Z]   ✓ MLB closing captured: Arizona Diamondbacks @ Miami Marlins (event c4d4cce6)
[2026-06-09T22:30:02Z]   ✓ MLB closing captured: Boston Red Sox @ Tampa Bay Rays (event b227664a)
[2026-06-09T22:30:02Z]   ✓ MLB closing captured: New York Yankees @ Cleveland Guardians (event 6f233a34)
[2026-06-09T22:30:02Z]   ✓ MLB closing captured: Minnesota Twins @ Detroit Tigers (event f0315662)
[2026-06-09T22:30:03Z]   ✓ MLB closing captured: Los Angeles Dodgers @ Pittsburgh Pirates (event 5122e633)
[2026-06-09T22:30:03Z]   Total events captured this run: 5
  Event odds fetched (event=c4d4cce6...). Requests remaining: 16494
[2026-06-09T22:30:01Z]   ✓ MLB closing captured: Arizona Diamondbacks @ Miami Marlins (event c4d4cce6)
  Event odds fetched (event=b227664a...). Requests remaining: 16479
[2026-06-09T22:30:02Z]   ✓ MLB closing captured: Boston Red Sox @ Tampa Bay Rays (event b227664a)
  Event odds fetched (event=6f233a34...). Requests remaining: 16464
[2026-06-09T22:30:02Z]   ✓ MLB closing captured: New York Yankees @ Cleveland Guardians (event 6f233a34)
  Event odds fetched (event=f0315662...). Requests remaining: 16449
[2026-06-09T22:30:02Z]   ✓ MLB closing captured: Minnesota Twins @ Detroit Tigers (event f0315662)
  Event odds fetched (event=5122e633...). Requests remaining: 16434
[2026-06-09T22:30:03Z]   ✓ MLB closing captured: Los Angeles Dodgers @ Pittsburgh Pirates (event 5122e633)
[2026-06-09T22:30:03Z]   Total events captured this run: 5
[2026-06-09T22:56:02Z]   ✓ MLB closing captured: Philadelphia Phillies @ Toronto Blue Jays (event 65036e67)
[2026-06-09T22:56:03Z]   Total events captured this run: 1
  Event odds fetched (event=65036e67...). Requests remaining: 16419
[2026-06-09T22:56:02Z]   ✓ MLB closing captured: Philadelphia Phillies @ Toronto Blue Jays (event 65036e67)
[2026-06-09T22:56:03Z]   Total events captured this run: 1
[2026-06-09T22:58:02Z]   ✓ WNBA closing captured: Atlanta Dream @ Chicago Sky (event 38cdaa8a)
[2026-06-09T22:58:03Z]   Total events captured this run: 1
  Event odds fetched (event=38cdaa8a...). Requests remaining: 16410
[2026-06-09T22:58:02Z]   ✓ WNBA closing captured: Atlanta Dream @ Chicago Sky (event 38cdaa8a)
[2026-06-09T22:58:03Z]   Total events captured this run: 1
[2026-06-09T23:00:02Z]   ✓ MLB closing captured: St. Louis Cardinals @ New York Mets (event d4b1fc2e)
[2026-06-09T23:00:03Z]   Total events captured this run: 1
  Event odds fetched (event=d4b1fc2e...). Requests remaining: 16395
[2026-06-09T23:00:02Z]   ✓ MLB closing captured: St. Louis Cardinals @ New York Mets (event d4b1fc2e)
[2026-06-09T23:00:03Z]   Total events captured this run: 1
[2026-06-09T23:30:01Z]   ✓ MLB closing captured: Atlanta Braves @ Chicago White Sox (event e35247af)
[2026-06-09T23:30:01Z]   ✓ MLB closing captured: Texas Rangers @ Kansas City Royals (event 27f5837f)
[2026-06-09T23:30:02Z]   Total events captured this run: 2
  Event odds fetched (event=e35247af...). Requests remaining: 16380
[2026-06-09T23:30:01Z]   ✓ MLB closing captured: Atlanta Braves @ Chicago White Sox (event e35247af)
  Event odds fetched (event=27f5837f...). Requests remaining: 16365
[2026-06-09T23:30:01Z]   ✓ MLB closing captured: Texas Rangers @ Kansas City Royals (event 27f5837f)
[2026-06-09T23:30:02Z]   Total events captured this run: 2
[2026-06-09T23:58:02Z]   ✓ WNBA closing captured: Dallas Wings @ Minnesota Lynx (event 3e72100a)
[2026-06-09T23:58:02Z]   Total events captured this run: 1
  Event odds fetched (event=3e72100a...). Requests remaining: 16356
[2026-06-09T23:58:02Z]   ✓ WNBA closing captured: Dallas Wings @ Minnesota Lynx (event 3e72100a)
[2026-06-09T23:58:02Z]   Total events captured this run: 1
[2026-06-10T00:00:02Z]   ✓ WNBA closing captured: Dallas Wings @ Minnesota Lynx (event 3e72100a)
[2026-06-10T00:00:03Z]   Total events captured this run: 1
  Event odds fetched (event=3e72100a...). Requests remaining: 16345
[2026-06-10T00:00:02Z]   ✓ WNBA closing captured: Dallas Wings @ Minnesota Lynx (event 3e72100a)
[2026-06-10T00:00:03Z]   Total events captured this run: 1
[2026-06-10T00:08:02Z]   ✓ NHL closing captured: Carolina Hurricanes @ Vegas Golden Knights (event b400caea)
[2026-06-10T00:08:02Z]   Total events captured this run: 1
  Event odds fetched (event=b400caea...). Requests remaining: 16336
[2026-06-10T00:08:02Z]   ✓ NHL closing captured: Carolina Hurricanes @ Vegas Golden Knights (event b400caea)
[2026-06-10T00:08:02Z]   Total events captured this run: 1
[2026-06-10T00:20:01Z]   ✓ MLB closing captured: Minnesota Twins @ Detroit Tigers (event f0315662)
[2026-06-10T00:20:02Z]   Total events captured this run: 1
  Event odds fetched (event=f0315662...). Requests remaining: 16319
[2026-06-10T00:20:01Z]   ✓ MLB closing captured: Minnesota Twins @ Detroit Tigers (event f0315662)
[2026-06-10T00:20:02Z]   Total events captured this run: 1
[2026-06-10T00:30:02Z]   ✓ MLB closing captured: Chicago Cubs @ Colorado Rockies (event 3b917225)
[2026-06-10T00:30:02Z]   Total events captured this run: 1
  Event odds fetched (event=3b917225...). Requests remaining: 16302
[2026-06-10T00:30:02Z]   ✓ MLB closing captured: Chicago Cubs @ Colorado Rockies (event 3b917225)
[2026-06-10T00:30:02Z]   Total events captured this run: 1
[2026-06-10T01:28:01Z]   ✓ MLB closing captured: Houston Astros @ Los Angeles Angels (event 2d3e8521)
[2026-06-10T01:28:02Z]   Total events captured this run: 1
  Event odds fetched (event=2d3e8521...). Requests remaining: 16281
[2026-06-10T01:28:01Z]   ✓ MLB closing captured: Houston Astros @ Los Angeles Angels (event 2d3e8521)
[2026-06-10T01:28:02Z]   Total events captured this run: 1
[2026-06-10T01:30:02Z]   ✓ MLB closing captured: Cincinnati Reds @ San Diego Padres (event e2d19912)
[2026-06-10T01:30:02Z]   Total events captured this run: 1
  Event odds fetched (event=e2d19912...). Requests remaining: 16264
[2026-06-10T01:30:02Z]   ✓ MLB closing captured: Cincinnati Reds @ San Diego Padres (event e2d19912)
[2026-06-10T01:30:02Z]   Total events captured this run: 1
[2026-06-10T01:34:02Z]   ✓ MLB closing captured: Washington Nationals @ San Francisco Giants (event f2761470)
[2026-06-10T01:34:02Z]   Total events captured this run: 1
  Event odds fetched (event=f2761470...). Requests remaining: 16186
[2026-06-10T01:34:02Z]   ✓ MLB closing captured: Washington Nationals @ San Francisco Giants (event f2761470)
[2026-06-10T01:34:02Z]   Total events captured this run: 1
[2026-06-10T01:54:02Z]   ✓ MLB closing captured: Milwaukee Brewers @ Athletics (event 53115c40)
[2026-06-10T01:54:03Z]   Total events captured this run: 1
  Event odds fetched (event=53115c40...). Requests remaining: 16140
[2026-06-10T01:54:02Z]   ✓ MLB closing captured: Milwaukee Brewers @ Athletics (event 53115c40)
[2026-06-10T01:54:03Z]   Total events captured this run: 1
[2026-06-10T01:58:02Z]   ✓ WNBA closing captured: Phoenix Mercury @ Golden State Valkyries (event c1e4fcfe)
[2026-06-10T01:58:02Z]   Total events captured this run: 1
  Event odds fetched (event=c1e4fcfe...). Requests remaining: 16131
[2026-06-10T01:58:02Z]   ✓ WNBA closing captured: Phoenix Mercury @ Golden State Valkyries (event c1e4fcfe)
[2026-06-10T01:58:02Z]   Total events captured this run: 1
[2026-06-10T17:00:02Z]   ✓ MLB closing captured: Boston Red Sox @ Tampa Bay Rays (event 891e6945)
[2026-06-10T17:00:02Z]   ✓ MLB closing captured: New York Yankees @ Cleveland Guardians (event 4c66d2e1)
[2026-06-10T17:00:02Z]   Total events captured this run: 2
  Event odds fetched (event=891e6945...). Requests remaining: 15860
[2026-06-10T17:00:02Z]   ✓ MLB closing captured: Boston Red Sox @ Tampa Bay Rays (event 891e6945)
  Event odds fetched (event=4c66d2e1...). Requests remaining: 15845
[2026-06-10T17:00:02Z]   ✓ MLB closing captured: New York Yankees @ Cleveland Guardians (event 4c66d2e1)
[2026-06-10T17:00:02Z]   Total events captured this run: 2
[2026-06-10T19:34:01Z]   ✓ MLB closing captured: Washington Nationals @ San Francisco Giants (event c36bdb82)
[2026-06-10T19:34:02Z]   Total events captured this run: 1
  Event odds fetched (event=c36bdb82...). Requests remaining: 15830
[2026-06-10T19:34:01Z]   ✓ MLB closing captured: Washington Nationals @ San Francisco Giants (event c36bdb82)
[2026-06-10T19:34:02Z]   Total events captured this run: 1
[2026-06-10T20:00:02Z]   ✓ MLB closing captured: Cincinnati Reds @ San Diego Padres (event 05b5c7ce)
[2026-06-10T20:00:02Z]   Total events captured this run: 1
  Event odds fetched (event=05b5c7ce...). Requests remaining: 15815
[2026-06-10T20:00:02Z]   ✓ MLB closing captured: Cincinnati Reds @ San Diego Padres (event 05b5c7ce)
[2026-06-10T20:00:02Z]   Total events captured this run: 1
[2026-06-10T22:24:02Z]   ✓ MLB closing captured: Seattle Mariners @ Baltimore Orioles (event c679aca8)
[2026-06-10T22:24:03Z]   Total events captured this run: 1
  Event odds fetched (event=c679aca8...). Requests remaining: 15800
[2026-06-10T22:24:02Z]   ✓ MLB closing captured: Seattle Mariners @ Baltimore Orioles (event c679aca8)
[2026-06-10T22:24:03Z]   Total events captured this run: 1
[2026-06-10T22:30:01Z]   ✓ MLB closing captured: Arizona Diamondbacks @ Miami Marlins (event 5b5ca068)
[2026-06-10T22:30:01Z]   ✓ MLB closing captured: Minnesota Twins @ Detroit Tigers (event 928d3676)
[2026-06-10T22:30:02Z]   ✓ MLB closing captured: Los Angeles Dodgers @ Pittsburgh Pirates (event 375d3100)
[2026-06-10T22:30:02Z]   Total events captured this run: 3
  Event odds fetched (event=5b5ca068...). Requests remaining: 15785
[2026-06-10T22:30:01Z]   ✓ MLB closing captured: Arizona Diamondbacks @ Miami Marlins (event 5b5ca068)
  Event odds fetched (event=928d3676...). Requests remaining: 15770
[2026-06-10T22:30:01Z]   ✓ MLB closing captured: Minnesota Twins @ Detroit Tigers (event 928d3676)
  Event odds fetched (event=375d3100...). Requests remaining: 15755
[2026-06-10T22:30:02Z]   ✓ MLB closing captured: Los Angeles Dodgers @ Pittsburgh Pirates (event 375d3100)
[2026-06-10T22:30:02Z]   Total events captured this run: 3
[2026-06-10T22:48:02Z]   ✓ WNBA closing captured: Connecticut Sun @ Toronto Tempo (event 2909e12b)
[2026-06-10T22:48:02Z]   Total events captured this run: 1
  Event odds fetched (event=2909e12b...). Requests remaining: 15746
[2026-06-10T22:48:02Z]   ✓ WNBA closing captured: Connecticut Sun @ Toronto Tempo (event 2909e12b)
[2026-06-10T22:48:02Z]   Total events captured this run: 1
[2026-06-10T22:56:02Z]   ✓ MLB closing captured: Philadelphia Phillies @ Toronto Blue Jays (event 060e5540)
[2026-06-10T22:56:02Z]   Total events captured this run: 1
  Event odds fetched (event=060e5540...). Requests remaining: 15731
[2026-06-10T22:56:02Z]   ✓ MLB closing captured: Philadelphia Phillies @ Toronto Blue Jays (event 060e5540)
[2026-06-10T22:56:02Z]   Total events captured this run: 1
[2026-06-10T23:00:02Z]   ✓ MLB closing captured: St. Louis Cardinals @ New York Mets (event e1a00a30)
[2026-06-10T23:00:03Z]   Total events captured this run: 1
  Event odds fetched (event=e1a00a30...). Requests remaining: 15716
[2026-06-10T23:00:02Z]   ✓ MLB closing captured: St. Louis Cardinals @ New York Mets (event e1a00a30)
[2026-06-10T23:00:03Z]   Total events captured this run: 1
[2026-06-10T23:30:02Z]   ✓ MLB closing captured: Atlanta Braves @ Chicago White Sox (event 07281b73)
[2026-06-10T23:30:02Z]   ✓ MLB closing captured: Texas Rangers @ Kansas City Royals (event c00c2698)
[2026-06-10T23:30:03Z]   Total events captured this run: 2
  Event odds fetched (event=07281b73...). Requests remaining: 15701
[2026-06-10T23:30:02Z]   ✓ MLB closing captured: Atlanta Braves @ Chicago White Sox (event 07281b73)
  Event odds fetched (event=c00c2698...). Requests remaining: 15686
[2026-06-10T23:30:02Z]   ✓ MLB closing captured: Texas Rangers @ Kansas City Royals (event c00c2698)
[2026-06-10T23:30:03Z]   Total events captured this run: 2
[2026-06-11T00:28:02Z]   ✓ NBA closing captured: San Antonio Spurs @ New York Knicks (event 9ea306eb)
[2026-06-11T00:28:02Z]   Total events captured this run: 1
  Event odds fetched (event=9ea306eb...). Requests remaining: 15673
[2026-06-11T00:28:02Z]   ✓ NBA closing captured: San Antonio Spurs @ New York Knicks (event 9ea306eb)
[2026-06-11T00:28:02Z]   Total events captured this run: 1
[2026-06-11T00:30:02Z]   ✓ MLB closing captured: Chicago Cubs @ Colorado Rockies (event cd7e74e9)
[2026-06-11T00:30:02Z]   Total events captured this run: 1
  Event odds fetched (event=cd7e74e9...). Requests remaining: 15656
[2026-06-11T00:30:02Z]   ✓ MLB closing captured: Chicago Cubs @ Colorado Rockies (event cd7e74e9)
[2026-06-11T00:30:02Z]   Total events captured this run: 1
[2026-06-11T00:54:01Z]   ✓ MLB closing captured: Milwaukee Brewers @ Athletics (event 715a197e)
[2026-06-11T00:54:02Z]   Total events captured this run: 1
  Event odds fetched (event=715a197e...). Requests remaining: 15639
[2026-06-11T00:54:01Z]   ✓ MLB closing captured: Milwaukee Brewers @ Athletics (event 715a197e)
[2026-06-11T00:54:02Z]   Total events captured this run: 1
[2026-06-11T01:28:02Z]   ✓ MLB closing captured: Houston Astros @ Los Angeles Angels (event 325a216e)
[2026-06-11T01:28:03Z]   Total events captured this run: 1
  Event odds fetched (event=325a216e...). Requests remaining: 15620
[2026-06-11T01:28:02Z]   ✓ MLB closing captured: Houston Astros @ Los Angeles Angels (event 325a216e)
[2026-06-11T01:28:03Z]   Total events captured this run: 1
[2026-06-11T01:48:01Z]   ✓ WNBA closing captured: Los Angeles Sparks @ Seattle Storm (event 69f011b6)
[2026-06-11T01:48:02Z]   Total events captured this run: 1
  Event odds fetched (event=69f011b6...). Requests remaining: 15560
[2026-06-11T01:48:01Z]   ✓ WNBA closing captured: Los Angeles Sparks @ Seattle Storm (event 69f011b6)
[2026-06-11T01:48:02Z]   Total events captured this run: 1
[2026-06-11T17:00:01Z]   ✓ MLB closing captured: Arizona Diamondbacks @ Miami Marlins (event 6a361e2e)
[2026-06-11T17:00:02Z]   ✓ MLB closing captured: Minnesota Twins @ Detroit Tigers (event 103e4247)
[2026-06-11T17:00:02Z]   ✓ MLB closing captured: St. Louis Cardinals @ New York Mets (event b954a694)
[2026-06-11T17:00:03Z]   Total events captured this run: 3
  Event odds fetched (event=6a361e2e...). Requests remaining: 15326
[2026-06-11T17:00:01Z]   ✓ MLB closing captured: Arizona Diamondbacks @ Miami Marlins (event 6a361e2e)
  Event odds fetched (event=103e4247...). Requests remaining: 15311
[2026-06-11T17:00:02Z]   ✓ MLB closing captured: Minnesota Twins @ Detroit Tigers (event 103e4247)
  Event odds fetched (event=b954a694...). Requests remaining: 15296
[2026-06-11T17:00:02Z]   ✓ MLB closing captured: St. Louis Cardinals @ New York Mets (event b954a694)
[2026-06-11T17:00:03Z]   Total events captured this run: 3
[2026-06-11T18:00:02Z]   ✓ MLB closing captured: Texas Rangers @ Kansas City Royals (event 7a928936)
[2026-06-11T18:00:03Z]   Total events captured this run: 1
  Event odds fetched (event=7a928936...). Requests remaining: 15281
[2026-06-11T18:00:02Z]   ✓ MLB closing captured: Texas Rangers @ Kansas City Royals (event 7a928936)
[2026-06-11T18:00:03Z]   Total events captured this run: 1
[2026-06-11T18:48:01Z]   ✓ SOCCER closing captured: South Africa @ Mexico (event 80d82d11)
[2026-06-11T18:48:02Z]   Total events captured this run: 1
  Event odds fetched (event=80d82d11...). Requests remaining: 15272
[2026-06-11T18:48:01Z]   ✓ SOCCER closing captured: South Africa @ Mexico (event 80d82d11)
[2026-06-11T18:48:02Z]   Total events captured this run: 1
[2026-06-11T19:00:02Z]   ✓ MLB closing captured: Chicago Cubs @ Colorado Rockies (event 14f78bdc)
[2026-06-11T19:00:03Z]   Total events captured this run: 1
  Event odds fetched (event=14f78bdc...). Requests remaining: 15257
[2026-06-11T19:00:02Z]   ✓ MLB closing captured: Chicago Cubs @ Colorado Rockies (event 14f78bdc)
[2026-06-11T19:00:03Z]   Total events captured this run: 1
[2026-06-11T22:30:01Z]   ✓ MLB closing captured: Los Angeles Dodgers @ Pittsburgh Pirates (event 26337efc)
[2026-06-11T22:30:02Z]   Total events captured this run: 1
  Event odds fetched (event=26337efc...). Requests remaining: 15242
[2026-06-11T22:30:01Z]   ✓ MLB closing captured: Los Angeles Dodgers @ Pittsburgh Pirates (event 26337efc)
[2026-06-11T22:30:02Z]   Total events captured this run: 1
[2026-06-11T22:48:02Z]   ✓ WNBA closing captured: Chicago Sky @ Indiana Fever (event aa2e0973)
[2026-06-11T22:48:03Z]   Total events captured this run: 1
  Event odds fetched (event=aa2e0973...). Requests remaining: 15233
[2026-06-11T22:48:02Z]   ✓ WNBA closing captured: Chicago Sky @ Indiana Fever (event aa2e0973)
[2026-06-11T22:48:03Z]   Total events captured this run: 1
[2026-06-11T22:54:01Z]   ✓ MLB closing captured: Seattle Mariners @ Baltimore Orioles (event 03b661c7)
[2026-06-11T22:54:02Z]   Total events captured this run: 1
  Event odds fetched (event=03b661c7...). Requests remaining: 15218
[2026-06-11T22:54:01Z]   ✓ MLB closing captured: Seattle Mariners @ Baltimore Orioles (event 03b661c7)
[2026-06-11T22:54:02Z]   Total events captured this run: 1
[2026-06-12T02:04:03Z]   ✓ WNBA closing captured: Las Vegas Aces @ Portland Fire (event b4000f48)
[2026-06-12T02:04:04Z]   Total events captured this run: 1
  Event odds fetched (event=b4000f48...). Requests remaining: 15205
[2026-06-12T02:04:03Z]   ✓ WNBA closing captured: Las Vegas Aces @ Portland Fire (event b4000f48)
[2026-06-12T02:04:04Z]   Total events captured this run: 1
[2026-06-12T18:48:01Z]   ✓ SOCCER closing captured: Bosnia & Herzegovina @ Canada (event d1f4f946)
[2026-06-12T18:48:02Z]   Total events captured this run: 1
  Event odds fetched (event=d1f4f946...). Requests remaining: 14989
[2026-06-12T18:48:01Z]   ✓ SOCCER closing captured: Bosnia & Herzegovina @ Canada (event d1f4f946)
[2026-06-12T18:48:02Z]   Total events captured this run: 1
[2026-06-13T18:00:02Z]   ✓ MLB closing captured: St. Louis Cardinals @ Minnesota Twins (event 247fa6e5)
[2026-06-13T18:00:03Z]   Total events captured this run: 1
  Event odds fetched (event=247fa6e5...). Requests remaining: 14720
[2026-06-13T18:00:02Z]   ✓ MLB closing captured: St. Louis Cardinals @ Minnesota Twins (event 247fa6e5)
[2026-06-13T18:00:03Z]   Total events captured this run: 1
[2026-06-13T18:48:02Z]   ✓ SOCCER closing captured: Switzerland @ Qatar (event 26634922)
[2026-06-13T18:48:02Z]   Total events captured this run: 1
  Event odds fetched (event=26634922...). Requests remaining: 14705
[2026-06-13T18:48:02Z]   ✓ SOCCER closing captured: Switzerland @ Qatar (event 26634922)
[2026-06-13T18:48:02Z]   Total events captured this run: 1
[2026-06-13T18:56:01Z]   ✓ MLB closing captured: New York Yankees @ Toronto Blue Jays (event a6e9a8c8)
[2026-06-13T18:56:02Z]   Total events captured this run: 1
  Event odds fetched (event=a6e9a8c8...). Requests remaining: 14687
[2026-06-13T18:56:01Z]   ✓ MLB closing captured: New York Yankees @ Toronto Blue Jays (event a6e9a8c8)
[2026-06-13T18:56:02Z]   Total events captured this run: 1
[2026-06-13T19:54:02Z]   ✓ MLB closing captured: Seattle Mariners @ Washington Nationals (event 4abb993b)
[2026-06-13T19:54:02Z]   ✓ MLB closing captured: San Diego Padres @ Baltimore Orioles (event fadfb2b2)
[2026-06-13T19:54:02Z]   ✓ MLB closing captured: Miami Marlins @ Pittsburgh Pirates (event 53d3be31)
[2026-06-13T19:54:03Z]   Total events captured this run: 3
  Event odds fetched (event=4abb993b...). Requests remaining: 14669
[2026-06-13T19:54:02Z]   ✓ MLB closing captured: Seattle Mariners @ Washington Nationals (event 4abb993b)
  Event odds fetched (event=fadfb2b2...). Requests remaining: 14651
[2026-06-13T19:54:02Z]   ✓ MLB closing captured: San Diego Padres @ Baltimore Orioles (event fadfb2b2)
  Event odds fetched (event=53d3be31...). Requests remaining: 14633
[2026-06-13T19:54:02Z]   ✓ MLB closing captured: Miami Marlins @ Pittsburgh Pirates (event 53d3be31)
[2026-06-13T19:54:03Z]   Total events captured this run: 3
[2026-06-13T19:58:01Z]   ✓ MLB closing captured: Atlanta Braves @ New York Mets (event c74f3242)
[2026-06-13T19:58:01Z]   ✓ MLB closing captured: Los Angeles Dodgers @ Chicago White Sox (event 13a2225a)
[2026-06-13T19:58:02Z]   Total events captured this run: 2
  Event odds fetched (event=c74f3242...). Requests remaining: 14615
[2026-06-13T19:58:01Z]   ✓ MLB closing captured: Atlanta Braves @ New York Mets (event c74f3242)
  Event odds fetched (event=13a2225a...). Requests remaining: 14597
[2026-06-13T19:58:01Z]   ✓ MLB closing captured: Los Angeles Dodgers @ Chicago White Sox (event 13a2225a)
[2026-06-13T19:58:02Z]   Total events captured this run: 2
[2026-06-13T20:00:02Z]   ✓ MLB closing captured: Arizona Diamondbacks @ Cincinnati Reds (event b4cc6ccb)
[2026-06-13T20:00:02Z]   ✓ MLB closing captured: Texas Rangers @ Boston Red Sox (event 283a2198)
[2026-06-13T20:00:08Z]   ✓ MLB closing captured: Detroit Tigers @ Cleveland Guardians (event b577f758)
[2026-06-13T20:00:08Z]   Total events captured this run: 3
  Event odds fetched (event=b4cc6ccb...). Requests remaining: 14579
[2026-06-13T20:00:02Z]   ✓ MLB closing captured: Arizona Diamondbacks @ Cincinnati Reds (event b4cc6ccb)
  Event odds fetched (event=283a2198...). Requests remaining: 14561
[2026-06-13T20:00:02Z]   ✓ MLB closing captured: Texas Rangers @ Boston Red Sox (event 283a2198)
  Event odds fetched (event=b577f758...). Requests remaining: 14543
[2026-06-13T20:00:08Z]   ✓ MLB closing captured: Detroit Tigers @ Cleveland Guardians (event b577f758)
[2026-06-13T20:00:08Z]   Total events captured this run: 3
[2026-06-13T21:48:01Z]   ✓ WNBA closing captured: Indiana Fever @ Connecticut Sun (event 5bd596e4)
[2026-06-13T21:48:01Z]   ✓ SOCCER closing captured: Morocco @ Brazil (event f6c8748a)
[2026-06-13T21:48:02Z]   Total events captured this run: 2
  Event odds fetched (event=5bd596e4...). Requests remaining: 14525
[2026-06-13T21:48:01Z]   ✓ WNBA closing captured: Indiana Fever @ Connecticut Sun (event 5bd596e4)
  Event odds fetched (event=f6c8748a...). Requests remaining: 14510
[2026-06-13T21:48:01Z]   ✓ SOCCER closing captured: Morocco @ Brazil (event f6c8748a)
[2026-06-13T21:48:02Z]   Total events captured this run: 2
[2026-06-13T23:00:01Z]   ✓ MLB closing captured: Houston Astros @ Kansas City Royals (event 585fa0b6)
[2026-06-13T23:00:01Z]   ✓ MLB closing captured: Philadelphia Phillies @ Milwaukee Brewers (event 7519b768)
[2026-06-13T23:00:02Z]   Total events captured this run: 2
  Event odds fetched (event=585fa0b6...). Requests remaining: 14492
[2026-06-13T23:00:01Z]   ✓ MLB closing captured: Houston Astros @ Kansas City Royals (event 585fa0b6)
  Event odds fetched (event=7519b768...). Requests remaining: 14474
[2026-06-13T23:00:01Z]   ✓ MLB closing captured: Philadelphia Phillies @ Milwaukee Brewers (event 7519b768)
[2026-06-13T23:00:02Z]   Total events captured this run: 2
[2026-06-13T23:48:01Z]   ✓ WNBA closing captured: Minnesota Lynx @ Las Vegas Aces (event f4ec19e9)
[2026-06-13T23:48:02Z]   Total events captured this run: 1
  Event odds fetched (event=f4ec19e9...). Requests remaining: 14456
[2026-06-13T23:48:01Z]   ✓ WNBA closing captured: Minnesota Lynx @ Las Vegas Aces (event f4ec19e9)
[2026-06-13T23:48:02Z]   Total events captured this run: 1
[2026-06-14T00:00:02Z]   ✓ WNBA closing captured: Minnesota Lynx @ Las Vegas Aces (event f4ec19e9)
[2026-06-14T00:00:03Z]   Total events captured this run: 1
  Event odds fetched (event=f4ec19e9...). Requests remaining: 14436
[2026-06-14T00:00:02Z]   ✓ WNBA closing captured: Minnesota Lynx @ Las Vegas Aces (event f4ec19e9)
[2026-06-14T00:00:03Z]   Total events captured this run: 1
[2026-06-14T00:18:02Z]   ✓ WNBA closing captured: Dallas Wings @ Portland Fire (event 096d1159)
[2026-06-14T00:18:02Z]   Total events captured this run: 1
  Event odds fetched (event=096d1159...). Requests remaining: 14416
[2026-06-14T00:18:02Z]   ✓ WNBA closing captured: Dallas Wings @ Portland Fire (event 096d1159)
[2026-06-14T00:18:02Z]   Total events captured this run: 1
[2026-06-14T00:28:01Z]   ✓ NBA closing captured: New York Knicks @ San Antonio Spurs (event 6cc5c3b9)
[2026-06-14T00:28:02Z]   Total events captured this run: 1
  Event odds fetched (event=6cc5c3b9...). Requests remaining: 14395
[2026-06-14T00:28:01Z]   ✓ NBA closing captured: New York Knicks @ San Antonio Spurs (event 6cc5c3b9)
[2026-06-14T00:28:02Z]   Total events captured this run: 1
[2026-06-14T00:48:01Z]   ✓ SOCCER closing captured: Scotland @ Haiti (event 5ae41a06)
[2026-06-14T00:48:02Z]   Total events captured this run: 1
  Event odds fetched (event=5ae41a06...). Requests remaining: 14376
[2026-06-14T00:48:01Z]   ✓ SOCCER closing captured: Scotland @ Haiti (event 5ae41a06)
[2026-06-14T00:48:02Z]   Total events captured this run: 1
[2026-06-14T01:48:01Z]   ✓ WNBA closing captured: Los Angeles Sparks @ Phoenix Mercury (event 2460c3f9)
[2026-06-14T01:48:02Z]   Total events captured this run: 1
  Event odds fetched (event=2460c3f9...). Requests remaining: 14259
[2026-06-14T01:48:01Z]   ✓ WNBA closing captured: Los Angeles Sparks @ Phoenix Mercury (event 2460c3f9)
[2026-06-14T01:48:02Z]   Total events captured this run: 1
[2026-06-14T01:54:01Z]   ✓ MLB closing captured: Colorado Rockies @ Athletics (event 197b2f8a)
[2026-06-14T01:54:01Z]   ✓ MLB closing captured: Chicago Cubs @ San Francisco Giants (event d259bb71)
[2026-06-14T01:54:02Z]   Total events captured this run: 2
  Event odds fetched (event=197b2f8a...). Requests remaining: 14241
[2026-06-14T01:54:01Z]   ✓ MLB closing captured: Colorado Rockies @ Athletics (event 197b2f8a)
  Event odds fetched (event=d259bb71...). Requests remaining: 14223
[2026-06-14T01:54:01Z]   ✓ MLB closing captured: Chicago Cubs @ San Francisco Giants (event d259bb71)
[2026-06-14T01:54:02Z]   Total events captured this run: 2
[2026-06-14T01:56:01Z]   ✓ MLB closing captured: Tampa Bay Rays @ Los Angeles Angels (event 020b5bff)
[2026-06-14T01:56:01Z]   Total events captured this run: 1
  Event odds fetched (event=020b5bff...). Requests remaining: 14205
[2026-06-14T01:56:01Z]   ✓ MLB closing captured: Tampa Bay Rays @ Los Angeles Angels (event 020b5bff)
[2026-06-14T01:56:01Z]   Total events captured this run: 1
[2026-06-14T03:48:01Z]   ✓ SOCCER closing captured: Turkey @ Australia (event 564084f5)
[2026-06-14T03:48:01Z]   Total events captured this run: 1
  Event odds fetched (event=564084f5...). Requests remaining: 14174
[2026-06-14T03:48:01Z]   ✓ SOCCER closing captured: Turkey @ Australia (event 564084f5)
[2026-06-14T03:48:01Z]   Total events captured this run: 1
[2026-06-14T17:42:57Z]   ✓ MLB closing captured: Arizona Diamondbacks @ Cincinnati Reds (event 0ff8c623)
[2026-06-14T17:42:58Z]   ✓ MLB closing captured: Atlanta Braves @ New York Mets (event 994ada40)
[2026-06-14T17:42:59Z]   Total events captured this run: 2
  Event odds fetched (event=0ff8c623...). Requests remaining: 13922
[2026-06-14T17:42:57Z]   ✓ MLB closing captured: Arizona Diamondbacks @ Cincinnati Reds (event 0ff8c623)
  Event odds fetched (event=994ada40...). Requests remaining: 13904
[2026-06-14T17:42:58Z]   ✓ MLB closing captured: Atlanta Braves @ New York Mets (event 994ada40)
[2026-06-14T17:42:59Z]   Total events captured this run: 2
[2026-06-15T01:48:07Z]   ✓ SOCCER closing captured: Tunisia @ Sweden (event b55f9569)
[2026-06-15T01:48:08Z]   Total events captured this run: 1
  Event odds fetched (event=b55f9569...). Requests remaining: 13881
[2026-06-15T01:48:07Z]   ✓ SOCCER closing captured: Tunisia @ Sweden (event b55f9569)
[2026-06-15T01:48:08Z]   Total events captured this run: 1
[2026-06-15T18:48:41Z]   ✓ SOCCER closing captured: Egypt @ Belgium (event fbfb95c6)
[2026-06-15T18:48:43Z]   Total events captured this run: 1
  Event odds fetched (event=fbfb95c6...). Requests remaining: 13780
[2026-06-15T18:48:41Z]   ✓ SOCCER closing captured: Egypt @ Belgium (event fbfb95c6)
[2026-06-15T18:48:43Z]   Total events captured this run: 1
[2026-06-15T22:39:57Z]   ✓ MLB closing captured: Miami Marlins @ Philadelphia Phillies (event 87cc10ad)
[2026-06-15T22:39:57Z]   ✓ MLB closing captured: Kansas City Royals @ Washington Nationals (event fa294eb7)
[2026-06-15T22:57:28Z]   Total events captured this run: 2
  Event odds fetched (event=87cc10ad...). Requests remaining: 13754
[2026-06-15T22:39:57Z]   ✓ MLB closing captured: Miami Marlins @ Philadelphia Phillies (event 87cc10ad)
  Event odds fetched (event=fa294eb7...). Requests remaining: 13736
[2026-06-15T22:39:57Z]   ✓ MLB closing captured: Kansas City Royals @ Washington Nationals (event fa294eb7)
[2026-06-15T22:57:28Z]   Total events captured this run: 2
[2026-06-15T23:04:06Z]   ✓ MLB closing captured: New York Mets @ Cincinnati Reds (event 6b47a66c)
[2026-06-15T23:04:07Z]   Total events captured this run: 1
  Event odds fetched (event=6b47a66c...). Requests remaining: 13718
[2026-06-15T23:04:06Z]   ✓ MLB closing captured: New York Mets @ Cincinnati Reds (event 6b47a66c)
[2026-06-15T23:04:07Z]   Total events captured this run: 1
[2026-06-16T00:59:42Z]   ✓ SOCCER closing captured: New Zealand @ Iran (event ec51b9c4)
[2026-06-16T00:59:44Z]   Total events captured this run: 1
  Event odds fetched (event=ec51b9c4...). Requests remaining: 13703
[2026-06-16T00:59:42Z]   ✓ SOCCER closing captured: New Zealand @ Iran (event ec51b9c4)
[2026-06-16T00:59:44Z]   Total events captured this run: 1
[2026-06-16T01:30:01Z]   ✓ MLB closing captured: Los Angeles Angels @ Arizona Diamondbacks (event 38a1ef50)
[2026-06-16T01:30:02Z]   ✓ MLB closing captured: Pittsburgh Pirates @ Athletics (event 8e54fa4e)
[2026-06-16T01:30:02Z]   Total events captured this run: 2
  Event odds fetched (event=38a1ef50...). Requests remaining: 13671
[2026-06-16T01:30:01Z]   ✓ MLB closing captured: Los Angeles Angels @ Arizona Diamondbacks (event 38a1ef50)
  Event odds fetched (event=8e54fa4e...). Requests remaining: 13653
[2026-06-16T01:30:02Z]   ✓ MLB closing captured: Pittsburgh Pirates @ Athletics (event 8e54fa4e)
[2026-06-16T01:30:02Z]   Total events captured this run: 2
[2026-06-16T01:58:01Z]   ✓ WNBA closing captured: Los Angeles Sparks @ Golden State Valkyries (event ef890098)
[2026-06-16T01:58:02Z]   Total events captured this run: 1
  Event odds fetched (event=ef890098...). Requests remaining: 13553
[2026-06-16T01:58:01Z]   ✓ WNBA closing captured: Los Angeles Sparks @ Golden State Valkyries (event ef890098)
[2026-06-16T01:58:02Z]   Total events captured this run: 1
[2026-06-16T02:00:02Z]   ✓ MLB closing captured: Tampa Bay Rays @ Los Angeles Dodgers (event da125dfa)
[2026-06-16T02:00:05Z]   Total events captured this run: 1
  Event odds fetched (event=da125dfa...). Requests remaining: 13533
[2026-06-16T02:00:02Z]   ✓ MLB closing captured: Tampa Bay Rays @ Los Angeles Dodgers (event da125dfa)
[2026-06-16T02:00:05Z]   Total events captured this run: 1
[2026-06-18T18:07:16Z]   WARN props fetch failed mlb 872e319f5c105d18457014bc855cdc85: [Errno 36] File name too long: 'data/cache/odds/baseball_mlb_event_872e319f5c105d18457014bc855cdc85_totals_1st_5_innings_totals_1st_1_innings_pitcher_strikeouts_pitcher_hits_allowed_pitcher_walks_pitcher_earned_runs_pitcher_outs_batter_hits_batter_total_bases_batter_home_runs_batter_rbis_batter_runs_scored_batter_walks_batter_strikeouts_batter_stolen_bases_batter_singles_batter_doubles.json'
[2026-06-18T18:07:16Z]   ✓ MLB closing captured: Cleveland Guardians @ Milwaukee Brewers (event 872e319f)
[2026-06-18T18:07:18Z]   Total events captured this run: 1
[2026-06-18T22:57:46Z]   WARN props fetch failed mlb adfa73cc70f5a62d6d0bb903eaa0f24b: [Errno 36] File name too long: 'data/cache/odds/baseball_mlb_event_adfa73cc70f5a62d6d0bb903eaa0f24b_totals_1st_5_innings_totals_1st_1_innings_pitcher_strikeouts_pitcher_hits_allowed_pitcher_walks_pitcher_earned_runs_pitcher_outs_batter_hits_batter_total_bases_batter_home_runs_batter_rbis_batter_runs_scored_batter_walks_batter_strikeouts_batter_stolen_bases_batter_singles_batter_doubles.json'
[2026-06-18T22:57:46Z]   ✓ MLB closing captured: Chicago White Sox @ New York Yankees (event adfa73cc)
[2026-06-18T22:57:47Z]   Total events captured this run: 1
[2026-06-19T01:48:23Z]   WARN props fetch failed mlb 4d7345756b0575f6a757888c78a290f2: [Errno 36] File name too long: 'data/cache/odds/baseball_mlb_event_4d7345756b0575f6a757888c78a290f2_totals_1st_5_innings_totals_1st_1_innings_pitcher_strikeouts_pitcher_hits_allowed_pitcher_walks_pitcher_earned_runs_pitcher_outs_batter_hits_batter_total_bases_batter_home_runs_batter_rbis_batter_runs_scored_batter_walks_batter_strikeouts_batter_stolen_bases_batter_singles_batter_doubles.json'
[2026-06-19T01:48:23Z]   ✓ MLB closing captured: Los Angeles Angels @ Athletics (event 4d734575)
[2026-06-19T01:48:24Z]   Total events captured this run: 1
[2026-06-19T22:07:56Z]   ✓ SOCCER closing captured: Morocco @ Scotland (event 4cd769aa)
[2026-06-19T22:07:57Z]   Total events captured this run: 1
[2026-06-19T23:32:35Z]   ✓ WNBA closing captured: Toronto Tempo @ Connecticut Sun (event 0e760be2)
[2026-06-19T23:32:36Z]   ✓ WNBA closing captured: Washington Mystics @ New York Liberty (event b63311d5)
[2026-06-19T23:32:37Z]   Total events captured this run: 2
[2026-06-20T01:50:56Z]   WARN props fetch failed mlb a8bc26eb19d767d6433749f35c2224ee: [Errno 36] File name too long: 'data/cache/odds/baseball_mlb_event_a8bc26eb19d767d6433749f35c2224ee_totals_1st_5_innings_totals_1st_1_innings_pitcher_strikeouts_pitcher_hits_allowed_pitcher_walks_pitcher_earned_runs_pitcher_outs_batter_hits_batter_total_bases_batter_home_runs_batter_rbis_batter_runs_scored_batter_walks_batter_strikeouts_batter_stolen_bases_batter_singles_batter_doubles.json'
[2026-06-20T01:50:56Z]   ✓ MLB closing captured: Los Angeles Angels @ Athletics (event a8bc26eb)
[2026-06-20T01:50:56Z]   WARN props fetch failed mlb 68137f4094d6c3979398139c92d61aca: [Errno 36] File name too long: 'data/cache/odds/baseball_mlb_event_68137f4094d6c3979398139c92d61aca_totals_1st_5_innings_totals_1st_1_innings_pitcher_strikeouts_pitcher_hits_allowed_pitcher_walks_pitcher_earned_runs_pitcher_outs_batter_hits_batter_total_bases_batter_home_runs_batter_rbis_batter_runs_scored_batter_walks_batter_strikeouts_batter_stolen_bases_batter_singles_batter_doubles.json'
[2026-06-20T01:50:56Z]   ✓ MLB closing captured: Minnesota Twins @ Arizona Diamondbacks (event 68137f40)
[2026-06-20T01:50:56Z]   WARN props fetch failed mlb 150da5f2fa6db9e963e0b56fc2863769: [Errno 36] File name too long: 'data/cache/odds/baseball_mlb_event_150da5f2fa6db9e963e0b56fc2863769_totals_1st_5_innings_totals_1st_1_innings_pitcher_strikeouts_pitcher_hits_allowed_pitcher_walks_pitcher_earned_runs_pitcher_outs_batter_hits_batter_total_bases_batter_home_runs_batter_rbis_batter_runs_scored_batter_walks_batter_strikeouts_batter_stolen_bases_batter_singles_batter_doubles.json'
[2026-06-20T01:50:56Z]   ✓ MLB closing captured: Baltimore Orioles @ Los Angeles Dodgers (event 150da5f2)
[2026-06-20T01:50:56Z]   WARN props fetch failed mlb 5bc4e94f9d24204a3f0dd424ced4a8be: [Errno 36] File name too long: 'data/cache/odds/baseball_mlb_event_5bc4e94f9d24204a3f0dd424ced4a8be_totals_1st_5_innings_totals_1st_1_innings_pitcher_strikeouts_pitcher_hits_allowed_pitcher_walks_pitcher_earned_runs_pitcher_outs_batter_hits_batter_total_bases_batter_home_runs_batter_rbis_batter_runs_scored_batter_walks_batter_strikeouts_batter_stolen_bases_batter_singles_batter_doubles.json'
[2026-06-20T01:50:56Z]   ✓ MLB closing captured: Boston Red Sox @ Seattle Mariners (event 5bc4e94f)
[2026-06-20T01:50:57Z]   ✓ WNBA closing captured: Minnesota Lynx @ Golden State Valkyries (event bbab8bd4)
[2026-06-20T01:50:58Z]   Total events captured this run: 5
[2026-06-20T16:43:11Z]   WARN props fetch failed mlb f70f37528d3c150e17d2fb8ccfe42892: [Errno 36] File name too long: 'data/cache/odds/baseball_mlb_event_f70f37528d3c150e17d2fb8ccfe42892_totals_1st_5_innings_totals_1st_1_innings_pitcher_strikeouts_pitcher_hits_allowed_pitcher_walks_pitcher_earned_runs_pitcher_outs_batter_hits_batter_total_bases_batter_home_runs_batter_rbis_batter_runs_scored_batter_walks_batter_strikeouts_batter_stolen_bases_batter_singles_batter_doubles.json'
[2026-06-20T16:43:11Z]   ✓ MLB closing captured: Chicago White Sox @ Detroit Tigers (event f70f3752)
[2026-06-20T16:43:11Z]   WARN props fetch failed mlb f34c6b3b5d4542734f725cdbf1200188: [Errno 36] File name too long: 'data/cache/odds/baseball_mlb_event_f34c6b3b5d4542734f725cdbf1200188_totals_1st_5_innings_totals_1st_1_innings_pitcher_strikeouts_pitcher_hits_allowed_pitcher_walks_pitcher_earned_runs_pitcher_outs_batter_hits_batter_total_bases_batter_home_runs_batter_rbis_batter_runs_scored_batter_walks_batter_strikeouts_batter_stolen_bases_batter_singles_batter_doubles.json'
[2026-06-20T16:43:11Z]   ✓ MLB closing captured: Cincinnati Reds @ New York Yankees (event f34c6b3b)
[2026-06-20T16:43:12Z]   ✓ WNBA closing captured: Indiana Fever @ Atlanta Dream (event 7491fd0b)
[2026-06-20T16:43:12Z]   ✓ SOCCER closing captured: Sweden @ Netherlands (event 4f0c5185)
[2026-06-20T16:43:13Z]   Total events captured this run: 4
[2026-06-20T18:02:13Z]   WARN props fetch failed mlb afc026eb30e790d723cc4d99d1551154: [Errno 36] File name too long: 'data/cache/odds/baseball_mlb_event_afc026eb30e790d723cc4d99d1551154_totals_1st_5_innings_totals_1st_1_innings_pitcher_strikeouts_pitcher_hits_allowed_pitcher_walks_pitcher_earned_runs_pitcher_outs_batter_hits_batter_total_bases_batter_home_runs_batter_rbis_batter_runs_scored_batter_walks_batter_strikeouts_batter_stolen_bases_batter_singles_batter_doubles.json'
[2026-06-20T18:02:13Z]   ✓ MLB closing captured: Toronto Blue Jays @ Chicago Cubs (event afc026eb)
[2026-06-20T18:02:15Z]   ✓ WNBA closing captured: Seattle Storm @ Phoenix Mercury (event dae9bd45)
[2026-06-20T18:02:18Z]   Total events captured this run: 2
[2026-06-20T19:52:41Z]   WARN props fetch failed mlb 3efd1785852b80caaeeb2e4b8e8db0f2: [Errno 36] File name too long: 'data/cache/odds/baseball_mlb_event_3efd1785852b80caaeeb2e4b8e8db0f2_totals_1st_5_innings_totals_1st_1_innings_pitcher_strikeouts_pitcher_hits_allowed_pitcher_walks_pitcher_earned_runs_pitcher_outs_batter_hits_batter_total_bases_batter_home_runs_batter_rbis_batter_runs_scored_batter_walks_batter_strikeouts_batter_stolen_bases_batter_singles_batter_doubles.json'
[2026-06-20T19:52:41Z]   ✓ MLB closing captured: San Diego Padres @ Texas Rangers (event 3efd1785)
[2026-06-20T19:52:41Z]   WARN props fetch failed mlb 954f9616bdfe5989a3ed4cc8cc1b3472: [Errno 36] File name too long: 'data/cache/odds/baseball_mlb_event_954f9616bdfe5989a3ed4cc8cc1b3472_totals_1st_5_innings_totals_1st_1_innings_pitcher_strikeouts_pitcher_hits_allowed_pitcher_walks_pitcher_earned_runs_pitcher_outs_batter_hits_batter_total_bases_batter_home_runs_batter_rbis_batter_runs_scored_batter_walks_batter_strikeouts_batter_stolen_bases_batter_singles_batter_doubles.json'
[2026-06-20T19:52:41Z]   ✓ MLB closing captured: Milwaukee Brewers @ Atlanta Braves (event 954f9616)
[2026-06-20T19:52:41Z]   WARN props fetch failed mlb a36cc8e7c18477f87bd91d87f8839f49: [Errno 36] File name too long: 'data/cache/odds/baseball_mlb_event_a36cc8e7c18477f87bd91d87f8839f49_totals_1st_5_innings_totals_1st_1_innings_pitcher_strikeouts_pitcher_hits_allowed_pitcher_walks_pitcher_earned_runs_pitcher_outs_batter_hits_batter_total_bases_batter_home_runs_batter_rbis_batter_runs_scored_batter_walks_batter_strikeouts_batter_stolen_bases_batter_singles_batter_doubles.json'
[2026-06-20T19:52:41Z]   ✓ MLB closing captured: San Francisco Giants @ Miami Marlins (event a36cc8e7)
[2026-06-20T19:52:41Z]   WARN props fetch failed mlb 71d79346a4e1f6058e517c895d646f2e: [Errno 36] File name too long: 'data/cache/odds/baseball_mlb_event_71d79346a4e1f6058e517c895d646f2e_totals_1st_5_innings_totals_1st_1_innings_pitcher_strikeouts_pitcher_hits_allowed_pitcher_walks_pitcher_earned_runs_pitcher_outs_batter_hits_batter_total_bases_batter_home_runs_batter_rbis_batter_runs_scored_batter_walks_batter_strikeouts_batter_stolen_bases_batter_singles_batter_doubles.json'
[2026-06-20T19:52:41Z]   ✓ MLB closing captured: Washington Nationals @ Tampa Bay Rays (event 71d79346)
[2026-06-20T19:52:42Z]   ✓ SOCCER closing captured: Ivory Coast @ Germany (event f1ab0f69)
[2026-06-20T19:52:43Z]   ✓ UFC closing captured: Shane Collins @ Otari Tanzilovi (event 49b0b944)
[2026-06-20T19:52:43Z]   ✓ MMA closing captured: Shane Collins @ Otari Tanzilovi (event 49b0b944)
[2026-06-20T19:52:43Z]   Total events captured this run: 7
[2026-06-20T21:25:45Z]   ✓ UFC closing captured: Leon Shahbazyan @ Levan Chokheli (event 34e99e9e)
[2026-06-20T21:25:45Z]   ✓ UFC closing captured: Karol Rosa @ Luana Santos (event ef182a81)
[2026-06-20T21:25:46Z]   ✓ UFC closing captured: Gaston Bolanos @ Michael Aswell (event 2ec1ec80)
[2026-06-20T21:25:46Z]   ✓ MMA closing captured: Leon Shahbazyan @ Levan Chokheli (event 34e99e9e)
[2026-06-20T21:25:47Z]   ✓ MMA closing captured: Karol Rosa @ Luana Santos (event ef182a81)
[2026-06-20T21:25:47Z]   ✓ MMA closing captured: Gaston Bolanos @ Michael Aswell (event 2ec1ec80)
[2026-06-20T21:25:48Z]   Total events captured this run: 6
[2026-06-20T22:49:46Z]   WARN props fetch failed mlb d0bf798e1c85fe47d8160217d79b5a3e: [Errno 36] File name too long: 'data/cache/odds/baseball_mlb_event_d0bf798e1c85fe47d8160217d79b5a3e_totals_1st_5_innings_totals_1st_1_innings_pitcher_strikeouts_pitcher_hits_allowed_pitcher_walks_pitcher_earned_runs_pitcher_outs_batter_hits_batter_total_bases_batter_home_runs_batter_rbis_batter_runs_scored_batter_walks_batter_strikeouts_batter_stolen_bases_batter_singles_batter_doubles.json'
[2026-06-20T22:49:46Z]   ✓ MLB closing captured: Cleveland Guardians @ Houston Astros (event d0bf798e)
[2026-06-20T22:49:46Z]   WARN props fetch failed mlb 6344d2ce9df189689ed256d05cfcffb4: [Errno 36] File name too long: 'data/cache/odds/baseball_mlb_event_6344d2ce9df189689ed256d05cfcffb4_totals_1st_5_innings_totals_1st_1_innings_pitcher_strikeouts_pitcher_hits_allowed_pitcher_walks_pitcher_earned_runs_pitcher_outs_batter_hits_batter_total_bases_batter_home_runs_batter_rbis_batter_runs_scored_batter_walks_batter_strikeouts_batter_stolen_bases_batter_singles_batter_doubles.json'
[2026-06-20T22:49:46Z]   ✓ MLB closing captured: New York Mets @ Philadelphia Phillies (event 6344d2ce)
[2026-06-20T22:49:47Z]   ✓ WNBA closing captured: Chicago Sky @ Dallas Wings (event 518b5453)
[2026-06-20T22:49:47Z]   ✓ SOCCER closing captured: Curaçao @ Ecuador (event 681895f2)
[2026-06-20T22:49:48Z]   ✓ UFC closing captured: Allan Nascimento @ Mitch Raposo (event c5194d42)
[2026-06-20T22:49:48Z]   ✓ UFC closing captured: Beatriz Mesquita @ Melissa Mullins (event 32abdf11)
[2026-06-20T22:49:49Z]   ✓ UFC closing captured: Kevin Borjas @ Andre Lima (event a1eb61ad)
[2026-06-20T22:49:49Z]   ✓ UFC closing captured: Andre Fili @ Vinicius Oliveira (event 86e2829b)
[2026-06-20T22:49:49Z]   ✓ MMA closing captured: Allan Nascimento @ Mitch Raposo (event c5194d42)
[2026-06-20T22:49:49Z]   ✓ MMA closing captured: Beatriz Mesquita @ Melissa Mullins (event 32abdf11)
[2026-06-20T22:49:50Z]   ✓ MMA closing captured: Kevin Borjas @ Andre Lima (event a1eb61ad)
[2026-06-20T22:49:50Z]   ✓ MMA closing captured: Andre Fili @ Vinicius Oliveira (event 86e2829b)
[2026-06-20T22:49:51Z]   Total events captured this run: 12
[2026-06-21T00:18:19Z]   WARN props fetch failed mlb 4bb2c510f37ac3221423f6fe96d81822: [Errno 36] File name too long: 'data/cache/odds/baseball_mlb_event_4bb2c510f37ac3221423f6fe96d81822_totals_1st_5_innings_totals_1st_1_innings_pitcher_strikeouts_pitcher_hits_allowed_pitcher_walks_pitcher_earned_runs_pitcher_outs_batter_hits_batter_total_bases_batter_home_runs_batter_rbis_batter_runs_scored_batter_walks_batter_strikeouts_batter_stolen_bases_batter_singles_batter_doubles.json'
[2026-06-21T00:18:19Z]   ✓ MLB closing captured: Pittsburgh Pirates @ Colorado Rockies (event 4bb2c510)
[2026-06-21T00:18:19Z]   ✓ UFC closing captured: Andre Fili @ Vinicius Oliveira (event 86e2829b)
[2026-06-21T00:18:19Z]   ✓ UFC closing captured: Melsik Baghdasaryan @ Murtazali Magomedov (event 8476f6ff)
[2026-06-21T00:18:20Z]   ✓ UFC closing captured: Hyder Amil @ Christian Rodriguez (event 03b274ad)
[2026-06-21T00:18:20Z]   ✓ UFC closing captured: Navajo Stirling @ Ion Cutelaba (event 045e13eb)
[2026-06-21T00:18:20Z]   ✓ MMA closing captured: Andre Fili @ Vinicius Oliveira (event 86e2829b)
[2026-06-21T00:18:20Z]   ✓ MMA closing captured: Melsik Baghdasaryan @ Murtazali Magomedov (event 8476f6ff)
[2026-06-21T00:18:20Z]   ✓ MMA closing captured: Hyder Amil @ Christian Rodriguez (event 03b274ad)
[2026-06-21T00:18:21Z]   ✓ MMA closing captured: Navajo Stirling @ Ion Cutelaba (event 045e13eb)
[2026-06-21T00:18:21Z]   Total events captured this run: 9
[2026-06-21T16:52:23Z]   ✓ MLB closing captured: Milwaukee Brewers @ Atlanta Braves (event 3385f138)
[2026-06-21T16:52:23Z]   ✓ MLB closing captured: Cincinnati Reds @ New York Yankees (event c489d951)
[2026-06-21T16:52:23Z]   ✓ MLB closing captured: Chicago White Sox @ Detroit Tigers (event 5b9a1736)
[2026-06-21T16:52:24Z]   ✓ MLB closing captured: San Francisco Giants @ Miami Marlins (event 52936746)
[2026-06-21T16:52:24Z]   ✓ MLB closing captured: Washington Nationals @ Tampa Bay Rays (event a14b7bea)
[2026-06-21T16:52:24Z]   ✓ MLB closing captured: Cleveland Guardians @ Houston Astros (event ec4cae25)
[2026-06-21T16:52:24Z]   ✓ MLB closing captured: St. Louis Cardinals @ Kansas City Royals (event 6c9cb91c)
[2026-06-21T16:52:25Z]   Total events captured this run: 7
[2026-06-21T18:25:01Z]   ✓ MLB closing captured: San Diego Padres @ Texas Rangers (event af71fc71)
[2026-06-21T18:25:01Z]   ✓ MLB closing captured: Pittsburgh Pirates @ Colorado Rockies (event e8be77d7)
[2026-06-21T18:25:02Z]   ✓ MLB closing captured: Minnesota Twins @ Arizona Diamondbacks (event 7f1c3f57)
[2026-06-21T18:25:02Z]   ✓ SOCCER closing captured: Iran @ Belgium (event 5f92f257)
[2026-06-21T18:25:03Z]   Total events captured this run: 4
[2026-06-21T21:48:51Z]   ✓ WNBA closing captured: Washington Mystics @ Minnesota Lynx (event 5df3659e)
[2026-06-21T21:48:52Z]   ✓ SOCCER closing captured: Cape Verde @ Uruguay (event 852a3abe)
[2026-06-21T21:48:53Z]   Total events captured this run: 2
[2026-06-21T23:25:47Z]   ✓ MLB closing captured: New York Mets @ Philadelphia Phillies (event 08abb04c)
[2026-06-21T23:25:48Z]   ✓ WNBA closing captured: New York Liberty @ Los Angeles Sparks (event dcc24a28)
[2026-06-21T23:25:48Z]   Total events captured this run: 2
[2026-06-22T21:34:46Z]   ✓ MLB closing captured: New York Yankees @ Detroit Tigers (event 7eeb2a9f)
[2026-06-22T21:34:47Z]   ✓ MLB closing captured: Kansas City Royals @ Tampa Bay Rays (event 3e12cc31)
[2026-06-22T21:34:47Z]   ✓ MLB closing captured: Texas Rangers @ Miami Marlins (event 5a8ab9f3)
[2026-06-22T21:34:47Z]   ✓ MLB closing captured: Philadelphia Phillies @ Washington Nationals (event 2bbd66d6)
[2026-06-22T21:34:48Z]   ✓ WNBA closing captured: Chicago Sky @ Connecticut Sun (event 3ea0237c)
[2026-06-22T21:34:49Z]   Total events captured this run: 5
[2026-06-22T23:06:34Z]   ✓ MLB closing captured: Houston Astros @ Toronto Blue Jays (event 06b34739)
[2026-06-22T23:06:34Z]   ✓ MLB closing captured: Milwaukee Brewers @ Cincinnati Reds (event 7adc5663)
[2026-06-22T23:06:34Z]   ✓ MLB closing captured: Cleveland Guardians @ Chicago White Sox (event 22bf5f58)
[2026-06-22T23:06:34Z]   ✓ MLB closing captured: Los Angeles Dodgers @ Minnesota Twins (event 0fdd8b67)
[2026-06-22T23:06:35Z]   ✓ MLB closing captured: Arizona Diamondbacks @ St. Louis Cardinals (event fbfee8c9)
[2026-06-22T23:06:35Z]   ✓ WNBA closing captured: Toronto Tempo @ Atlanta Dream (event 0a92d998)
[2026-06-22T23:06:35Z]   ✓ WNBA closing captured: Phoenix Mercury @ Indiana Fever (event 2c65cc1d)
[2026-06-22T23:06:36Z]   ✓ SOCCER closing captured: Senegal @ Norway (event 3f484737)
[2026-06-22T23:06:36Z]   Total events captured this run: 8
[2026-06-23T01:27:02Z]   ✓ MLB closing captured: Baltimore Orioles @ Los Angeles Angels (event 541d3f8c)
[2026-06-23T01:27:02Z]   ✓ MLB closing captured: Atlanta Braves @ San Diego Padres (event 66c3c352)
[2026-06-23T01:27:03Z]   ✓ WNBA closing captured: Dallas Wings @ Seattle Storm (event b46befbb)
[2026-06-23T01:27:04Z]   Total events captured this run: 3
[2026-06-23T22:00:56Z]   ✓ MLB closing captured: New York Yankees @ Detroit Tigers (event a43d950c)
[2026-06-23T22:00:56Z]   ✓ MLB closing captured: Kansas City Royals @ Tampa Bay Rays (event 9fa5e76b)
[2026-06-23T22:00:57Z]   ✓ MLB closing captured: Texas Rangers @ Miami Marlins (event 452edc1a)
[2026-06-23T22:00:57Z]   ✓ MLB closing captured: Seattle Mariners @ Pittsburgh Pirates (event 11027b76)
[2026-06-23T22:00:57Z]   ✓ MLB closing captured: Philadelphia Phillies @ Washington Nationals (event c905209c)
[2026-06-23T22:00:58Z]   ✓ MLB closing captured: Chicago Cubs @ New York Mets (event 3c8c7e3e)
[2026-06-23T22:00:58Z]   ✓ MLB closing captured: Milwaukee Brewers @ Cincinnati Reds (event 88026726)
[2026-06-23T22:00:59Z]   ✓ SOCCER closing captured: Croatia @ Panama (event c1bc8c26)
[2026-06-23T22:01:00Z]   Total events captured this run: 8
[2026-06-23T23:17:02Z]   ✓ MLB closing captured: Cleveland Guardians @ Chicago White Sox (event 39e0cc87)
[2026-06-23T23:17:02Z]   ✓ MLB closing captured: Los Angeles Dodgers @ Minnesota Twins (event 3984bf07)
[2026-06-23T23:17:02Z]   ✓ MLB closing captured: Arizona Diamondbacks @ St. Louis Cardinals (event fc0edee9)
[2026-06-23T23:17:03Z]   ✓ MLB closing captured: Boston Red Sox @ Colorado Rockies (event bf29fc0f)
[2026-06-23T23:17:04Z]   Total events captured this run: 4
[2026-06-24T00:14:26Z]   ✓ MLB closing captured: Boston Red Sox @ Colorado Rockies (event bf29fc0f)
[2026-06-24T00:14:26Z]   ✓ MLB closing captured: Baltimore Orioles @ Los Angeles Angels (event d0f7ccaf)
[2026-06-24T00:14:27Z]   ✓ MLB closing captured: Atlanta Braves @ San Diego Padres (event ecaca218)
[2026-06-24T00:14:28Z]   Total events captured this run: 3
[2026-06-24T15:55:50Z]   ✓ MLB CLOSING captured: Texas Rangers @ Miami Marlins (+15m to start, event 6493d60c)
[2026-06-24T15:55:51Z]   ✓ MLB pre-game captured: Chicago Cubs @ New York Mets (+75m to start, event b03e189e)
[2026-06-24T15:55:52Z]   Total events captured this run: 2
[2026-06-24T18:03:47Z]   ✓ MLB pre-game captured: Boston Red Sox @ Colorado Rockies (+67m to start, event 74a9d15b)
[2026-06-24T18:03:47Z]   ✓ MLB pre-game captured: Cleveland Guardians @ Chicago White Sox (+67m to start, event 1f144a98)
[2026-06-24T18:03:48Z]   ✓ SOCCER pre-game captured: Qatar @ Bosnia & Herzegovina (+56m to start, event 512ac18b)
[2026-06-24T18:03:48Z]   ✓ SOCCER pre-game captured: Canada @ Switzerland (+56m to start, event c9ef5822)
[2026-06-24T18:03:49Z]   Total events captured this run: 4
[2026-06-24T20:01:58Z]   ✓ MLB CLOSING captured: Baltimore Orioles @ Los Angeles Angels (+6m to start, event 6dcbe8dd)
[2026-06-24T20:02:00Z]   Total events captured this run: 1
[2026-06-24T21:40:30Z]   ✓ MLB pre-game captured: New York Yankees @ Detroit Tigers (+60m to start, event d4ba9e7c)
[2026-06-24T21:40:31Z]   ✓ MLB pre-game captured: Kansas City Royals @ Tampa Bay Rays (+60m to start, event 6f91332c)
[2026-06-24T21:40:31Z]   ✓ MLB pre-game captured: Seattle Mariners @ Pittsburgh Pirates (+60m to start, event 6bd1412a)
[2026-06-24T21:40:31Z]   ✓ MLB pre-game captured: Philadelphia Phillies @ Washington Nationals (+65m to start, event af718a14)
[2026-06-24T21:40:31Z]   ✓ MLB pre-game captured: Houston Astros @ Toronto Blue Jays (+87m to start, event e5eb0d0e)
[2026-06-24T21:40:32Z]   ✓ SOCCER CLOSING captured: Brazil @ Scotland (+19m to start, event 885ba958)
[2026-06-24T21:40:32Z]   ✓ SOCCER CLOSING captured: Haiti @ Morocco (+19m to start, event d1279ce7)
[2026-06-24T21:40:33Z]   Total events captured this run: 7
[2026-06-24T22:55:41Z]   ✓ MLB CLOSING captured: Houston Astros @ Toronto Blue Jays (+12m to start, event e5eb0d0e)
[2026-06-24T22:55:42Z]   ✓ MLB CLOSING captured: Chicago Cubs @ New York Mets (+15m to start, event 0af952c1)
[2026-06-24T22:55:42Z]   ✓ MLB CLOSING captured: Milwaukee Brewers @ Cincinnati Reds (+15m to start, event 2dcef2b5)
[2026-06-24T22:55:42Z]   ✓ MLB pre-game captured: Los Angeles Dodgers @ Minnesota Twins (+45m to start, event f7efadc6)
[2026-06-24T22:55:43Z]   ✓ MLB pre-game captured: Arizona Diamondbacks @ St. Louis Cardinals (+50m to start, event 3f6bd3e4)
[2026-06-24T22:55:44Z]   ✓ WNBA pre-game captured: Phoenix Mercury @ Indiana Fever (+34m to start, event f150838f)
[2026-06-24T22:55:44Z]   ✓ WNBA pre-game captured: Minnesota Lynx @ Washington Mystics (+44m to start, event e4cee494)
[2026-06-24T22:55:44Z]   ✓ WNBA pre-game captured: Portland Fire @ Chicago Sky (+74m to start, event ec33f8a4)
[2026-06-24T22:55:45Z]   Total events captured this run: 8
[2026-06-25T00:20:06Z]   ✓ MLB CLOSING captured: Atlanta Braves @ San Diego Padres (+21m to start, event 0c4f4457)
[2026-06-25T00:20:07Z]   ✓ MLB pre-game captured: Athletics @ San Francisco Giants (+86m to start, event 74b391c5)
[2026-06-25T00:20:07Z]   ✓ SOCCER pre-game captured: Mexico @ Czech Republic (+40m to start, event 5993bd51)
[2026-06-25T00:20:07Z]   ✓ SOCCER pre-game captured: South Korea @ South Africa (+40m to start, event c0355dfc)
[2026-06-25T00:20:08Z]   Total events captured this run: 4
[2026-06-25T16:06:07Z]   ✓ MLB CLOSING captured: Kansas City Royals @ Tampa Bay Rays (+5m to start, event 76bea712)
[2026-06-25T16:06:07Z]   ✓ MLB pre-game captured: Seattle Mariners @ Pittsburgh Pirates (+30m to start, event 8d5a0831)
[2026-06-25T16:06:08Z]   Total events captured this run: 2
[2026-06-25T18:23:32Z]   ✓ MLB pre-game captured: Athletics @ San Francisco Giants (+82m to start, event 2167fbe6)
[2026-06-25T18:23:34Z]   Total events captured this run: 1
[2026-06-25T22:08:50Z]   ✓ MLB pre-game captured: Houston Astros @ Detroit Tigers (+32m to start, event b2ba85e7)
[2026-06-25T22:08:50Z]   ✓ MLB pre-game captured: Philadelphia Phillies @ Washington Nationals (+37m to start, event c35d300c)
[2026-06-25T22:08:50Z]   ✓ MLB pre-game captured: Texas Rangers @ Toronto Blue Jays (+59m to start, event 96d5d5f7)
[2026-06-25T22:08:51Z]   ✓ MLB pre-game captured: New York Yankees @ Boston Red Sox (+62m to start, event e72272fa)
[2026-06-25T22:08:51Z]   ✓ MLB pre-game captured: Chicago Cubs @ New York Mets (+62m to start, event 9d5fd110)
[2026-06-25T22:08:52Z]   ✓ WNBA pre-game captured: Los Angeles Sparks @ Toronto Tempo (+51m to start, event 95fdcb53)
[2026-06-25T22:08:52Z]   ✓ SOCCER pre-game captured: Sweden @ Japan (+51m to start, event 0ed0233b)
[2026-06-25T22:08:52Z]   ✓ SOCCER pre-game captured: Netherlands @ Tunisia (+51m to start, event f3c4657d)
[2026-06-25T22:08:53Z]   Total events captured this run: 8
[2026-06-25T23:48:02Z]   ✓ MLB pre-game captured: Arizona Diamondbacks @ St. Louis Cardinals (+28m to start, event 2d1b7c93)
[2026-06-25T23:48:03Z]   Total events captured this run: 1
[2026-06-26T01:54:50Z]   ✓ WNBA CLOSING captured: Dallas Wings @ Las Vegas Aces (+15m to start, event 4a45198a)
[2026-06-26T01:54:50Z]   ✓ WNBA CLOSING captured: New York Liberty @ Seattle Storm (+15m to start, event 510a683e)
[2026-06-26T01:54:50Z]   ✓ SOCCER CLOSING captured: Australia @ Paraguay (+5m to start, event 22f6ac06)
[2026-06-26T01:54:51Z]   ✓ SOCCER CLOSING captured: USA @ Turkey (+5m to start, event f41aeac9)
[2026-06-26T01:54:51Z]   Total events captured this run: 4
[2026-06-26T22:21:19Z]   ✓ MLB CLOSING captured: Cincinnati Reds @ Pittsburgh Pirates (+20m to start, event fadbcf06)
[2026-06-26T22:21:20Z]   ✓ MLB CLOSING captured: Houston Astros @ Detroit Tigers (+20m to start, event a46f3826)
[2026-06-26T22:21:20Z]   ✓ MLB pre-game captured: Washington Nationals @ Baltimore Orioles (+45m to start, event b15cd27e)
[2026-06-26T22:21:20Z]   ✓ MLB pre-game captured: Texas Rangers @ Toronto Blue Jays (+47m to start, event 08d5e50d)
[2026-06-26T22:21:21Z]   ✓ MLB pre-game captured: Arizona Diamondbacks @ Tampa Bay Rays (+49m to start, event cf96e2e4)
[2026-06-26T22:21:21Z]   ✓ MLB pre-game captured: New York Yankees @ Boston Red Sox (+50m to start, event 6eb5de1a)
[2026-06-26T22:21:21Z]   ✓ MLB pre-game captured: Seattle Mariners @ Cleveland Guardians (+50m to start, event 9637bef3)
[2026-06-26T22:21:22Z]   ✓ MLB pre-game captured: Philadelphia Phillies @ New York Mets (+50m to start, event f950765d)
[2026-06-26T22:21:22Z]   ✓ MLB pre-game captured: Kansas City Royals @ Chicago White Sox (+80m to start, event fbe3805e)
[2026-06-26T22:21:22Z]   ✓ MLB pre-game captured: Chicago Cubs @ Milwaukee Brewers (+85m to start, event f2bbab66)
[2026-06-26T22:21:23Z]   ✓ WNBA pre-game captured: Portland Fire @ Chicago Sky (+69m to start, event 1456eb2d)
[2026-06-26T22:21:24Z]   ✓ WNBA pre-game captured: Washington Mystics @ Connecticut Sun (+69m to start, event 72f392cc)
[2026-06-26T22:21:24Z]   Total events captured this run: 12
[2026-06-26T23:38:57Z]   ✓ MLB CLOSING captured: Kansas City Royals @ Chicago White Sox (+2m to start, event fbe3805e)
[2026-06-26T23:38:58Z]   ✓ MLB CLOSING captured: Chicago Cubs @ Milwaukee Brewers (+7m to start, event f2bbab66)
[2026-06-26T23:38:58Z]   ✓ MLB pre-game captured: Colorado Rockies @ Minnesota Twins (+32m to start, event dc2d29e6)
[2026-06-26T23:38:59Z]   ✓ MLB pre-game captured: Miami Marlins @ St. Louis Cardinals (+36m to start, event 10965e1f)
[2026-06-26T23:39:00Z]   ✓ WNBA CLOSING captured: Washington Mystics @ Connecticut Sun (-4m to start, event 72f392cc)
[2026-06-26T23:39:01Z]   ✓ SOCCER CLOSING captured: Saudi Arabia @ Cape Verde (+21m to start, event e07b1926)
[2026-06-26T23:39:01Z]   ✓ SOCCER CLOSING captured: Spain @ Uruguay (+21m to start, event dcff2e31)
[2026-06-26T23:39:03Z]   Total events captured this run: 7
[2026-06-27T01:47:23Z]   ✓ MLB CLOSING captured: Los Angeles Dodgers @ San Diego Padres (-1m to start, event 136805c6)
[2026-06-27T01:47:23Z]   ✓ MLB pre-game captured: Atlanta Braves @ San Francisco Giants (+29m to start, event ffc9895e)
[2026-06-27T01:47:24Z]   ✓ WNBA CLOSING captured: Atlanta Dream @ Golden State Valkyries (+23m to start, event 2aa029b6)
[2026-06-27T01:47:24Z]   ✓ SOCCER pre-game captured: Belgium @ New Zealand (+73m to start, event 581691da)
[2026-06-27T01:47:25Z]   ✓ SOCCER pre-game captured: Iran @ Egypt (+73m to start, event 3e3b5fa2)
[2026-06-27T01:47:25Z]   Total events captured this run: 5
[2026-06-27T11:58:04Z]   ✓ UFC pre-game captured: Jefferson Nascimento @ Tahir Abdullayev (+72m to start, event 8fa814d5)
[2026-06-27T11:58:05Z]   ✓ MMA pre-game captured: Jefferson Nascimento @ Tahir Abdullayev (+72m to start, event 8fa814d5)
[2026-06-27T11:58:05Z]   Total events captured this run: 2
[2026-06-27T14:02:23Z]   ✓ UFC CLOSING captured: Theodor Berggren @ Daniil Donchenko (+3m to start, event b94ee791)
[2026-06-27T14:02:23Z]   ✓ UFC CLOSING captured: Javier Reyes Rugeles @ Kaan Ofli (+23m to start, event fdaa7627)
[2026-06-27T14:02:23Z]   ✓ UFC pre-game captured: Andrey Pulyaev @ Nursultan Ruziboev (+48m to start, event a90df640)
[2026-06-27T14:02:24Z]   ✓ UFC pre-game captured: Julius Walker @ Abdulrakhman Yakhyaev (+73m to start, event 6b89da2e)
[2026-06-27T14:02:24Z]   ✓ MMA CLOSING captured: Theodor Berggren @ Daniil Donchenko (+3m to start, event b94ee791)
[2026-06-27T14:02:25Z]   ✓ MMA CLOSING captured: Javier Reyes Rugeles @ Kaan Ofli (+23m to start, event fdaa7627)
[2026-06-27T14:02:25Z]   ✓ MMA pre-game captured: Andrey Pulyaev @ Nursultan Ruziboev (+48m to start, event a90df640)
[2026-06-27T14:02:25Z]   ✓ MMA pre-game captured: Julius Walker @ Abdulrakhman Yakhyaev (+73m to start, event 6b89da2e)
[2026-06-27T14:02:26Z]   Total events captured this run: 8
[2026-06-27T15:22:27Z]   ✓ UFC CLOSING captured: Eric Nolan @ Farman Hasanov (+8m to start, event 962f264e)
[2026-06-27T15:22:27Z]   ✓ UFC pre-game captured: Michal Oleksiejczuk @ Abusupyian Magomedov (+53m to start, event d042dad2)
[2026-06-27T15:22:27Z]   ✓ UFC pre-game captured: Brunno Ferreira @ Ikram Aliskerov (+83m to start, event 4e4082e9)
[2026-06-27T15:22:27Z]   ✓ MMA CLOSING captured: Eric Nolan @ Farman Hasanov (+8m to start, event 962f264e)
[2026-06-27T15:22:27Z]   ✓ MMA pre-game captured: Michal Oleksiejczuk @ Abusupyian Magomedov (+53m to start, event d042dad2)
[2026-06-27T15:22:28Z]   ✓ MMA pre-game captured: Brunno Ferreira @ Ikram Aliskerov (+83m to start, event 4e4082e9)
[2026-06-27T15:22:28Z]   Total events captured this run: 6
[2026-06-27T16:42:14Z]   ✓ MLB pre-game captured: New York Yankees @ Boston Red Sox (+29m to start, event eb42c676)
[2026-06-27T16:42:14Z]   ✓ MLB pre-game captured: Houston Astros @ Detroit Tigers (+29m to start, event 8f9b5d46)
[2026-06-27T16:42:15Z]   ✓ WNBA pre-game captured: Phoenix Mercury @ Toronto Tempo (+78m to start, event a165b90e)
[2026-06-27T16:42:16Z]   ✓ UFC CLOSING captured: Charles Johnson @ Asu Almabaev (+23m to start, event 77161c27)
[2026-06-27T16:42:16Z]   ✓ UFC pre-game captured: Matheus Camilo @ Nazim Sadykhov (+63m to start, event e8b19678)
[2026-06-27T16:42:16Z]   ✓ MMA CLOSING captured: Charles Johnson @ Asu Almabaev (+23m to start, event 77161c27)
[2026-06-27T16:42:17Z]   ✓ MMA pre-game captured: Matheus Camilo @ Nazim Sadykhov (+63m to start, event e8b19678)
[2026-06-27T16:42:17Z]   Total events captured this run: 7
[2026-06-27T17:48:32Z]   ✓ MLB pre-game captured: Texas Rangers @ Toronto Blue Jays (+79m to start, event 40865969)
[2026-06-27T17:48:33Z]   ✓ WNBA CLOSING captured: Phoenix Mercury @ Toronto Tempo (+11m to start, event a165b90e)
[2026-06-27T17:48:33Z]   ✓ UFC CLOSING captured: Matheus Camilo @ Nazim Sadykhov (-4m to start, event e8b19678)
[2026-06-27T17:48:34Z]   ✓ UFC pre-game captured: Michel Pereira @ Shara Magomedov (+26m to start, event 9ab3b245)
[2026-06-27T17:48:34Z]   ✓ UFC pre-game captured: Nonato Junior @ Jordan Vucenic (+41m to start, event 1c9ce23e)
[2026-06-27T17:48:34Z]   ✓ UFC pre-game captured: Luan Duarte @ Tariq Pell (+51m to start, event 718544d5)
[2026-06-27T17:48:34Z]   ✓ UFC pre-game captured: Manuel Torres @ Rafael Fiziev (+56m to start, event fb12ebc3)
[2026-06-27T17:48:34Z]   ✓ UFC pre-game captured: Michael Dubois @ Manuel Del Valle (+76m to start, event 3f0ecfa3)
[2026-06-27T17:48:35Z]   ✓ MMA CLOSING captured: Matheus Camilo @ Nazim Sadykhov (-4m to start, event e8b19678)
[2026-06-27T17:48:35Z]   ✓ MMA pre-game captured: Michel Pereira @ Shara Magomedov (+26m to start, event 9ab3b245)
[2026-06-27T17:48:35Z]   ✓ MMA pre-game captured: Nonato Junior @ Jordan Vucenic (+41m to start, event 1c9ce23e)
[2026-06-27T17:48:35Z]   ✓ MMA pre-game captured: Luan Duarte @ Tariq Pell (+51m to start, event 718544d5)
[2026-06-27T17:48:35Z]   ✓ MMA pre-game captured: Manuel Torres @ Rafael Fiziev (+56m to start, event fb12ebc3)
[2026-06-27T17:48:36Z]   ✓ MMA pre-game captured: Michael Dubois @ Manuel Del Valle (+76m to start, event 3f0ecfa3)
[2026-06-27T17:48:36Z]   Total events captured this run: 14
[2026-06-27T18:56:24Z]   ✓ MLB CLOSING captured: Texas Rangers @ Toronto Blue Jays (+12m to start, event 40865969)
[2026-06-27T18:56:25Z]   ✓ MLB pre-game captured: Cincinnati Reds @ Pittsburgh Pirates (+70m to start, event c73f7e00)
[2026-06-27T18:56:25Z]   ✓ MLB pre-game captured: Kansas City Royals @ Chicago White Sox (+75m to start, event 633ba8b5)
[2026-06-27T18:56:26Z]   ✓ MLB pre-game captured: Philadelphia Phillies @ New York Mets (+75m to start, event a9053f2c)
[2026-06-27T18:56:28Z]   ✓ UFC pre-game captured: Aiden Lee @ Nik Bagley (+84m to start, event 1c7502fa)
[2026-06-27T18:56:29Z]   ✓ MMA pre-game captured: Aiden Lee @ Nik Bagley (+84m to start, event 1c7502fa)
[2026-06-27T18:56:29Z]   Total events captured this run: 6
[2026-06-27T20:16:49Z]   ✓ MLB CLOSING captured: Cincinnati Reds @ Pittsburgh Pirates (+24m to start, event c73f7e00)
[2026-06-27T20:16:50Z]   ✓ SOCCER pre-game captured: Ghana @ Croatia (+43m to start, event 537c0997)
[2026-06-27T20:16:50Z]   ✓ SOCCER pre-game captured: England @ Panama (+43m to start, event 4be17c8e)
[2026-06-27T20:16:51Z]   Total events captured this run: 3
[2026-06-27T21:32:40Z]   ✓ MLB pre-game captured: Arizona Diamondbacks @ Tampa Bay Rays (+38m to start, event f5d5cee3)
[2026-06-27T21:32:41Z]   ✓ UFC pre-game captured: Daniel Bzdigian @ Cobey Fehr (+87m to start, event c689d001)
[2026-06-27T21:32:41Z]   ✓ UFC pre-game captured: Ilara Joanne @ Shannon Clark (+87m to start, event fe6bf375)
[2026-06-27T21:32:42Z]   ✓ MMA pre-game captured: Daniel Bzdigian @ Cobey Fehr (+87m to start, event c689d001)
[2026-06-27T21:32:42Z]   ✓ MMA pre-game captured: Ilara Joanne @ Shannon Clark (+87m to start, event fe6bf375)
[2026-06-27T21:32:42Z]   Total events captured this run: 5
[2026-06-27T22:39:58Z]   ✓ MLB pre-game captured: Washington Nationals @ Baltimore Orioles (+26m to start, event 690f4a1e)
[2026-06-27T22:39:58Z]   ✓ MLB pre-game captured: Chicago Cubs @ Milwaukee Brewers (+31m to start, event cad93485)
[2026-06-27T22:39:59Z]   ✓ MLB pre-game captured: Seattle Mariners @ Cleveland Guardians (+31m to start, event 243470e6)
[2026-06-27T22:40:00Z]   ✓ MLB pre-game captured: Colorado Rockies @ Minnesota Twins (+31m to start, event 08619f45)
[2026-06-27T22:40:00Z]   ✓ MLB pre-game captured: Miami Marlins @ St. Louis Cardinals (+36m to start, event 6ebb30fb)
[2026-06-27T22:40:01Z]   ✓ WNBA pre-game captured: Los Angeles Sparks @ Indiana Fever (+80m to start, event 2976904b)
[2026-06-27T22:40:02Z]   ✓ SOCCER pre-game captured: Portugal @ Colombia (+50m to start, event 67ae5751)
[2026-06-27T22:40:03Z]   ✓ SOCCER pre-game captured: Uzbekistan @ DR Congo (+50m to start, event 13eab94a)
[2026-06-27T22:40:03Z]   ✓ UFC CLOSING captured: Daniel Bzdigian @ Cobey Fehr (+20m to start, event c689d001)
[2026-06-27T22:40:04Z]   ✓ UFC CLOSING captured: Ilara Joanne @ Shannon Clark (+20m to start, event fe6bf375)
[2026-06-27T22:40:04Z]   ✓ UFC pre-game captured: Jena Bishop @ Ariane Lipski (+80m to start, event dc08ab65)
[2026-06-27T22:40:04Z]   ✓ UFC pre-game captured: Sarvarjon Hamidov @ Justin Wetzell (+80m to start, event b0504c38)
[2026-06-27T22:40:05Z]   ✓ MMA CLOSING captured: Daniel Bzdigian @ Cobey Fehr (+20m to start, event c689d001)
[2026-06-27T22:40:05Z]   ✓ MMA CLOSING captured: Ilara Joanne @ Shannon Clark (+20m to start, event fe6bf375)
[2026-06-27T22:40:05Z]   ✓ MMA pre-game captured: Jena Bishop @ Ariane Lipski (+80m to start, event dc08ab65)
[2026-06-27T22:40:06Z]   ✓ MMA pre-game captured: Sarvarjon Hamidov @ Justin Wetzell (+80m to start, event b0504c38)
[2026-06-27T22:40:06Z]   Total events captured this run: 16
[2026-06-27T23:45:26Z]   ✓ MLB pre-game captured: Los Angeles Dodgers @ San Diego Padres (+56m to start, event 27ffbf76)
[2026-06-27T23:45:26Z]   ✓ MLB pre-game captured: Atlanta Braves @ San Francisco Giants (+81m to start, event 2a9b760c)
[2026-06-27T23:45:27Z]   ✓ WNBA CLOSING captured: Los Angeles Sparks @ Indiana Fever (+15m to start, event 2976904b)
[2026-06-27T23:45:27Z]   ✓ WNBA pre-game captured: Atlanta Dream @ Seattle Storm (+75m to start, event bf31ba4d)
[2026-06-27T23:45:28Z]   ✓ UFC CLOSING captured: Jena Bishop @ Ariane Lipski (+15m to start, event dc08ab65)
[2026-06-27T23:45:28Z]   ✓ UFC CLOSING captured: Sarvarjon Hamidov @ Justin Wetzell (+15m to start, event b0504c38)
[2026-06-27T23:45:28Z]   ✓ MMA CLOSING captured: Jena Bishop @ Ariane Lipski (+15m to start, event dc08ab65)
[2026-06-27T23:45:28Z]   ✓ MMA CLOSING captured: Sarvarjon Hamidov @ Justin Wetzell (+15m to start, event b0504c38)
[2026-06-27T23:45:29Z]   Total events captured this run: 8
[2026-06-28T01:56:05Z]   ✓ SOCCER CLOSING captured: Austria @ Algeria (+4m to start, event 8756200e)
[2026-06-28T01:56:05Z]   ✓ SOCCER CLOSING captured: Argentina @ Jordan (+4m to start, event 54697f45)
[2026-06-28T01:56:06Z]   ✓ UFC pre-game captured: Rob Wilkinson @ Abraham Bably (+34m to start, event 10894457)
[2026-06-28T01:56:06Z]   ✓ UFC pre-game captured: Alfie Davis @ Alexander Shabliy (+79m to start, event 2af47620)
[2026-06-28T01:56:07Z]   ✓ MMA pre-game captured: Rob Wilkinson @ Abraham Bably (+34m to start, event 10894457)
[2026-06-28T01:56:07Z]   ✓ MMA pre-game captured: Alfie Davis @ Alexander Shabliy (+79m to start, event 2af47620)
[2026-06-28T01:56:08Z]   Total events captured this run: 6
[2026-06-28T16:21:34Z]   ✓ MLB pre-game captured: Washington Nationals @ Baltimore Orioles (+74m to start, event f5918072)
[2026-06-28T16:21:35Z]   ✓ MLB pre-game captured: Cincinnati Reds @ Pittsburgh Pirates (+74m to start, event 96653b1a)
[2026-06-28T16:21:35Z]   ✓ MLB pre-game captured: Texas Rangers @ Toronto Blue Jays (+76m to start, event 7da2c68d)
[2026-06-28T16:21:35Z]   ✓ MLB pre-game captured: Arizona Diamondbacks @ Tampa Bay Rays (+79m to start, event a5bdd330)
[2026-06-28T16:21:36Z]   ✓ MLB pre-game captured: Seattle Mariners @ Cleveland Guardians (+79m to start, event 640afea5)
[2026-06-28T16:21:36Z]   ✓ MLB pre-game captured: Houston Astros @ Detroit Tigers (+79m to start, event 6cb0db39)
[2026-06-28T16:21:36Z]   ✓ MLB pre-game captured: Philadelphia Phillies @ New York Mets (+79m to start, event f156eda9)
[2026-06-28T16:21:38Z]   Total events captured this run: 7
[2026-06-28T17:40:34Z]   ✓ MLB CLOSING captured: Cincinnati Reds @ Pittsburgh Pirates (-5m to start, event 96653b1a)
[2026-06-28T17:40:34Z]   ✓ MLB CLOSING captured: Texas Rangers @ Toronto Blue Jays (-3m to start, event 7da2c68d)
[2026-06-28T17:40:34Z]   ✓ MLB CLOSING captured: Washington Nationals @ Baltimore Orioles (-2m to start, event f5918072)
[2026-06-28T17:40:35Z]   ✓ MLB CLOSING captured: Arizona Diamondbacks @ Tampa Bay Rays (+0m to start, event a5bdd330)
[2026-06-28T17:40:35Z]   ✓ MLB CLOSING captured: Seattle Mariners @ Cleveland Guardians (+0m to start, event 640afea5)
[2026-06-28T17:40:35Z]   ✓ MLB CLOSING captured: Houston Astros @ Detroit Tigers (+0m to start, event 6cb0db39)
[2026-06-28T17:40:35Z]   ✓ MLB CLOSING captured: Philadelphia Phillies @ New York Mets (+0m to start, event f156eda9)
[2026-06-28T17:40:36Z]   ✓ MLB pre-game captured: Colorado Rockies @ Minnesota Twins (+29m to start, event 9b4d594f)
[2026-06-28T17:40:36Z]   ✓ MLB pre-game captured: Chicago Cubs @ Milwaukee Brewers (+30m to start, event 08db9965)
[2026-06-28T17:40:36Z]   ✓ MLB pre-game captured: Kansas City Royals @ Chicago White Sox (+30m to start, event cba65213)
[2026-06-28T17:40:37Z]   ✓ MLB pre-game captured: Miami Marlins @ St. Louis Cardinals (+35m to start, event a0d8dffc)
[2026-06-28T17:40:37Z]   ✓ WNBA CLOSING captured: Minnesota Lynx @ Dallas Wings (+19m to start, event fd3f57e3)
[2026-06-28T17:40:38Z]   ✓ WNBA pre-game captured: Portland Fire @ Washington Mystics (+79m to start, event a11fe795)
[2026-06-28T17:40:38Z]   ✓ SOCCER pre-game captured: Canada @ South Africa (+79m to start, event def55b09)
[2026-06-28T17:40:39Z]   Total events captured this run: 14
[2026-06-28T18:54:56Z]   ✓ MLB CLOSING captured: Athletics @ Los Angeles Angels (+21m to start, event ae4c2503)
[2026-06-28T18:54:56Z]   ✓ MLB pre-game captured: Atlanta Braves @ San Francisco Giants (+71m to start, event 3f981bce)
[2026-06-28T18:54:56Z]   ✓ MLB pre-game captured: Los Angeles Dodgers @ San Diego Padres (+76m to start, event bc42a99e)
[2026-06-28T18:54:57Z]   ✓ WNBA CLOSING captured: Portland Fire @ Washington Mystics (+5m to start, event a11fe795)
[2026-06-28T18:54:57Z]   ✓ WNBA pre-game captured: Las Vegas Aces @ Chicago Sky (+65m to start, event 75a6b687)
[2026-06-28T18:54:57Z]   ✓ SOCCER CLOSING captured: Canada @ South Africa (+5m to start, event def55b09)
[2026-06-28T18:54:58Z]   Total events captured this run: 6
[2026-06-28T21:33:23Z]   ✓ WNBA pre-game captured: New York Liberty @ Golden State Valkyries (+87m to start, event 83f0a57a)
[2026-06-28T21:33:24Z]   Total events captured this run: 1
[2026-06-28T22:39:50Z]   ✓ MLB pre-game captured: New York Yankees @ Boston Red Sox (+41m to start, event 4e17597e)
[2026-06-28T22:39:51Z]   ✓ WNBA CLOSING captured: New York Liberty @ Golden State Valkyries (+20m to start, event 83f0a57a)
[2026-06-28T22:39:52Z]   Total events captured this run: 2
[2026-06-29T19:17:24Z]   ✓ SOCCER pre-game captured: Paraguay @ Germany (+73m to start, event 4930db8e)
[2026-06-29T19:17:25Z]   Total events captured this run: 1
[2026-06-29T22:17:06Z]   ✓ MLB CLOSING captured: Chicago White Sox @ Baltimore Orioles (+19m to start, event da58edb8)
[2026-06-29T22:17:07Z]   ✓ MLB CLOSING captured: Pittsburgh Pirates @ Philadelphia Phillies (+24m to start, event e82ac8c2)
[2026-06-29T22:17:07Z]   ✓ MLB pre-game captured: Detroit Tigers @ New York Yankees (+49m to start, event 140bee45)
[2026-06-29T22:17:07Z]   ✓ MLB pre-game captured: New York Mets @ Toronto Blue Jays (+51m to start, event 894c544f)
[2026-06-29T22:17:07Z]   ✓ MLB pre-game captured: Washington Nationals @ Boston Red Sox (+54m to start, event ca341550)
[2026-06-29T22:17:08Z]   ✓ MLB pre-game captured: Texas Rangers @ Cleveland Guardians (+54m to start, event 74432b66)
[2026-06-29T22:17:08Z]   ✓ MLB pre-game captured: Cincinnati Reds @ Milwaukee Brewers (+84m to start, event 67d21f1e)
[2026-06-29T22:17:09Z]   Total events captured this run: 7
[2026-06-29T23:29:21Z]   ✓ MLB CLOSING captured: Cincinnati Reds @ Milwaukee Brewers (+12m to start, event 67d21f1e)
[2026-06-29T23:29:21Z]   ✓ MLB pre-game captured: San Diego Padres @ Chicago Cubs (+37m to start, event 9e37d48e)
[2026-06-29T23:29:21Z]   ✓ MLB pre-game captured: Minnesota Twins @ Houston Astros (+42m to start, event ea976bf0)
[2026-06-29T23:29:22Z]   ✓ MLB pre-game captured: Miami Marlins @ Colorado Rockies (+72m to start, event 08c10b4a)
[2026-06-29T23:29:22Z]   Total events captured this run: 4
[2026-06-30T01:33:25Z]   ✓ MLB CLOSING captured: San Francisco Giants @ Arizona Diamondbacks (+8m to start, event bc5ac701)
[2026-06-30T01:33:25Z]   ✓ MLB CLOSING captured: Los Angeles Dodgers @ Athletics (+8m to start, event a898264b)
[2026-06-30T01:33:25Z]   ✓ MLB CLOSING captured: Los Angeles Angels @ Seattle Mariners (+8m to start, event 0ce57b4f)
[2026-06-30T01:33:26Z]   Total events captured this run: 3
[2026-06-30T16:10:24Z]   ✓ SOCCER pre-game captured: Norway @ Ivory Coast (+50m to start, event ce017bea)
[2026-06-30T16:10:24Z]   Total events captured this run: 1
[2026-06-30T20:23:24Z]   ✓ SOCCER pre-game captured: Sweden @ France (+37m to start, event 0b549152)
[2026-06-30T20:23:25Z]   Total events captured this run: 1
[2026-06-30T22:01:33Z]   ✓ MLB pre-game captured: Chicago White Sox @ Baltimore Orioles (+34m to start, event fc7f7468)
[2026-06-30T22:01:33Z]   ✓ MLB pre-game captured: Texas Rangers @ Cleveland Guardians (+39m to start, event 0673c603)
[2026-06-30T22:01:33Z]   ✓ MLB pre-game captured: Pittsburgh Pirates @ Philadelphia Phillies (+39m to start, event f6266726)
[2026-06-30T22:01:34Z]   ✓ MLB pre-game captured: Detroit Tigers @ New York Yankees (+64m to start, event 5ee2ae64)
[2026-06-30T22:01:34Z]   ✓ MLB pre-game captured: New York Mets @ Toronto Blue Jays (+66m to start, event d394e345)
[2026-06-30T22:01:34Z]   ✓ MLB pre-game captured: Washington Nationals @ Boston Red Sox (+69m to start, event ff56e951)
[2026-06-30T22:01:35Z]   ✓ MLB pre-game captured: St. Louis Cardinals @ Atlanta Braves (+74m to start, event 6685cf65)
[2026-06-30T22:01:36Z]   ✓ WNBA pre-game captured: Las Vegas Aces @ New York Liberty (+58m to start, event c72d086a)
[2026-06-30T22:01:37Z]   Total events captured this run: 8
[2026-06-30T23:23:08Z]   ✓ MLB CLOSING captured: Cincinnati Reds @ Milwaukee Brewers (+18m to start, event 1d26cb2e)
[2026-06-30T23:23:08Z]   ✓ MLB CLOSING captured: Tampa Bay Rays @ Kansas City Royals (+18m to start, event 5a0c2a8d)
[2026-06-30T23:23:09Z]   ✓ MLB pre-game captured: San Diego Padres @ Chicago Cubs (+43m to start, event 090b0370)
[2026-06-30T23:23:09Z]   ✓ MLB pre-game captured: Minnesota Twins @ Houston Astros (+48m to start, event 878878a6)
[2026-06-30T23:23:09Z]   ✓ MLB pre-game captured: Miami Marlins @ Colorado Rockies (+78m to start, event c9a7f8f7)
[2026-06-30T23:23:11Z]   Total events captured this run: 5
[2026-07-01T01:54:08Z]   ✓ SOCCER CLOSING captured: Ecuador @ Mexico (+6m to start, event f58c55a9)
[2026-07-01T01:54:09Z]   Total events captured this run: 1
[2026-07-01T15:59:54Z]   ✓ MLB pre-game captured: Chicago White Sox @ Baltimore Orioles (+36m to start, event 2788dd0a)
[2026-07-01T15:59:55Z]   ✓ MLB pre-game captured: Texas Rangers @ Cleveland Guardians (+71m to start, event f59c1e30)
[2026-07-01T15:59:55Z]   ✓ SOCCER CLOSING captured: DR Congo @ England (+0m to start, event 5ff77443)
[2026-07-01T15:59:56Z]   Total events captured this run: 3
[2026-07-01T18:07:11Z]   ✓ MLB CLOSING captured: San Diego Padres @ Chicago Cubs (+14m to start, event 51cf948c)
[2026-07-01T18:07:12Z]   ✓ MLB pre-game captured: New York Mets @ Toronto Blue Jays (+61m to start, event cea9b7f2)
[2026-07-01T18:07:13Z]   Total events captured this run: 2
[2026-07-01T21:52:23Z]   ✓ MLB pre-game captured: Pittsburgh Pirates @ Philadelphia Phillies (+49m to start, event 5961513f)
[2026-07-01T21:52:23Z]   ✓ MLB pre-game captured: St. Louis Cardinals @ Atlanta Braves (+84m to start, event 9bc02db3)
[2026-07-01T21:52:25Z]   Total events captured this run: 2
[2026-07-01T22:59:39Z]   ✓ MLB CLOSING captured: St. Louis Cardinals @ Atlanta Braves (+16m to start, event 9bc02db3)
[2026-07-01T22:59:39Z]   ✓ MLB pre-game captured: Tampa Bay Rays @ Kansas City Royals (+41m to start, event cf32c965)
[2026-07-01T22:59:40Z]   ✓ MLB pre-game captured: Cincinnati Reds @ Milwaukee Brewers (+71m to start, event 155102fc)
[2026-07-01T22:59:40Z]   ✓ MLB pre-game captured: Minnesota Twins @ Houston Astros (+71m to start, event c771b9e3)
[2026-07-01T22:59:41Z]   ✓ SOCCER pre-game captured: Bosnia & Herzegovina @ USA (+60m to start, event 9eeb4876)
[2026-07-01T22:59:41Z]   Total events captured this run: 5
[2026-07-02T00:18:09Z]   ✓ MLB CLOSING captured: Miami Marlins @ Colorado Rockies (+23m to start, event 8cb46e5f)
[2026-07-02T00:18:10Z]   ✓ MLB pre-game captured: San Francisco Giants @ Arizona Diamondbacks (+83m to start, event 4613f606)
[2026-07-02T00:18:10Z]   ✓ MLB pre-game captured: Los Angeles Dodgers @ Athletics (+83m to start, event 89e2407a)
[2026-07-02T00:18:11Z]   Total events captured this run: 3
[2026-07-02T16:59:03Z]   ✓ MLB pre-game captured: Cincinnati Reds @ Milwaukee Brewers (+72m to start, event 2bbaa286)
[2026-07-02T16:59:04Z]   Total events captured this run: 1
[2026-07-02T18:42:54Z]   ✓ MLB pre-game captured: Miami Marlins @ Colorado Rockies (+28m to start, event bf902b3b)
[2026-07-02T18:42:55Z]   ✓ SOCCER CLOSING captured: Austria @ Spain (+17m to start, event a518ac20)
[2026-07-02T18:42:56Z]   Total events captured this run: 2
[2026-07-02T21:37:39Z]   ✓ MLB pre-game captured: Chicago White Sox @ Cleveland Guardians (+63m to start, event 6f7b9d64)
[2026-07-02T21:37:40Z]   ✓ SOCCER pre-game captured: Croatia @ Portugal (+82m to start, event 852b4baf)
[2026-07-02T21:37:40Z]   Total events captured this run: 2
[2026-07-02T22:49:43Z]   ✓ MLB pre-game captured: St. Louis Cardinals @ Atlanta Braves (+26m to start, event a0e93fca)
[2026-07-02T22:49:44Z]   ✓ MLB pre-game captured: Tampa Bay Rays @ Kansas City Royals (+51m to start, event e01b5de2)
[2026-07-02T22:49:44Z]   ✓ MLB pre-game captured: Detroit Tigers @ Texas Rangers (+76m to start, event 63d068d2)
[2026-07-02T22:49:45Z]   ✓ WNBA pre-game captured: Atlanta Dream @ Washington Mystics (+40m to start, event aca4e454)
[2026-07-02T22:49:45Z]   ✓ WNBA pre-game captured: Dallas Wings @ Connecticut Sun (+70m to start, event 352c810f)
[2026-07-02T22:49:45Z]   ✓ SOCCER CLOSING captured: Croatia @ Portugal (+10m to start, event 852b4baf)
[2026-07-02T22:49:46Z]   Total events captured this run: 6
[2026-07-02T23:50:33Z]   ✓ MLB CLOSING captured: Detroit Tigers @ Texas Rangers (+15m to start, event 63d068d2)
[2026-07-02T23:50:34Z]   ✓ WNBA CLOSING captured: Dallas Wings @ Connecticut Sun (+9m to start, event 352c810f)
[2026-07-02T23:50:35Z]   Total events captured this run: 2
[2026-07-03T01:22:52Z]   ✓ MLB CLOSING captured: Los Angeles Angels @ Seattle Mariners (+18m to start, event 283444f7)
[2026-07-03T01:22:52Z]   ✓ MLB pre-game captured: San Diego Padres @ Los Angeles Dodgers (+48m to start, event ae95cd98)
[2026-07-03T01:22:53Z]   ✓ WNBA pre-game captured: Seattle Storm @ Phoenix Mercury (+37m to start, event ad4e7aa7)
[2026-07-03T01:22:53Z]   Total events captured this run: 3
[2026-07-03T16:59:37Z]   ✓ SOCCER pre-game captured: Egypt @ Australia (+60m to start, event fb270a3d)
[2026-07-03T16:59:38Z]   Total events captured this run: 1
[2026-07-03T19:54:56Z]   ✓ MLB CLOSING captured: St. Louis Cardinals @ Chicago Cubs (+20m to start, event 471b2b7b)
[2026-07-03T19:54:57Z]   Total events captured this run: 1
[2026-07-03T21:18:58Z]   ✓ MLB pre-game captured: Pittsburgh Pirates @ Washington Nationals (+86m to start, event 14423828)
[2026-07-03T21:18:59Z]   ✓ SOCCER pre-game captured: Cape Verde @ Argentina (+41m to start, event 3e161b24)
[2026-07-03T21:19:00Z]   Total events captured this run: 2
[2026-07-03T22:29:30Z]   ✓ MLB CLOSING captured: Pittsburgh Pirates @ Washington Nationals (+15m to start, event 14423828)
[2026-07-03T22:29:31Z]   ✓ MLB pre-game captured: Minnesota Twins @ New York Yankees (+35m to start, event 0a776946)
[2026-07-03T22:29:31Z]   ✓ MLB pre-game captured: Baltimore Orioles @ Cincinnati Reds (+40m to start, event 6a7d6767)
[2026-07-03T22:29:31Z]   ✓ MLB pre-game captured: Chicago White Sox @ Cleveland Guardians (+40m to start, event b854e09a)
[2026-07-03T22:29:32Z]   ✓ MLB pre-game captured: New York Mets @ Atlanta Braves (+45m to start, event 02a01af3)
[2026-07-03T22:29:33Z]   ✓ WNBA pre-game captured: Minnesota Lynx @ New York Liberty (+70m to start, event eb6f53f2)
[2026-07-03T22:29:34Z]   Total events captured this run: 6
[2026-07-03T23:38:18Z]   ✓ MLB pre-game captured: San Francisco Giants @ Colorado Rockies (+32m to start, event 3bf177f1)
[2026-07-03T23:38:18Z]   ✓ MLB pre-game captured: Tampa Bay Rays @ Houston Astros (+37m to start, event f0e24a50)
[2026-07-03T23:38:19Z]   Total events captured this run: 2
[2026-07-04T01:20:50Z]   ✓ MLB CLOSING captured: Boston Red Sox @ Los Angeles Angels (+17m to start, event 10e96b5a)
[2026-07-04T01:20:51Z]   ✓ MLB CLOSING captured: Milwaukee Brewers @ Arizona Diamondbacks (+24m to start, event bb4dc431)
[2026-07-04T01:20:51Z]   ✓ MLB CLOSING captured: Miami Marlins @ Athletics (+24m to start, event 5434f34b)
[2026-07-04T01:20:52Z]   ✓ MLB pre-game captured: San Diego Padres @ Los Angeles Dodgers (+49m to start, event 0341580e)
[2026-07-04T01:20:52Z]   ✓ MLB pre-game captured: Toronto Blue Jays @ Seattle Mariners (+49m to start, event 90671747)
[2026-07-04T01:20:53Z]   ✓ WNBA pre-game captured: Chicago Sky @ Las Vegas Aces (+39m to start, event bddb8ab1)
[2026-07-04T01:20:54Z]   ✓ SOCCER CLOSING captured: Ghana @ Colombia (+9m to start, event 88e032a2)
[2026-07-04T01:20:55Z]   Total events captured this run: 7
[2026-07-04T14:20:37Z]   ✓ MLB pre-game captured: Pittsburgh Pirates @ Washington Nationals (+45m to start, event cf306923)
[2026-07-04T14:20:38Z]   Total events captured this run: 1
[2026-07-04T15:36:28Z]   ✓ WNBA pre-game captured: Golden State Valkyries @ Atlanta Dream (+84m to start, event c7e2d132)
[2026-07-04T15:36:28Z]   ✓ SOCCER pre-game captured: Morocco @ Canada (+84m to start, event 9c7073ae)
[2026-07-04T15:36:28Z]   Total events captured this run: 2
[2026-07-04T16:38:12Z]   ✓ MLB pre-game captured: Minnesota Twins @ New York Yankees (+58m to start, event 612d9a4c)
[2026-07-04T16:38:13Z]   ✓ WNBA CLOSING captured: Golden State Valkyries @ Atlanta Dream (+22m to start, event c7e2d132)
[2026-07-04T16:38:14Z]   ✓ SOCCER CLOSING captured: Morocco @ Canada (+22m to start, event 9c7073ae)
[2026-07-04T16:38:14Z]   ✓ UFC pre-game captured: Randy Mboyo @ Anas Nfaou (+52m to start, event 4e242137)
[2026-07-04T16:38:15Z]   ✓ UFC pre-game captured: David Allen @ Geoff Pavey (+52m to start, event e0fcb78a)
[2026-07-04T16:38:15Z]   ✓ UFC pre-game captured: Lincoln Strong @ Zanyar Kamaran (+52m to start, event 9782d889)
[2026-07-04T16:38:15Z]   ✓ MMA pre-game captured: Randy Mboyo @ Anas Nfaou (+52m to start, event 4e242137)
[2026-07-04T16:38:16Z]   ✓ MMA pre-game captured: David Allen @ Geoff Pavey (+52m to start, event e0fcb78a)
[2026-07-04T16:38:16Z]   ✓ MMA pre-game captured: Lincoln Strong @ Zanyar Kamaran (+52m to start, event 9782d889)
[2026-07-04T16:38:16Z]   Total events captured this run: 9
[2026-07-04T18:45:22Z]   ✓ MLB pre-game captured: Detroit Tigers @ Texas Rangers (+81m to start, event ec4b8533)
[2026-07-04T18:45:22Z]   ✓ MLB pre-game captured: Toronto Blue Jays @ Seattle Mariners (+86m to start, event 984229c1)
[2026-07-04T18:45:23Z]   ✓ UFC pre-game captured: Rony Henrique @ Damiano Scogna (+45m to start, event be4d4213)
[2026-07-04T18:45:23Z]   ✓ UFC pre-game captured: Gabriele Galluccio @ Oscar Ownsworth (+45m to start, event 3ba9140a)
[2026-07-04T18:45:24Z]   ✓ UFC pre-game captured: Nell Ariano @ Norbert Pietrzak (+45m to start, event c5c50656)
[2026-07-04T18:45:24Z]   ✓ UFC pre-game captured: Vladimir Stanca @ Stevie Lee (+45m to start, event 0f709382)
[2026-07-04T18:45:24Z]   ✓ MMA pre-game captured: Rony Henrique @ Damiano Scogna (+45m to start, event be4d4213)
[2026-07-04T18:45:24Z]   ✓ MMA pre-game captured: Gabriele Galluccio @ Oscar Ownsworth (+45m to start, event 3ba9140a)
[2026-07-04T18:45:24Z]   ✓ MMA pre-game captured: Nell Ariano @ Norbert Pietrzak (+45m to start, event c5c50656)
[2026-07-04T18:45:25Z]   ✓ MMA pre-game captured: Vladimir Stanca @ Stevie Lee (+45m to start, event 0f709382)
[2026-07-04T18:45:25Z]   Total events captured this run: 10
[2026-07-04T20:00:06Z]   ✓ MLB CLOSING captured: Detroit Tigers @ Texas Rangers (+6m to start, event ec4b8533)
[2026-07-04T20:00:07Z]   ✓ MLB CLOSING captured: Toronto Blue Jays @ Seattle Mariners (+11m to start, event 984229c1)
[2026-07-04T20:00:08Z]   ✓ SOCCER pre-game captured: France @ Paraguay (+60m to start, event c798a1ff)
[2026-07-04T20:00:08Z]   ✓ UFC pre-game captured: Nicolas Savio @ George Hardwick (+30m to start, event 6cad6568)
[2026-07-04T20:00:09Z]   ✓ MMA pre-game captured: Nicolas Savio @ George Hardwick (+30m to start, event 6cad6568)
[2026-07-04T20:00:09Z]   Total events captured this run: 5
[2026-07-04T22:14:29Z]   ✓ MLB pre-game captured: Baltimore Orioles @ Cincinnati Reds (+57m to start, event e9d56acb)
[2026-07-04T22:14:29Z]   ✓ MLB pre-game captured: Chicago White Sox @ Cleveland Guardians (+57m to start, event 929b8a02)
[2026-07-04T22:14:29Z]   ✓ MLB pre-game captured: Tampa Bay Rays @ Houston Astros (+57m to start, event 516860d1)
[2026-07-04T22:14:30Z]   Total events captured this run: 3
[2026-07-04T23:17:39Z]   ✓ MLB pre-game captured: New York Mets @ Atlanta Braves (+51m to start, event 304cfd62)
[2026-07-04T23:17:39Z]   ✓ MLB pre-game captured: St. Louis Cardinals @ Chicago Cubs (+51m to start, event ee9972ca)
[2026-07-04T23:17:39Z]   ✓ MLB pre-game captured: San Francisco Giants @ Colorado Rockies (+53m to start, event 01abcc9d)
[2026-07-04T23:17:39Z]   ✓ MLB pre-game captured: Philadelphia Phillies @ Kansas City Royals (+53m to start, event 478dd82a)
[2026-07-04T23:17:40Z]   Total events captured this run: 4
[2026-07-05T00:17:02Z]   ✓ MLB CLOSING captured: San Francisco Giants @ Colorado Rockies (+14m to start, event 01abcc9d)
[2026-07-05T00:17:02Z]   ✓ MLB pre-game captured: St. Louis Cardinals @ Chicago Cubs (+49m to start, event ee9972ca)
[2026-07-05T00:17:03Z]   ✓ MLB pre-game captured: Boston Red Sox @ Los Angeles Angels (+82m to start, event 56eb7210)
[2026-07-05T00:17:03Z]   ✓ MLB pre-game captured: Milwaukee Brewers @ Arizona Diamondbacks (+84m to start, event a523c1ba)
[2026-07-05T00:17:03Z]   ✓ MLB pre-game captured: Miami Marlins @ Athletics (+84m to start, event 33b4c5f5)
[2026-07-05T00:17:04Z]   ✓ WNBA pre-game captured: Portland Fire @ Seattle Storm (+43m to start, event a94e67bc)
[2026-07-05T00:17:05Z]   Total events captured this run: 6
[2026-07-05T15:56:31Z]   ✓ MLB pre-game captured: New York Mets @ Atlanta Braves (+33m to start, event 6f0fa1db)
[2026-07-05T15:56:32Z]   ✓ MLB pre-game captured: Pittsburgh Pirates @ Washington Nationals (+64m to start, event e7bb88c6)
[2026-07-05T15:56:32Z]   ✓ MLB pre-game captured: Baltimore Orioles @ Cincinnati Reds (+68m to start, event ff0f58de)
[2026-07-05T15:56:33Z]   Total events captured this run: 3
[2026-07-05T17:23:05Z]   ✓ MLB CLOSING captured: New York Mets @ Atlanta Braves (+12m to start, event 6f0fa1db)
[2026-07-05T17:23:05Z]   ✓ MLB CLOSING captured: Minnesota Twins @ New York Yankees (+12m to start, event 29749cde)
[2026-07-05T17:23:05Z]   ✓ MLB pre-game captured: Chicago White Sox @ Cleveland Guardians (+37m to start, event 8ea201bd)
[2026-07-05T17:23:06Z]   ✓ MLB pre-game captured: St. Louis Cardinals @ Chicago Cubs (+67m to start, event 5aed3245)
[2026-07-05T17:23:07Z]   Total events captured this run: 4
[2026-07-05T18:40:58Z]   ✓ MLB CLOSING captured: Chicago White Sox @ Cleveland Guardians (+4m to start, event 8ea201bd)
[2026-07-05T18:40:58Z]   ✓ MLB CLOSING captured: Philadelphia Phillies @ Kansas City Royals (+20m to start, event 4dea73f2)
[2026-07-05T18:40:59Z]   ✓ MLB pre-game captured: Detroit Tigers @ Texas Rangers (+50m to start, event 12eaa8df)
[2026-07-05T18:40:59Z]   ✓ MLB pre-game captured: Tampa Bay Rays @ Houston Astros (+50m to start, event 1dea8474)
[2026-07-05T18:40:59Z]   ✓ MLB pre-game captured: Milwaukee Brewers @ Arizona Diamondbacks (+79m to start, event acc7a547)
[2026-07-05T18:40:59Z]   ✓ MLB pre-game captured: San Francisco Giants @ Colorado Rockies (+79m to start, event a2dde9d9)
[2026-07-05T18:41:00Z]   ✓ WNBA CLOSING captured: Dallas Wings @ Toronto Tempo (+19m to start, event 54f91bf5)
[2026-07-05T18:41:00Z]   ✓ SOCCER pre-game captured: Norway @ Brazil (+79m to start, event a4634eae)
[2026-07-05T18:41:01Z]   Total events captured this run: 8
[2026-07-05T20:02:42Z]   ✓ MLB CLOSING captured: Milwaukee Brewers @ Arizona Diamondbacks (+2m to start, event acc7a547)
[2026-07-05T20:02:42Z]   ✓ MLB CLOSING captured: San Francisco Giants @ Colorado Rockies (+2m to start, event a2dde9d9)
[2026-07-05T20:02:42Z]   ✓ MLB pre-game captured: Miami Marlins @ Athletics (+28m to start, event 5fb0c67a)
[2026-07-05T20:02:43Z]   ✓ MLB pre-game captured: Toronto Blue Jays @ Seattle Mariners (+57m to start, event 2cf5f7fa)
[2026-07-05T20:02:44Z]   ✓ SOCCER CLOSING captured: Norway @ Brazil (-3m to start, event a4634eae)
[2026-07-05T20:02:44Z]   Total events captured this run: 5
[2026-07-05T22:16:34Z]   ✓ MLB pre-game captured: San Diego Padres @ Los Angeles Dodgers (+64m to start, event 2991d31e)
[2026-07-05T22:16:35Z]   ✓ WNBA pre-game captured: Indiana Fever @ Las Vegas Aces (+43m to start, event f784500c)
[2026-07-05T22:16:35Z]   Total events captured this run: 2
[2026-07-05T23:31:53Z]   ✓ SOCCER pre-game captured: England @ Mexico (+88m to start, event e61a7b47)
[2026-07-05T23:31:53Z]   Total events captured this run: 1
[2026-07-06T01:18:55Z]   ✓ MLB CLOSING captured: Boston Red Sox @ Los Angeles Angels (+12m to start, event 0351ac13)
[2026-07-06T01:18:56Z]   ✓ GOLF pre-tee: golf_the_open_championship_winner (150 players, +14621m to tee)
[2026-07-06T01:18:56Z]   Total events captured this run: 2
[2026-07-06T05:40:36Z]   ✓ GOLF pre-tee: golf_the_open_championship_winner (150 players, +14359m to tee)
[2026-07-06T05:40:36Z]   Total events captured this run: 1
[2026-07-06T09:46:25Z]   ✓ TENNIS_WTA_WIMBLEDON CLOSING captured: Marta Kostyuk @ Ashlyn Krueger (+14m to start, event 971037c4)
[2026-07-06T09:46:26Z]   ✓ GOLF pre-tee: golf_the_open_championship_winner (150 players, +14114m to tee)
[2026-07-06T09:46:26Z]   Total events captured this run: 2
[2026-07-06T13:35:03Z]   ✓ TENNIS_ATP_WIMBLEDON pre-game captured: Arthur Fery @ Grigor Dimitrov (+46m to start, event deb46b10)
[2026-07-06T13:35:03Z]   ✓ TENNIS_WTA_WIMBLEDON CLOSING captured: Linda Noskova @ Madison Keys (+13m to start, event b6bcec43)
[2026-07-06T13:35:06Z]   ✓ GOLF pre-tee: golf_the_open_championship_winner (150 players, +13885m to tee)
[2026-07-06T13:35:06Z]   Total events captured this run: 3
[2026-07-06T16:42:52Z]   ✓ TENNIS_ATP_WIMBLEDON CLOSING captured: Alexander Bublik @ Taylor Fritz (+7m to start, event a66a7b94)
[2026-07-06T16:42:53Z]   ✓ TENNIS_ATP_WIMBLEDON CLOSING captured: Alexander Zverev @ Jiri Lehecka (+23m to start, event f0620d5f)
[2026-07-06T16:42:53Z]   ✓ MLB pre-game captured: Philadelphia Phillies @ Kansas City Royals (+88m to start, event caea4c34)
[2026-07-06T16:42:55Z]   ✓ GOLF pre-tee: golf_the_open_championship_winner (150 players, +13697m to tee)
[2026-07-06T16:42:55Z]   Total events captured this run: 4
[2026-07-06T18:47:53Z]   ✓ SOCCER CLOSING captured: Spain @ Portugal (+12m to start, event 16ed3adc)
[2026-07-06T18:47:54Z]   ✓ GOLF pre-tee: golf_the_open_championship_winner (150 players, +13572m to tee)
[2026-07-06T18:47:54Z]   Total events captured this run: 2
[2026-07-06T20:45:50Z]   ✓ GOLF pre-tee: golf_the_open_championship_winner (150 players, +13454m to tee)
[2026-07-06T20:45:50Z]   Total events captured this run: 1
[2026-07-06T22:04:15Z]   ✓ MLB pre-game captured: New York Yankees @ Tampa Bay Rays (+37m to start, event 8708f0b1)
[2026-07-06T22:04:15Z]   ✓ MLB pre-game captured: Houston Astros @ Washington Nationals (+42m to start, event 14986526)
[2026-07-06T22:04:16Z]   ✓ MLB pre-game captured: New York Mets @ Atlanta Braves (+72m to start, event ceda0420)
[2026-07-06T22:04:17Z]   ✓ GOLF pre-tee: golf_the_open_championship_winner (150 players, +13376m to tee)
[2026-07-06T22:04:17Z]   Total events captured this run: 4
[2026-07-06T23:19:52Z]   ✓ MLB CLOSING captured: New York Mets @ Atlanta Braves (-4m to start, event ceda0420)
[2026-07-06T23:19:52Z]   ✓ MLB pre-game captured: Milwaukee Brewers @ St. Louis Cardinals (+26m to start, event e5295ada)
[2026-07-06T23:19:53Z]   ✓ WNBA CLOSING captured: Golden State Valkyries @ Washington Mystics (+20m to start, event 1fbe348b)
[2026-07-06T23:19:53Z]   ✓ WNBA pre-game captured: Connecticut Sun @ Minnesota Lynx (+40m to start, event 9c39120f)
[2026-07-06T23:19:54Z]   ✓ SOCCER pre-game captured: Belgium @ USA (+40m to start, event 810f80b3)
[2026-07-06T23:19:55Z]   ✓ GOLF pre-tee: golf_the_open_championship_winner (150 players, +13300m to tee)
[2026-07-06T23:19:55Z]   Total events captured this run: 6
[2026-07-07T01:12:03Z]   ✓ MLB pre-game captured: Arizona Diamondbacks @ San Diego Padres (+29m to start, event d1ba74ca)
[2026-07-07T01:12:03Z]   ✓ MLB pre-game captured: Toronto Blue Jays @ San Francisco Giants (+34m to start, event 92bad434)
[2026-07-07T01:12:03Z]   ✓ MLB pre-game captured: Colorado Rockies @ Los Angeles Dodgers (+59m to start, event ce47831d)
[2026-07-07T01:12:04Z]   ✓ WNBA pre-game captured: Seattle Storm @ Los Angeles Sparks (+58m to start, event 4db4df7b)
[2026-07-07T01:12:05Z]   ✓ GOLF pre-tee: golf_the_open_championship_winner (150 players, +13188m to tee)
[2026-07-07T01:12:05Z]   Total events captured this run: 5
[2026-07-07T05:10:46Z]   ✓ GOLF pre-tee: golf_the_open_championship_winner (150 players, +12949m to tee)
[2026-07-07T05:10:46Z]   Total events captured this run: 1
[2026-07-07T08:46:37Z]   ✓ GOLF pre-tee: golf_the_open_championship_winner (150 players, +12733m to tee)
[2026-07-07T08:46:37Z]   Total events captured this run: 1
[2026-07-07T11:33:42Z]   ✓ TENNIS_ATP_WIMBLEDON pre-game captured: Jan-Lennard Struff @ Jannik Sinner (+26m to start, event cec20beb)
[2026-07-07T11:33:42Z]   ✓ TENNIS_WTA_WIMBLEDON pre-game captured: Coco Gauff @ Jessica Pegula (+56m to start, event 62ce3acf)
[2026-07-07T11:33:44Z]   ✓ GOLF pre-tee: golf_the_open_championship_winner (150 players, +12566m to tee)
[2026-07-07T11:33:44Z]   Total events captured this run: 3
[2026-07-07T13:40:02Z]   ✓ TENNIS_WTA_WIMBLEDON CLOSING captured: Karolina Muchova @ Naomi Osaka (+7m to start, event 747770c3)
[2026-07-07T13:40:04Z]   ✓ GOLF pre-tee: golf_the_open_championship_winner (150 players, +12440m to tee)
[2026-07-07T13:40:04Z]   Total events captured this run: 2
[2026-07-07T16:13:30Z]   ✓ TENNIS_ATP_WIMBLEDON CLOSING captured: Novak Djokovic @ Felix Auger-Aliassime (+2m to start, event c6cb9a24)
[2026-07-07T16:13:33Z]   ✓ GOLF pre-tee: golf_the_open_championship_winner (150 players, +12286m to tee)
[2026-07-07T16:13:33Z]   Total events captured this run: 2
[2026-07-07T18:24:08Z]   ✓ GOLF pre-tee: golf_the_open_championship_winner (150 players, +12156m to tee)
[2026-07-07T18:24:08Z]   Total events captured this run: 1
[2026-07-07T20:29:15Z]   ✓ GOLF pre-tee: golf_the_open_championship_winner (150 players, +12031m to tee)
[2026-07-07T20:29:15Z]   Total events captured this run: 1
[2026-07-07T21:57:46Z]   ✓ MLB pre-game captured: Chicago Cubs @ Baltimore Orioles (+38m to start, event a250fe25)
[2026-07-07T21:57:46Z]   ✓ MLB pre-game captured: Athletics @ Detroit Tigers (+43m to start, event c892fb37)
[2026-07-07T21:57:47Z]   ✓ MLB pre-game captured: Atlanta Braves @ Pittsburgh Pirates (+43m to start, event e38e52ed)
[2026-07-07T21:57:47Z]   ✓ MLB pre-game captured: Seattle Mariners @ Miami Marlins (+43m to start, event 157306fb)
[2026-07-07T21:57:48Z]   ✓ MLB pre-game captured: New York Yankees @ Tampa Bay Rays (+43m to start, event e3cd1f3a)
[2026-07-07T21:57:48Z]   ✓ MLB pre-game captured: Houston Astros @ Washington Nationals (+48m to start, event a11dc5b4)
[2026-07-07T21:57:49Z]   ✓ MLB pre-game captured: Philadelphia Phillies @ Cincinnati Reds (+72m to start, event 7b7ae2c4)
[2026-07-07T21:57:49Z]   ✓ MLB pre-game captured: Kansas City Royals @ New York Mets (+73m to start, event 288b4514)
[2026-07-07T21:57:52Z]   ✓ GOLF pre-tee: golf_the_open_championship_winner (150 players, +11942m to tee)
[2026-07-07T21:57:52Z]   Total events captured this run: 9
[2026-07-07T23:11:03Z]   ✓ MLB CLOSING captured: Philadelphia Phillies @ Cincinnati Reds (-1m to start, event 7b7ae2c4)
[2026-07-07T23:11:03Z]   ✓ MLB CLOSING captured: Kansas City Royals @ New York Mets (-0m to start, event 288b4514)
[2026-07-07T23:11:03Z]   ✓ MLB CLOSING captured: Chicago Cubs @ Baltimore Orioles (+20m to start, event a250fe25)
[2026-07-07T23:11:03Z]   ✓ MLB pre-game captured: Boston Red Sox @ Chicago White Sox (+30m to start, event fa63ecda)
[2026-07-07T23:11:04Z]   ✓ MLB pre-game captured: Cleveland Guardians @ Minnesota Twins (+30m to start, event a21ff3f3)
[2026-07-07T23:11:04Z]   ✓ MLB pre-game captured: Milwaukee Brewers @ St. Louis Cardinals (+35m to start, event 53966d4d)
[2026-07-07T23:11:04Z]   ✓ MLB pre-game captured: Los Angeles Angels @ Texas Rangers (+55m to start, event c6ef398c)
[2026-07-07T23:11:05Z]   ✓ WNBA pre-game captured: Dallas Wings @ New York Liberty (+49m to start, event a5c10cf0)
[2026-07-07T23:11:06Z]   ✓ GOLF pre-tee: golf_the_open_championship_winner (150 players, +11869m to tee)
[2026-07-07T23:11:06Z]   Total events captured this run: 9
[2026-07-08T00:15:44Z]   ✓ MLB pre-game captured: Arizona Diamondbacks @ San Diego Padres (+85m to start, event 622a46f1)
[2026-07-08T00:15:45Z]   ✓ GOLF pre-tee: golf_the_open_championship_winner (150 players, +11804m to tee)
[2026-07-08T00:15:45Z]   Total events captured this run: 2
[2026-07-08T03:49:58Z]   ✓ GOLF pre-tee: golf_the_open_championship_winner (150 players, +11590m to tee)
[2026-07-08T03:49:58Z]   Total events captured this run: 1
[2026-07-08T06:18:21Z]   ✓ GOLF pre-tee: golf_the_open_championship_winner (150 players, +11442m to tee)
[2026-07-08T06:18:21Z]   Total events captured this run: 1
[2026-07-08T08:48:03Z]   ✓ GOLF pre-tee: golf_the_open_championship_winner (150 players, +11292m to tee)
[2026-07-08T08:48:03Z]   Total events captured this run: 1
[2026-07-08T10:51:57Z]   ✓ TENNIS_WTA_WIMBLEDON pre-game captured: Elise Mertens @ Linda Noskova (+68m to start, event ce12ab4d)
[2026-07-08T10:52:00Z]   ✓ GOLF pre-tee: golf_the_open_championship_winner (167 players, +11168m to tee)
[2026-07-08T10:52:00Z]   Total events captured this run: 2
[2026-07-08T12:10:16Z]   ✓ TENNIS_ATP_WIMBLEDON pre-game captured: Alexander Zverev @ Taylor Fritz (+60m to start, event b0b9cf08)
[2026-07-08T12:10:16Z]   ✓ TENNIS_ATP_WIMBLEDON pre-game captured: Arthur Fery @ Flavio Cobolli (+90m to start, event dddbd0f0)
[2026-07-08T12:10:16Z]   ✓ TENNIS_WTA_WIMBLEDON CLOSING captured: Elise Mertens @ Linda Noskova (+1m to start, event ce12ab4d)
[2026-07-08T12:10:16Z]   ✓ TENNIS_WTA_WIMBLEDON CLOSING captured: Jasmine Paolini @ Marta Kostyuk (+20m to start, event 422e9daa)
[2026-07-08T12:10:18Z]   ✓ GOLF pre-tee: golf_the_open_championship_winner (163 players, +11090m to tee)
[2026-07-08T12:10:18Z]   Total events captured this run: 5
[2026-07-08T14:44:10Z]   ✓ GOLF pre-tee: golf_the_open_championship_winner (162 players, +10936m to tee)
[2026-07-08T14:44:10Z]   Total events captured this run: 1
[2026-07-08T16:23:21Z]   ✓ GOLF pre-tee: golf_the_open_championship_winner (162 players, +10837m to tee)
[2026-07-08T16:23:21Z]   Total events captured this run: 1
[2026-07-08T18:04:33Z]   ✓ GOLF pre-tee: golf_the_open_championship_winner (162 players, +10735m to tee)
[2026-07-08T18:04:33Z]   Total events captured this run: 1
[2026-07-08T19:50:27Z]   ✓ MLB CLOSING captured: Toronto Blue Jays @ San Francisco Giants (-4m to start, event 57172eeb)
[2026-07-08T19:50:29Z]   ✓ GOLF pre-tee: golf_the_open_championship_winner (162 players, +10630m to tee)
[2026-07-08T19:50:29Z]   Total events captured this run: 2
[2026-07-08T20:51:03Z]   ✓ GOLF pre-tee: golf_the_open_championship_winner (162 players, +10569m to tee)
[2026-07-08T20:51:03Z]   Total events captured this run: 1
[2026-07-08T21:54:40Z]   ✓ MLB pre-game captured: Chicago Cubs @ Baltimore Orioles (+41m to start, event fbdf2c95)
[2026-07-08T21:54:41Z]   ✓ MLB pre-game captured: Athletics @ Detroit Tigers (+46m to start, event 8d7cadd4)
[2026-07-08T21:54:41Z]   ✓ MLB pre-game captured: Atlanta Braves @ Pittsburgh Pirates (+46m to start, event f30eb306)
[2026-07-08T21:54:41Z]   ✓ MLB pre-game captured: Seattle Mariners @ Miami Marlins (+46m to start, event ee87ced2)
[2026-07-08T21:54:42Z]   ✓ MLB pre-game captured: New York Yankees @ Tampa Bay Rays (+46m to start, event 79b379f1)
[2026-07-08T21:54:42Z]   ✓ MLB pre-game captured: Houston Astros @ Washington Nationals (+51m to start, event 673394fe)
[2026-07-08T21:54:42Z]   ✓ MLB pre-game captured: Philadelphia Phillies @ Cincinnati Reds (+76m to start, event 1b110742)
[2026-07-08T21:54:42Z]   ✓ MLB pre-game captured: Kansas City Royals @ New York Mets (+76m to start, event fa2f6fc2)
[2026-07-08T21:54:43Z]   ✓ WNBA pre-game captured: Golden State Valkyries @ Toronto Tempo (+65m to start, event 82635798)
[2026-07-08T21:54:44Z]   ✓ GOLF pre-tee: golf_the_open_championship_winner (162 players, +10505m to tee)
[2026-07-08T21:54:44Z]   Total events captured this run: 10
[2026-07-08T23:19:44Z]   ✓ MLB CLOSING captured: Boston Red Sox @ Chicago White Sox (+21m to start, event e8175b3e)
[2026-07-08T23:19:45Z]   ✓ MLB CLOSING captured: Cleveland Guardians @ Minnesota Twins (+21m to start, event f69a7dce)
[2026-07-08T23:19:45Z]   ✓ MLB pre-game captured: Milwaukee Brewers @ St. Louis Cardinals (+26m to start, event e885d80c)
[2026-07-08T23:19:45Z]   ✓ MLB pre-game captured: Los Angeles Angels @ Texas Rangers (+46m to start, event 88cb3f82)
[2026-07-08T23:19:47Z]   ✓ WNBA CLOSING captured: Minnesota Lynx @ Connecticut Sun (+10m to start, event 0fc4abb4)
[2026-07-08T23:19:48Z]   ✓ GOLF pre-tee: golf_the_open_championship_winner (162 players, +10420m to tee)
[2026-07-08T23:19:48Z]   Total events captured this run: 6
[2026-07-09T01:06:46Z]   ✓ MLB pre-game captured: Arizona Diamondbacks @ San Diego Padres (+64m to start, event 8c069570)
[2026-07-09T01:06:46Z]   ✓ MLB pre-game captured: Colorado Rockies @ Los Angeles Dodgers (+64m to start, event 49de1a8b)
[2026-07-09T01:06:47Z]   ✓ WNBA pre-game captured: Indiana Fever @ Los Angeles Sparks (+53m to start, event b0cfbd10)
[2026-07-09T01:06:49Z]   ✓ GOLF pre-tee: golf_the_open_championship_winner (162 players, +10313m to tee)
[2026-07-09T01:06:49Z]   Total events captured this run: 4
[2026-07-09T05:04:39Z]   ✓ GOLF pre-tee: golf_the_open_championship_winner (162 players, +10075m to tee)
[2026-07-09T05:04:39Z]   Total events captured this run: 1
[2026-07-09T08:37:55Z]   ✓ GOLF pre-tee: golf_the_open_championship_winner (174 players, +9862m to tee)
[2026-07-09T08:37:55Z]   Total events captured this run: 1
[2026-07-09T11:44:00Z]   ✓ TENNIS_WTA_WIMBLEDON pre-game captured: Coco Gauff @ Karolina Muchova (+46m to start, event c16a9052)
[2026-07-09T11:44:03Z]   ✓ GOLF pre-tee: golf_the_open_championship_winner (174 players, +9676m to tee)
[2026-07-09T11:44:03Z]   Total events captured this run: 2
[2026-07-09T14:18:56Z]   ✓ TENNIS_WTA_WIMBLEDON CLOSING captured: Linda Noskova @ Marta Kostyuk (+12m to start, event ab9d16fa)
[2026-07-09T14:18:59Z]   ✓ GOLF pre-tee: golf_the_open_championship_winner (174 players, +9521m to tee)
[2026-07-09T14:18:59Z]   Total events captured this run: 2
[2026-07-09T16:46:47Z]   ✓ MLB CLOSING captured: New York Yankees @ Tampa Bay Rays (+23m to start, event be3485a7)
[2026-07-09T16:46:47Z]   ✓ MLB CLOSING captured: Kansas City Royals @ New York Mets (+24m to start, event 4690bcfa)
[2026-07-09T16:46:48Z]   ✓ MLB pre-game captured: Chicago Cubs @ Baltimore Orioles (+49m to start, event 9f1eb41c)
[2026-07-09T16:46:48Z]   ✓ MLB pre-game captured: Cleveland Guardians @ Minnesota Twins (+54m to start, event a3b9b93c)
[2026-07-09T16:46:48Z]   ✓ MLB pre-game captured: Boston Red Sox @ Chicago White Sox (+84m to start, event 2c1eb8ab)
[2026-07-09T16:46:49Z]   ✓ GOLF pre-tee: golf_the_open_championship_winner (174 players, +9373m to tee)
[2026-07-09T16:46:49Z]   Total events captured this run: 6
[2026-07-09T18:31:54Z]   ✓ SOCCER pre-game captured: Morocco @ France (+88m to start, event b6e926d7)
[2026-07-09T18:31:55Z]   ✓ GOLF pre-tee: golf_the_open_championship_winner (174 players, +9268m to tee)
[2026-07-09T18:31:55Z]   Total events captured this run: 2
[2026-07-09T20:25:58Z]   ✓ GOLF pre-tee: golf_the_open_championship_winner (174 players, +9154m to tee)
[2026-07-09T20:25:58Z]   Total events captured this run: 1
[2026-07-09T22:06:18Z]   ✓ MLB pre-game captured: Athletics @ Detroit Tigers (+35m to start, event 673121d5)
[2026-07-09T22:06:19Z]   ✓ MLB pre-game captured: Seattle Mariners @ Miami Marlins (+35m to start, event 83cf12be)
[2026-07-09T22:06:19Z]   ✓ MLB pre-game captured: Philadelphia Phillies @ Cincinnati Reds (+65m to start, event 6bfe03bb)
[2026-07-09T22:06:22Z]   ✓ GOLF pre-tee: golf_the_open_championship_winner (174 players, +9054m to tee)
[2026-07-09T22:06:22Z]   Total events captured this run: 4
[2026-07-09T23:24:31Z]   ✓ MLB CLOSING captured: Milwaukee Brewers @ St. Louis Cardinals (+21m to start, event cea3285c)
[2026-07-09T23:24:32Z]   ✓ MLB pre-game captured: Los Angeles Angels @ Texas Rangers (+41m to start, event c2c3eb02)
[2026-07-09T23:24:33Z]   ✓ WNBA pre-game captured: Seattle Storm @ Atlanta Dream (+35m to start, event bbda183d)
[2026-07-09T23:24:34Z]   ✓ GOLF pre-tee: golf_the_open_championship_winner (174 players, +8975m to tee)
[2026-07-09T23:24:34Z]   Total events captured this run: 4
[2026-07-10T01:12:22Z]   ✓ MLB pre-game captured: Arizona Diamondbacks @ San Diego Padres (+29m to start, event ff7fcfaa)
[2026-07-10T01:12:23Z]   ✓ MLB pre-game captured: Colorado Rockies @ San Francisco Giants (+34m to start, event f6d5d25a)
[2026-07-10T01:12:23Z]   ✓ WNBA pre-game captured: Las Vegas Aces @ Portland Fire (+48m to start, event 803d077d)
[2026-07-10T01:12:23Z]   ✓ WNBA pre-game captured: Indiana Fever @ Phoenix Mercury (+58m to start, event 80aa9418)
[2026-07-10T01:12:24Z]   ✓ GOLF pre-tee: golf_the_open_championship_winner (174 players, +8868m to tee)
[2026-07-10T01:12:24Z]   Total events captured this run: 5
[2026-07-10T05:11:59Z]   ✓ GOLF pre-tee: golf_the_open_championship_winner (174 players, +8628m to tee)
[2026-07-10T05:11:59Z]   Total events captured this run: 1
[2026-07-10T08:45:17Z]   ✓ GOLF pre-tee: golf_the_open_championship_winner (174 players, +8415m to tee)
[2026-07-10T08:45:17Z]   Total events captured this run: 1
[2026-07-10T11:37:08Z]   ✓ TENNIS_ATP_WIMBLEDON pre-game captured: Alexander Zverev @ Arthur Fery (+53m to start, event 0c561997)
[2026-07-10T11:37:12Z]   ✓ GOLF pre-tee: golf_the_open_championship_winner (170 players, +8243m to tee)
[2026-07-10T11:37:12Z]   Total events captured this run: 2
[2026-07-10T13:32:39Z]   ✓ TENNIS_ATP_WIMBLEDON pre-game captured: Novak Djokovic @ Jannik Sinner (+37m to start, event 71e7d45a)
[2026-07-10T13:32:41Z]   ✓ GOLF pre-tee: golf_the_open_championship_winner (170 players, +8127m to tee)
[2026-07-10T13:32:41Z]   Total events captured this run: 2
[2026-07-10T16:00:00Z]   ✓ GOLF pre-tee: golf_the_open_championship_winner (170 players, +7980m to tee)
[2026-07-10T16:00:00Z]   Total events captured this run: 1
[2026-07-10T17:56:15Z]   ✓ SOCCER pre-game captured: Belgium @ Spain (+64m to start, event fca257de)
[2026-07-10T17:56:16Z]   ✓ GOLF pre-tee: golf_the_open_championship_winner (170 players, +7864m to tee)
[2026-07-10T17:56:16Z]   Total events captured this run: 2
[2026-07-10T19:47:04Z]   ✓ GOLF pre-tee: golf_the_open_championship_winner (170 players, +7753m to tee)
[2026-07-10T19:47:04Z]   Total events captured this run: 1
[2026-07-10T20:55:54Z]   ✓ GOLF pre-tee: golf_the_open_championship_winner (170 players, +7684m to tee)
[2026-07-10T20:55:54Z]   Total events captured this run: 1
[2026-07-10T22:13:01Z]   ✓ MLB pre-game captured: Philadelphia Phillies @ Detroit Tigers (+28m to start, event 895dfbfb)
[2026-07-10T22:13:01Z]   ✓ MLB pre-game captured: New York Yankees @ Washington Nationals (+33m to start, event 250b0373)
[2026-07-10T22:13:01Z]   ✓ MLB pre-game captured: Milwaukee Brewers @ Pittsburgh Pirates (+37m to start, event f3088161)
[2026-07-10T22:13:02Z]   ✓ MLB pre-game captured: Kansas City Royals @ Baltimore Orioles (+53m to start, event b11bed54)
[2026-07-10T22:13:02Z]   ✓ MLB pre-game captured: Chicago Cubs @ Cincinnati Reds (+58m to start, event 55c79968)
[2026-07-10T22:13:02Z]   ✓ MLB pre-game captured: Cleveland Guardians @ Miami Marlins (+58m to start, event e1b31472)
[2026-07-10T22:13:03Z]   ✓ MLB pre-game captured: Seattle Mariners @ Tampa Bay Rays (+58m to start, event 781ce9e5)
[2026-07-10T22:13:03Z]   ✓ MLB pre-game captured: Athletics @ Chicago White Sox (+88m to start, event c710eb87)
[2026-07-10T22:13:04Z]   ✓ WNBA pre-game captured: Golden State Valkyries @ Connecticut Sun (+87m to start, event 1547b399)
[2026-07-10T22:13:04Z]   ✓ WNBA pre-game captured: Dallas Wings @ Toronto Tempo (+87m to start, event 7295f7e8)
[2026-07-10T22:13:06Z]   ✓ GOLF pre-tee: golf_the_open_championship_winner (170 players, +7607m to tee)
[2026-07-10T22:13:06Z]   Total events captured this run: 11
[2026-07-10T23:16:50Z]   ✓ MLB CLOSING captured: Milwaukee Brewers @ Pittsburgh Pirates (+18m to start, event f3088161)
[2026-07-10T23:16:50Z]   ✓ MLB CLOSING captured: Athletics @ Chicago White Sox (+24m to start, event c710eb87)
[2026-07-10T23:16:51Z]   ✓ MLB pre-game captured: Boston Red Sox @ New York Mets (+33m to start, event 76ab4854)
[2026-07-10T23:16:51Z]   ✓ MLB pre-game captured: Houston Astros @ Texas Rangers (+49m to start, event 583d3f0f)
[2026-07-10T23:16:52Z]   ✓ MLB pre-game captured: Los Angeles Angels @ Minnesota Twins (+54m to start, event 2461d70f)
[2026-07-10T23:16:52Z]   ✓ MLB pre-game captured: Atlanta Braves @ St. Louis Cardinals (+59m to start, event 2ac65fed)
[2026-07-10T23:16:53Z]   ✓ WNBA CLOSING captured: Golden State Valkyries @ Connecticut Sun (+23m to start, event 1547b399)
[2026-07-10T23:16:53Z]   ✓ WNBA CLOSING captured: Dallas Wings @ Toronto Tempo (+23m to start, event 7295f7e8)
[2026-07-10T23:16:55Z]   ✓ GOLF pre-tee: golf_the_open_championship_winner (170 players, +7543m to tee)
[2026-07-10T23:16:55Z]   Total events captured this run: 9
[2026-07-11T00:13:51Z]   ✓ MLB CLOSING captured: Houston Astros @ Texas Rangers (-5m to start, event 583d3f0f)
[2026-07-11T00:13:51Z]   ✓ MLB CLOSING captured: Los Angeles Angels @ Minnesota Twins (-3m to start, event 2461d70f)
[2026-07-11T00:13:52Z]   ✓ MLB CLOSING captured: Atlanta Braves @ St. Louis Cardinals (+2m to start, event 2ac65fed)
[2026-07-11T00:13:52Z]   ✓ MLB pre-game captured: Milwaukee Brewers @ Pittsburgh Pirates (+31m to start, event f3088161)
[2026-07-11T00:13:52Z]   ✓ MLB pre-game captured: New York Yankees @ Washington Nationals (+32m to start, event 250b0373)
[2026-07-11T00:13:53Z]   ✓ MLB pre-game captured: Toronto Blue Jays @ San Diego Padres (+87m to start, event cc0b13e9)
[2026-07-11T00:13:54Z]   ✓ GOLF pre-tee: golf_the_open_championship_winner (170 players, +7486m to tee)
[2026-07-11T00:13:54Z]   Total events captured this run: 7
[2026-07-11T03:47:12Z]   ✓ GOLF pre-tee: golf_the_open_championship_winner (170 players, +7273m to tee)
[2026-07-11T03:47:12Z]   Total events captured this run: 1
[2026-07-11T06:03:10Z]   ✓ GOLF pre-tee: golf_the_open_championship_winner (170 players, +7137m to tee)
[2026-07-11T06:03:10Z]   Total events captured this run: 1
[2026-07-11T08:09:09Z]   ✓ GOLF pre-tee: golf_the_open_championship_winner (170 players, +7011m to tee)
[2026-07-11T08:09:09Z]   Total events captured this run: 1
[2026-07-11T09:52:08Z]   ✓ GOLF pre-tee: golf_the_open_championship_winner (170 players, +6908m to tee)
[2026-07-11T09:52:08Z]   Total events captured this run: 1
[2026-07-11T10:49:45Z]   ✓ GOLF pre-tee: golf_the_open_championship_winner (170 players, +6850m to tee)
[2026-07-11T10:49:45Z]   Total events captured this run: 1
[2026-07-11T11:39:34Z]   ✓ GOLF pre-tee: golf_the_open_championship_winner (170 players, +6800m to tee)
[2026-07-11T11:39:34Z]   Total events captured this run: 1
[2026-07-11T12:42:20Z]   ✓ GOLF pre-tee: golf_the_open_championship_winner (170 players, +6738m to tee)
[2026-07-11T12:42:20Z]   Total events captured this run: 1
[2026-07-11T14:13:59Z]   ✓ TENNIS_WTA_WIMBLEDON CLOSING captured: Linda Noskova @ Karolina Muchova (+9m to start, event 36567673)
[2026-07-11T14:14:01Z]   ✓ GOLF pre-tee: golf_the_open_championship_winner (170 players, +6646m to tee)
[2026-07-11T14:14:01Z]   Total events captured this run: 2
[2026-07-11T15:26:24Z]   ✓ MLB pre-game captured: Milwaukee Brewers @ Pittsburgh Pirates (+40m to start, event 1ff6b706)
[2026-07-11T15:26:28Z]   ✓ GOLF pre-tee: golf_the_open_championship_winner (160 players, +6574m to tee)
[2026-07-11T15:26:28Z]   Total events captured this run: 2
[2026-07-11T16:29:48Z]   ✓ WNBA pre-game captured: New York Liberty @ Minnesota Lynx (+30m to start, event 93c27f53)
[2026-07-11T16:29:50Z]   ✓ GOLF pre-tee: golf_the_open_championship_winner (160 players, +6510m to tee)
[2026-07-11T16:29:50Z]   Total events captured this run: 2
[2026-07-11T17:35:04Z]   ✓ MLB pre-game captured: Athletics @ Chicago White Sox (+36m to start, event 8ec769ee)
[2026-07-11T17:35:04Z]   ✓ MLB pre-game captured: Los Angeles Angels @ Minnesota Twins (+36m to start, event 39a35ef6)
[2026-07-11T17:35:06Z]   ✓ GOLF pre-tee: golf_the_open_championship_winner (160 players, +6445m to tee)
[2026-07-11T17:35:06Z]   Total events captured this run: 3
[2026-07-11T18:31:25Z]   ✓ MLB CLOSING captured: Los Angeles Angels @ Minnesota Twins (-1m to start, event 39a35ef6)
[2026-07-11T18:31:26Z]   ✓ WNBA pre-game captured: Portland Fire @ Atlanta Dream (+89m to start, event 9f2c4d94)
[2026-07-11T18:31:28Z]   ✓ GOLF pre-tee: golf_the_open_championship_winner (160 players, +6389m to tee)
[2026-07-11T18:31:28Z]   Total events captured this run: 3
[2026-07-11T19:46:56Z]   ✓ MLB CLOSING captured: New York Yankees @ Washington Nationals (+18m to start, event 93986de1)
[2026-07-11T19:46:57Z]   ✓ MLB CLOSING captured: Colorado Rockies @ San Francisco Giants (+19m to start, event def5adac)
[2026-07-11T19:46:57Z]   ✓ MLB CLOSING captured: Boston Red Sox @ New York Mets (+24m to start, event ff676cfa)
[2026-07-11T19:46:57Z]   ✓ MLB CLOSING captured: Cleveland Guardians @ Miami Marlins (+24m to start, event b552ecd2)
[2026-07-11T19:46:57Z]   ✓ MLB CLOSING captured: Seattle Mariners @ Tampa Bay Rays (+24m to start, event 93a5e611)
[2026-07-11T19:46:57Z]   ✓ MLB pre-game captured: Milwaukee Brewers @ Pittsburgh Pirates (+29m to start, event 3e0030b3)
[2026-07-11T19:46:58Z]   ✓ WNBA CLOSING captured: Portland Fire @ Atlanta Dream (+13m to start, event 9f2c4d94)
[2026-07-11T19:46:58Z]   ✓ SOCCER pre-game captured: England @ Norway (+73m to start, event e66e4478)
[2026-07-11T19:46:59Z]   ✓ UFC pre-game captured: Alessandro Costa @ Cody Durden (+88m to start, event d75fd967)
[2026-07-11T19:46:59Z]   ✓ MMA pre-game captured: Alessandro Costa @ Cody Durden (+88m to start, event d75fd967)
[2026-07-11T19:46:59Z]   ✓ GOLF pre-tee: golf_the_open_championship_winner (160 players, +6313m to tee)
[2026-07-11T19:46:59Z]   Total events captured this run: 11
[2026-07-11T20:32:49Z]   ✓ WNBA pre-game captured: Phoenix Mercury @ Las Vegas Aces (+87m to start, event dbbae9c1)
[2026-07-11T20:32:50Z]   ✓ UFC pre-game captured: Zachary Reese @ Ryan Gandra (+57m to start, event 8d9e9d5a)
[2026-07-11T20:32:50Z]   ✓ UFC pre-game captured: Farid Basharat @ John Garza (+87m to start, event 0cb24f4f)
[2026-07-11T20:32:50Z]   ✓ MMA pre-game captured: Zachary Reese @ Ryan Gandra (+57m to start, event 8d9e9d5a)
[2026-07-11T20:32:50Z]   ✓ MMA pre-game captured: Farid Basharat @ John Garza (+87m to start, event 0cb24f4f)
[2026-07-11T20:32:51Z]   ✓ GOLF pre-tee: golf_the_open_championship_winner (160 players, +6267m to tee)
[2026-07-11T20:32:51Z]   Total events captured this run: 6
[2026-07-11T21:27:42Z]   ✓ MLB pre-game captured: Philadelphia Phillies @ Detroit Tigers (+43m to start, event ba8bc572)
[2026-07-11T21:27:43Z]   ✓ UFC CLOSING captured: Zachary Reese @ Ryan Gandra (+2m to start, event 8d9e9d5a)
[2026-07-11T21:27:44Z]   ✓ UFC pre-game captured: Cesar Almeida @ Damian Pinas (+47m to start, event 345526ed)
[2026-07-11T21:27:44Z]   ✓ UFC pre-game captured: Wang Cong @ Tracy Cortez (+72m to start, event 0f30b0a1)
[2026-07-11T21:27:44Z]   ✓ MMA CLOSING captured: Zachary Reese @ Ryan Gandra (+2m to start, event 8d9e9d5a)
[2026-07-11T21:27:45Z]   ✓ MMA pre-game captured: Cesar Almeida @ Damian Pinas (+47m to start, event 345526ed)
[2026-07-11T21:27:45Z]   ✓ MMA pre-game captured: Wang Cong @ Tracy Cortez (+72m to start, event 0f30b0a1)
[2026-07-11T21:27:45Z]   ✓ GOLF pre-tee: golf_the_open_championship_winner (160 players, +6212m to tee)
[2026-07-11T21:27:45Z]   Total events captured this run: 8
[2026-07-11T22:27:41Z]   ✓ MLB pre-game captured: Kansas City Royals @ Baltimore Orioles (+38m to start, event 09d58ac9)
[2026-07-11T22:27:42Z]   ✓ MLB pre-game captured: Houston Astros @ Texas Rangers (+38m to start, event 3e2ce990)
[2026-07-11T22:27:42Z]   ✓ MLB pre-game captured: Chicago Cubs @ Cincinnati Reds (+43m to start, event 27168ae4)
[2026-07-11T22:27:42Z]   ✓ MLB pre-game captured: Atlanta Braves @ St. Louis Cardinals (+47m to start, event a2501dff)
[2026-07-11T22:27:44Z]   ✓ UFC CLOSING captured: Wang Cong @ Tracy Cortez (+12m to start, event 0f30b0a1)
[2026-07-11T22:27:44Z]   ✓ UFC pre-game captured: Kai Kamaka @ Luke Riley (+47m to start, event 86739c3f)
[2026-07-11T22:27:44Z]   ✓ UFC pre-game captured: Adrian Yanez @ Cody Garbrandt (+72m to start, event ea649ca9)
[2026-07-11T22:27:44Z]   ✓ MMA CLOSING captured: Wang Cong @ Tracy Cortez (+12m to start, event 0f30b0a1)
[2026-07-11T22:27:44Z]   ✓ MMA pre-game captured: Kai Kamaka @ Luke Riley (+47m to start, event 86739c3f)
[2026-07-11T22:27:44Z]   ✓ MMA pre-game captured: Adrian Yanez @ Cody Garbrandt (+72m to start, event ea649ca9)
[2026-07-11T22:27:45Z]   ✓ GOLF pre-tee: golf_the_open_championship_winner (160 players, +6152m to tee)
[2026-07-11T22:27:45Z]   Total events captured this run: 11
[2026-07-11T23:33:13Z]   ✓ MLB pre-game captured: Toronto Blue Jays @ San Diego Padres (+68m to start, event db5e5f99)
[2026-07-11T23:33:14Z]   ✓ SOCCER pre-game captured: Switzerland @ Argentina (+87m to start, event 200d9cd5)
[2026-07-11T23:33:14Z]   ✓ UFC CLOSING captured: Adrian Yanez @ Cody Garbrandt (+7m to start, event ea649ca9)
[2026-07-11T23:33:14Z]   ✓ UFC pre-game captured: Elisha Ellison @ Gable Steveson (+42m to start, event b1ae0b44)
[2026-07-11T23:33:15Z]   ✓ UFC pre-game captured: Nikita Krylov @ Robert Whittaker (+62m to start, event bb61cc17)
[2026-07-11T23:33:15Z]   ✓ MMA CLOSING captured: Adrian Yanez @ Cody Garbrandt (+7m to start, event ea649ca9)
[2026-07-11T23:33:16Z]   ✓ MMA pre-game captured: Elisha Ellison @ Gable Steveson (+42m to start, event b1ae0b44)
[2026-07-11T23:33:16Z]   ✓ MMA pre-game captured: Nikita Krylov @ Robert Whittaker (+62m to start, event bb61cc17)
[2026-07-11T23:33:16Z]   ✓ GOLF pre-tee: golf_the_open_championship_winner (160 players, +6087m to tee)
[2026-07-11T23:33:16Z]   Total events captured this run: 9
[2026-07-12T01:09:06Z]   ✓ MLB CLOSING captured: Arizona Diamondbacks @ Los Angeles Dodgers (+1m to start, event 6b6370ec)
[2026-07-12T01:09:07Z]   ✓ UFC CLOSING captured: Terrance Mckinney @ King Green (+6m to start, event 8ef67010)
[2026-07-12T01:09:08Z]   ✓ UFC pre-game captured: Lone'er Kavanagh @ Brandon Royval (+36m to start, event 3b755bb8)
[2026-07-12T01:09:08Z]   ✓ UFC pre-game captured: Mario Bautista @ Cory Sandhagen (+66m to start, event 96b80306)
[2026-07-12T01:09:08Z]   ✓ MMA CLOSING captured: Terrance Mckinney @ King Green (+6m to start, event 8ef67010)
[2026-07-12T01:09:09Z]   ✓ MMA pre-game captured: Lone'er Kavanagh @ Brandon Royval (+36m to start, event 3b755bb8)
[2026-07-12T01:09:09Z]   ✓ MMA pre-game captured: Mario Bautista @ Cory Sandhagen (+66m to start, event 96b80306)
[2026-07-12T01:09:09Z]   ✓ GOLF pre-tee: golf_the_open_championship_winner (160 players, +5991m to tee)
[2026-07-12T01:09:09Z]   Total events captured this run: 8
[2026-07-12T04:43:23Z]   ✓ GOLF pre-tee: golf_the_open_championship_winner (160 players, +5777m to tee)
[2026-07-12T04:43:23Z]   Total events captured this run: 1
[2026-07-12T07:19:20Z]   ✓ GOLF pre-tee: golf_the_open_championship_winner (160 players, +5621m to tee)
[2026-07-12T07:19:20Z]   Total events captured this run: 1
[2026-07-12T09:20:57Z]   ✓ GOLF pre-tee: golf_the_open_championship_winner (160 players, +5499m to tee)
[2026-07-12T09:20:57Z]   Total events captured this run: 1
[2026-07-12T10:48:29Z]   ✓ GOLF pre-tee: golf_the_open_championship_winner (155 players, +5412m to tee)
[2026-07-12T10:48:29Z]   Total events captured this run: 1
[2026-07-12T11:47:16Z]   ✓ GOLF pre-tee: golf_masters_tournament_winner (96 players, +388753m to tee)
[2026-07-12T11:47:16Z]   ✓ GOLF pre-tee: golf_the_open_championship_winner (155 players, +5353m to tee)
[2026-07-12T11:47:16Z]   Total events captured this run: 2
[2026-07-12T12:42:04Z]   ✓ TENNIS_ATP_WIMBLEDON pre-game captured: Alexander Zverev @ Jannik Sinner (+64m to start, event 12e1ea18)
[2026-07-12T12:42:06Z]   ✓ GOLF pre-tee: golf_masters_tournament_winner (96 players, +388698m to tee)
[2026-07-12T12:42:06Z]   ✓ GOLF pre-tee: golf_the_open_championship_winner (155 players, +5298m to tee)
[2026-07-12T12:42:06Z]   Total events captured this run: 3
[2026-07-12T14:18:50Z]   ✓ TENNIS_ATP_WIMBLEDON CLOSING captured: Alexander Zverev @ Jannik Sinner (+11m to start, event 12e1ea18)
[2026-07-12T14:18:52Z]   ✓ GOLF pre-tee: golf_masters_tournament_winner (96 players, +388601m to tee)
[2026-07-12T14:18:53Z]   ✓ GOLF pre-tee: golf_the_open_championship_winner (155 players, +5201m to tee)
[2026-07-12T14:18:53Z]   Total events captured this run: 3
[2026-07-12T15:29:08Z]   ✓ MLB pre-game captured: Milwaukee Brewers @ Pittsburgh Pirates (+47m to start, event 7446dc66)
[2026-07-12T15:29:10Z]   ✓ GOLF pre-tee: golf_masters_tournament_winner (96 players, +388531m to tee)
[2026-07-12T15:29:10Z]   ✓ GOLF pre-tee: golf_the_open_championship_winner (151 players, +5131m to tee)
[2026-07-12T15:29:10Z]   Total events captured this run: 3
[2026-07-12T16:31:39Z]   ✓ MLB pre-game captured: Kansas City Royals @ Baltimore Orioles (+64m to start, event 9cabe174)
[2026-07-12T16:31:39Z]   ✓ MLB pre-game captured: New York Yankees @ Washington Nationals (+64m to start, event 32eb2951)
[2026-07-12T16:31:40Z]   ✓ MLB pre-game captured: Boston Red Sox @ New York Mets (+69m to start, event fd0e4e07)
[2026-07-12T16:31:40Z]   ✓ MLB pre-game captured: Chicago Cubs @ Cincinnati Reds (+69m to start, event 07753111)
[2026-07-12T16:31:40Z]   ✓ MLB pre-game captured: Cleveland Guardians @ Miami Marlins (+69m to start, event fe2a389f)
[2026-07-12T16:31:41Z]   ✓ MLB pre-game captured: Philadelphia Phillies @ Detroit Tigers (+69m to start, event 44263373)
[2026-07-12T16:31:41Z]   ✓ MLB pre-game captured: Seattle Mariners @ Tampa Bay Rays (+69m to start, event a154d97e)
[2026-07-12T16:31:42Z]   ✓ GOLF pre-tee: golf_masters_tournament_winner (96 players, +388468m to tee)
[2026-07-12T16:31:42Z]   ✓ GOLF pre-tee: golf_the_open_championship_winner (151 players, +5068m to tee)
[2026-07-12T16:31:42Z]   Total events captured this run: 9
[2026-07-12T17:37:31Z]   ✓ MLB CLOSING captured: Kansas City Royals @ Baltimore Orioles (-2m to start, event 9cabe174)
[2026-07-12T17:37:31Z]   ✓ MLB CLOSING captured: New York Yankees @ Washington Nationals (-2m to start, event 32eb2951)
[2026-07-12T17:37:32Z]   ✓ MLB CLOSING captured: Boston Red Sox @ New York Mets (+3m to start, event fd0e4e07)
[2026-07-12T17:37:32Z]   ✓ MLB CLOSING captured: Chicago Cubs @ Cincinnati Reds (+3m to start, event 07753111)
[2026-07-12T17:37:33Z]   ✓ MLB CLOSING captured: Cleveland Guardians @ Miami Marlins (+3m to start, event fe2a389f)
[2026-07-12T17:37:33Z]   ✓ MLB CLOSING captured: Philadelphia Phillies @ Detroit Tigers (+3m to start, event 44263373)
[2026-07-12T17:37:33Z]   ✓ MLB CLOSING captured: Seattle Mariners @ Tampa Bay Rays (+3m to start, event a154d97e)
[2026-07-12T17:37:34Z]   ✓ MLB pre-game captured: Athletics @ Chicago White Sox (+33m to start, event 161be820)
[2026-07-12T17:37:34Z]   ✓ MLB pre-game captured: Los Angeles Angels @ Minnesota Twins (+33m to start, event b4977d85)
[2026-07-12T17:37:34Z]   ✓ MLB pre-game captured: Atlanta Braves @ St. Louis Cardinals (+38m to start, event 16afd7bc)
[2026-07-12T17:37:35Z]   ✓ MLB pre-game captured: Houston Astros @ Texas Rangers (+58m to start, event 180ee180)
[2026-07-12T17:37:35Z]   ✓ WNBA pre-game captured: New York Liberty @ Toronto Tempo (+82m to start, event a11188d4)
[2026-07-12T17:37:36Z]   ✓ WNBA pre-game captured: Seattle Storm @ Washington Mystics (+82m to start, event a82c548d)
[2026-07-12T17:37:37Z]   ✓ GOLF pre-tee: golf_masters_tournament_winner (96 players, +388402m to tee)
[2026-07-12T17:37:37Z]   ✓ GOLF pre-tee: golf_the_open_championship_winner (151 players, +5002m to tee)
[2026-07-12T17:37:37Z]   Total events captured this run: 15
[2026-07-12T18:33:25Z]   ✓ MLB CLOSING captured: Houston Astros @ Texas Rangers (+3m to start, event 180ee180)
[2026-07-12T18:33:28Z]   ✓ GOLF pre-tee: golf_masters_tournament_winner (96 players, +388347m to tee)
[2026-07-12T18:33:28Z]   ✓ GOLF pre-tee: golf_the_open_championship_winner (151 players, +4947m to tee)
[2026-07-12T18:33:28Z]   Total events captured this run: 3
[2026-07-12T19:44:39Z]   ✓ MLB CLOSING captured: Colorado Rockies @ San Francisco Giants (+21m to start, event 9d71a179)
[2026-07-12T19:44:39Z]   ✓ MLB pre-game captured: Arizona Diamondbacks @ Los Angeles Dodgers (+26m to start, event 40ac03ae)
[2026-07-12T19:44:40Z]   ✓ MLB pre-game captured: Toronto Blue Jays @ San Diego Padres (+26m to start, event f1d16b70)
[2026-07-12T19:44:41Z]   ✓ GOLF pre-tee: golf_masters_tournament_winner (96 players, +388275m to tee)
[2026-07-12T19:44:41Z]   ✓ GOLF pre-tee: golf_the_open_championship_winner (151 players, +4875m to tee)
[2026-07-12T19:44:41Z]   Total events captured this run: 5
[2026-07-12T20:30:43Z]   ✓ GOLF pre-tee: golf_masters_tournament_winner (96 players, +388229m to tee)
[2026-07-12T20:30:44Z]   ✓ GOLF pre-tee: golf_the_open_championship_winner (151 players, +4829m to tee)
[2026-07-12T20:30:44Z]   Total events captured this run: 2
[2026-07-12T21:27:43Z]   ✓ GOLF pre-tee: golf_masters_tournament_winner (96 players, +388172m to tee)
[2026-07-12T21:27:43Z]   ✓ GOLF pre-tee: golf_the_open_championship_winner (151 players, +4772m to tee)
[2026-07-12T21:27:43Z]   Total events captured this run: 2
[2026-07-12T22:27:54Z]   ✓ WNBA pre-game captured: Chicago Sky @ Dallas Wings (+32m to start, event 15504ed1)
[2026-07-12T22:27:55Z]   ✓ GOLF pre-tee: golf_masters_tournament_winner (96 players, +388112m to tee)
[2026-07-12T22:27:55Z]   ✓ GOLF pre-tee: golf_the_open_championship_winner (151 players, +4712m to tee)
[2026-07-12T22:27:55Z]   Total events captured this run: 3
[2026-07-12T23:32:35Z]   ✓ WNBA pre-game captured: Indiana Fever @ Las Vegas Aces (+87m to start, event 7a7ba701)
[2026-07-12T23:32:36Z]   ✓ GOLF pre-tee: golf_masters_tournament_winner (96 players, +388047m to tee)
[2026-07-12T23:32:36Z]   ✓ GOLF pre-tee: golf_the_open_championship_winner (151 players, +4647m to tee)
[2026-07-12T23:32:36Z]   Total events captured this run: 3
[2026-07-13T01:09:05Z]   ✓ GOLF pre-tee: golf_masters_tournament_winner (96 players, +387951m to tee)
[2026-07-13T01:09:06Z]   ✓ GOLF pre-tee: golf_the_open_championship_winner (151 players, +4551m to tee)
[2026-07-13T01:09:06Z]   Total events captured this run: 2
[2026-07-13T04:50:49Z]   ✓ GOLF pre-tee: golf_masters_tournament_winner (96 players, +387729m to tee)
[2026-07-13T04:50:49Z]   ✓ GOLF pre-tee: golf_the_open_championship_winner (151 players, +4329m to tee)
[2026-07-13T04:50:49Z]   Total events captured this run: 2
[2026-07-13T07:59:02Z]   ✓ GOLF pre-tee: golf_masters_tournament_winner (96 players, +387541m to tee)
[2026-07-13T07:59:02Z]   ✓ GOLF pre-tee: golf_the_open_championship_winner (154 players, +4141m to tee)
[2026-07-13T07:59:02Z]   Total events captured this run: 2
[2026-07-13T11:25:33Z]   ✓ GOLF pre-tee: golf_masters_tournament_winner (96 players, +387334m to tee)
[2026-07-13T11:25:33Z]   ✓ GOLF pre-tee: golf_the_open_championship_winner (154 players, +3934m to tee)
[2026-07-13T11:25:33Z]   Total events captured this run: 2
[2026-07-13T13:41:35Z]   ✓ GOLF pre-tee: golf_masters_tournament_winner (96 players, +387198m to tee)
[2026-07-13T13:41:35Z]   ✓ GOLF pre-tee: golf_the_open_championship_winner (155 players, +3798m to tee)
[2026-07-13T13:41:35Z]   Total events captured this run: 2
[2026-07-13T16:10:25Z]   ✓ GOLF pre-tee: golf_masters_tournament_winner (96 players, +387050m to tee)
[2026-07-13T16:10:25Z]   ✓ GOLF pre-tee: golf_the_open_championship_winner (155 players, +3650m to tee)
[2026-07-13T16:10:25Z]   Total events captured this run: 2
[2026-07-13T18:13:14Z]   ✓ GOLF pre-tee: golf_masters_tournament_winner (96 players, +386927m to tee)
[2026-07-13T18:13:14Z]   ✓ GOLF pre-tee: golf_the_open_championship_winner (155 players, +3527m to tee)
[2026-07-13T18:13:14Z]   Total events captured this run: 2
[2026-07-13T19:53:29Z]   ✓ GOLF pre-tee: golf_masters_tournament_winner (96 players, +386827m to tee)
[2026-07-13T19:53:29Z]   ✓ GOLF pre-tee: golf_the_open_championship_winner (155 players, +3427m to tee)
[2026-07-13T19:53:29Z]   Total events captured this run: 2
[2026-07-13T21:08:58Z]   ✓ GOLF pre-tee: golf_masters_tournament_winner (96 players, +386751m to tee)
[2026-07-13T21:08:58Z]   ✓ GOLF pre-tee: golf_the_open_championship_winner (155 players, +3351m to tee)
[2026-07-13T21:08:58Z]   Total events captured this run: 2
[2026-07-13T22:14:10Z]   ✓ WNBA pre-game captured: Los Angeles Sparks @ Atlanta Dream (+46m to start, event 59e806dd)
[2026-07-13T22:14:11Z]   ✓ GOLF pre-tee: golf_masters_tournament_winner (96 players, +386686m to tee)
[2026-07-13T22:14:12Z]   ✓ GOLF pre-tee: golf_the_open_championship_winner (155 players, +3286m to tee)
[2026-07-13T22:14:12Z]   Total events captured this run: 3
[2026-07-13T23:16:38Z]   ✓ GOLF pre-tee: golf_masters_tournament_winner (96 players, +386623m to tee)
[2026-07-13T23:16:38Z]   ✓ GOLF pre-tee: golf_the_open_championship_winner (155 players, +3223m to tee)
[2026-07-13T23:16:38Z]   Total events captured this run: 2
[2026-07-14T00:10:30Z]   ✓ WNBA pre-game captured: Phoenix Mercury @ Minnesota Lynx (+50m to start, event 089163a3)
[2026-07-14T00:10:31Z]   ✓ GOLF pre-tee: golf_masters_tournament_winner (96 players, +386569m to tee)
[2026-07-14T00:10:31Z]   ✓ GOLF pre-tee: golf_the_open_championship_winner (155 players, +3169m to tee)
[2026-07-14T00:10:31Z]   Total events captured this run: 3
[2026-07-14T03:40:25Z]   ✓ GOLF pre-tee: golf_masters_tournament_winner (96 players, +386360m to tee)
[2026-07-14T03:40:26Z]   ✓ GOLF pre-tee: golf_the_open_championship_winner (155 players, +2960m to tee)
[2026-07-14T03:40:26Z]   Total events captured this run: 2
[2026-07-14T05:59:20Z]   ✓ GOLF pre-tee: golf_masters_tournament_winner (96 players, +386221m to tee)
[2026-07-14T05:59:20Z]   ✓ GOLF pre-tee: golf_the_open_championship_winner (155 players, +2821m to tee)
[2026-07-14T05:59:20Z]   Total events captured this run: 2
[2026-07-14T08:24:25Z]   ✓ GOLF pre-tee: golf_masters_tournament_winner (96 players, +386076m to tee)
[2026-07-14T08:24:25Z]   ✓ GOLF pre-tee: golf_the_open_championship_winner (155 players, +2676m to tee)
[2026-07-14T08:24:25Z]   Total events captured this run: 2
[2026-07-14T10:21:01Z]   ✓ GOLF pre-tee: golf_masters_tournament_winner (96 players, +385959m to tee)
[2026-07-14T10:21:01Z]   ✓ GOLF pre-tee: golf_the_open_championship_winner (155 players, +2559m to tee)
[2026-07-14T10:21:01Z]   Total events captured this run: 2
[2026-07-14T11:50:00Z]   ✓ GOLF pre-tee: golf_masters_tournament_winner (96 players, +385870m to tee)
[2026-07-14T11:50:00Z]   ✓ GOLF pre-tee: golf_the_open_championship_winner (155 players, +2470m to tee)
[2026-07-14T11:50:00Z]   Total events captured this run: 2
[2026-07-14T12:56:06Z]   ✓ GOLF pre-tee: golf_masters_tournament_winner (96 players, +385804m to tee)
[2026-07-14T12:56:06Z]   ✓ GOLF pre-tee: golf_the_open_championship_winner (155 players, +2439m to tee)
[2026-07-14T12:56:06Z]   Total events captured this run: 2
[2026-07-14T15:00:51Z]   ✓ WNBA CLOSING captured: Portland Fire @ Connecticut Sun (+9m to start, event c2ecfa7d)
[2026-07-14T15:00:52Z]   ✓ GOLF pre-tee: golf_masters_tournament_winner (96 players, +385679m to tee)
[2026-07-14T15:00:52Z]   ✓ GOLF pre-tee: golf_the_open_championship_winner (155 players, +2314m to tee)
[2026-07-14T15:00:52Z]   Total events captured this run: 3
[2026-07-14T16:23:23Z]   ✓ GOLF pre-tee: golf_masters_tournament_winner (96 players, +385597m to tee)
[2026-07-14T16:23:24Z]   ✓ GOLF pre-tee: golf_the_open_championship_winner (155 players, +2232m to tee)
[2026-07-14T16:23:24Z]   Total events captured this run: 2
[2026-07-14T17:44:07Z]   ✓ SOCCER pre-game captured: Spain @ France (+76m to start, event f9aa13a6)
[2026-07-14T17:44:08Z]   ✓ GOLF pre-tee: golf_masters_tournament_winner (96 players, +385516m to tee)
[2026-07-14T17:44:08Z]   ✓ GOLF pre-tee: golf_the_open_championship_winner (155 players, +2151m to tee)
[2026-07-14T17:44:08Z]   Total events captured this run: 3
[2026-07-14T18:52:19Z]   ✓ SOCCER CLOSING captured: Spain @ France (+8m to start, event f9aa13a6)
[2026-07-14T18:52:21Z]   ✓ GOLF pre-tee: golf_masters_tournament_winner (96 players, +385448m to tee)
[2026-07-14T18:52:21Z]   ✓ GOLF pre-tee: golf_the_open_championship_winner (155 players, +2083m to tee)
[2026-07-14T18:52:21Z]   Total events captured this run: 3
[2026-07-14T20:02:55Z]   ✓ GOLF pre-tee: golf_masters_tournament_winner (96 players, +385377m to tee)
[2026-07-14T20:02:55Z]   ✓ GOLF pre-tee: golf_the_open_championship_winner (155 players, +2012m to tee)
[2026-07-14T20:02:55Z]   Total events captured this run: 2
[2026-07-14T21:10:28Z]   ✓ GOLF pre-tee: golf_masters_tournament_winner (96 players, +385310m to tee)
[2026-07-14T21:10:28Z]   ✓ GOLF pre-tee: golf_the_open_championship_winner (155 players, +1945m to tee)
[2026-07-14T21:10:28Z]   Total events captured this run: 2
[2026-07-14T22:17:02Z]   ✓ WNBA pre-game captured: Washington Mystics @ Toronto Tempo (+53m to start, event d6adc93a)
[2026-07-14T22:17:04Z]   ✓ GOLF pre-tee: golf_masters_tournament_winner (96 players, +385243m to tee)
[2026-07-14T22:17:04Z]   ✓ GOLF pre-tee: golf_the_open_championship_winner (155 players, +1878m to tee)
[2026-07-14T22:17:04Z]   Total events captured this run: 3
[2026-07-14T23:14:32Z]   ✓ MLB pre-game captured: American League @ National League (+46m to start, event 7fecfdec)
[2026-07-14T23:14:33Z]   ✓ GOLF pre-tee: golf_masters_tournament_winner (96 players, +385185m to tee)
[2026-07-14T23:14:34Z]   ✓ GOLF pre-tee: golf_the_open_championship_winner (155 players, +1820m to tee)
[2026-07-14T23:14:34Z]   Total events captured this run: 3
[2026-07-15T00:08:59Z]   ✓ MLB CLOSING captured: American League @ National League (+6m to start, event 7fecfdec)
[2026-07-15T00:09:02Z]   ✓ GOLF pre-tee: golf_masters_tournament_winner (96 players, +385131m to tee)
[2026-07-15T00:09:03Z]   ✓ GOLF pre-tee: golf_the_open_championship_winner (155 players, +1766m to tee)
[2026-07-15T00:09:03Z]   Total events captured this run: 3
[2026-07-15T03:40:52Z]   ✓ GOLF pre-tee: golf_masters_tournament_winner (96 players, +384919m to tee)
[2026-07-15T03:40:53Z]   ✓ GOLF pre-tee: golf_the_open_championship_winner (155 players, +1554m to tee)
[2026-07-15T03:40:53Z]   Total events captured this run: 2
[2026-07-15T06:02:11Z]   ✓ GOLF pre-tee: golf_masters_tournament_winner (96 players, +384778m to tee)
[2026-07-15T06:02:11Z]   ✓ GOLF pre-tee: golf_the_open_championship_winner (155 players, +1413m to tee)
[2026-07-15T06:02:11Z]   Total events captured this run: 2
[2026-07-15T08:31:02Z]   ✓ GOLF pre-tee: golf_masters_tournament_winner (96 players, +384629m to tee)
[2026-07-15T08:31:02Z]   ✓ GOLF pre-tee: golf_the_open_championship_winner (155 players, +1264m to tee)
[2026-07-15T08:31:02Z]   Total events captured this run: 2
[2026-07-15T10:24:51Z]   ✓ GOLF pre-tee: golf_masters_tournament_winner (96 players, +384515m to tee)
[2026-07-15T10:24:52Z]   ✓ GOLF pre-tee: golf_the_open_championship_winner (155 players, +1150m to tee)
[2026-07-15T10:24:52Z]   Total events captured this run: 2
[2026-07-15T12:03:43Z]   ✓ GOLF pre-tee: golf_masters_tournament_winner (96 players, +384416m to tee)
[2026-07-15T12:03:43Z]   ✓ GOLF pre-tee: golf_the_open_championship_winner (155 players, +1051m to tee)
[2026-07-15T12:03:43Z]   Total events captured this run: 2
[2026-07-15T14:04:24Z]   ✓ GOLF pre-tee: golf_masters_tournament_winner (96 players, +384296m to tee)
[2026-07-15T14:04:24Z]   ✓ GOLF pre-tee: golf_the_open_championship_winner (155 players, +931m to tee)
[2026-07-15T14:04:24Z]   Total events captured this run: 2
[2026-07-15T15:43:42Z]   ✓ WNBA pre-game captured: Seattle Storm @ Chicago Sky (+26m to start, event dd23179c)
[2026-07-15T15:43:42Z]   ✓ WNBA pre-game captured: Los Angeles Sparks @ Minnesota Lynx (+86m to start, event 4db11d33)
[2026-07-15T15:43:44Z]   ✓ GOLF pre-tee: golf_masters_tournament_winner (96 players, +384196m to tee)
[2026-07-15T15:43:44Z]   ✓ GOLF pre-tee: golf_the_open_championship_winner (155 players, +831m to tee)
[2026-07-15T15:43:44Z]   Total events captured this run: 4
[2026-07-15T16:58:23Z]   ✓ WNBA CLOSING captured: Los Angeles Sparks @ Minnesota Lynx (+12m to start, event 4db11d33)
[2026-07-15T16:58:25Z]   ✓ GOLF pre-tee: golf_masters_tournament_winner (96 players, +384122m to tee)
[2026-07-15T16:58:25Z]   ✓ GOLF pre-tee: golf_the_open_championship_winner (155 players, +757m to tee)
[2026-07-15T16:58:25Z]   Total events captured this run: 3
[2026-07-15T18:16:20Z]   ✓ SOCCER pre-game captured: Argentina @ England (+44m to start, event ced22494)
[2026-07-15T18:16:21Z]   ✓ GOLF pre-tee: golf_masters_tournament_winner (96 players, +384044m to tee)
[2026-07-15T18:16:22Z]   ✓ GOLF CLOSING: golf_the_open_championship_winner (155 players, +679m to tee)
[2026-07-15T18:16:22Z]   Total events captured this run: 3
[2026-07-15T19:40:21Z]   ✓ GOLF pre-tee: golf_masters_tournament_winner (96 players, +383960m to tee)
[2026-07-15T19:40:21Z]   Total events captured this run: 1
[2026-07-15T20:45:10Z]   ✓ GOLF pre-tee: golf_masters_tournament_winner (96 players, +383895m to tee)
[2026-07-15T20:45:10Z]   Total events captured this run: 1
[2026-07-15T21:42:53Z]   ✓ GOLF pre-tee: golf_masters_tournament_winner (96 players, +383837m to tee)
[2026-07-15T21:42:53Z]   Total events captured this run: 1
[2026-07-15T22:43:43Z]   ✓ WNBA pre-game captured: Golden State Valkyries @ Indiana Fever (+86m to start, event 8eace0d4)
[2026-07-15T22:43:45Z]   ✓ GOLF pre-tee: golf_masters_tournament_winner (96 players, +383776m to tee)
[2026-07-15T22:43:45Z]   Total events captured this run: 2
[2026-07-15T23:44:10Z]   ✓ GOLF pre-tee: golf_masters_tournament_winner (96 players, +383716m to tee)
[2026-07-15T23:44:10Z]   Total events captured this run: 1
[2026-07-16T01:11:22Z]   ✓ GOLF pre-tee: golf_masters_tournament_winner (96 players, +383629m to tee)
[2026-07-16T01:11:22Z]   ✓ GOLF CLOSING: golf_the_open_championship_winner (155 players, +264m to tee)
[2026-07-16T01:11:22Z]   Total events captured this run: 2
[2026-07-16T04:28:57Z]   ✓ GOLF pre-tee: golf_masters_tournament_winner (96 players, +383431m to tee)
[2026-07-16T04:28:57Z]   Total events captured this run: 1
[2026-07-16T07:05:16Z]   ✓ GOLF pre-tee: golf_masters_tournament_winner (96 players, +383275m to tee)
[2026-07-16T07:05:16Z]   Total events captured this run: 1
[2026-07-16T09:24:07Z]   ✓ GOLF pre-tee: golf_masters_tournament_winner (96 players, +383136m to tee)
[2026-07-16T09:24:07Z]   Total events captured this run: 1
[2026-07-16T11:20:10Z]   ✓ GOLF pre-tee: golf_masters_tournament_winner (96 players, +383020m to tee)
[2026-07-16T11:20:10Z]   Total events captured this run: 1
[2026-07-16T12:55:48Z]   ✓ GOLF pre-tee: golf_masters_tournament_winner (96 players, +382924m to tee)
[2026-07-16T12:55:48Z]   Total events captured this run: 1
[2026-07-16T15:10:26Z]   ✓ GOLF pre-tee: golf_masters_tournament_winner (96 players, +382790m to tee)
[2026-07-16T15:10:26Z]   Total events captured this run: 1
[2026-07-16T16:44:59Z]   ✓ GOLF pre-tee: golf_masters_tournament_winner (96 players, +382695m to tee)
[2026-07-16T16:44:59Z]   Total events captured this run: 1
[2026-07-16T17:56:23Z]   ✓ GOLF pre-tee: golf_masters_tournament_winner (96 players, +382624m to tee)
[2026-07-16T17:56:23Z]   Total events captured this run: 1
[2026-07-16T19:25:56Z]   ✓ GOLF pre-tee: golf_masters_tournament_winner (96 players, +382534m to tee)
[2026-07-16T19:25:56Z]   Total events captured this run: 1
[2026-07-16T20:30:07Z]   ✓ GOLF pre-tee: golf_masters_tournament_winner (96 players, +382470m to tee)
[2026-07-16T20:30:07Z]   Total events captured this run: 1
[2026-07-16T21:39:27Z]   ✓ MLB pre-game captured: New York Mets @ Philadelphia Phillies (+32m to start, event 7ad2e887)
[2026-07-16T21:39:28Z]   ✓ GOLF pre-tee: golf_masters_tournament_winner (96 players, +382401m to tee)
[2026-07-16T21:39:28Z]   Total events captured this run: 2
[2026-07-16T22:42:40Z]   ✓ WNBA pre-game captured: Portland Fire @ Washington Mystics (+27m to start, event 00a99743)
[2026-07-16T22:42:40Z]   ✓ SOCCER_USA_MLS pre-game captured: Toronto FC @ CF Montreal (+47m to start, event 5c16421f)
[2026-07-16T22:42:41Z]   ✓ GOLF pre-tee: golf_masters_tournament_winner (96 players, +382337m to tee)
[2026-07-16T22:42:41Z]   Total events captured this run: 3
[2026-07-16T23:42:48Z]   ✓ SOCCER_USA_MLS CLOSING captured: Toronto FC @ CF Montreal (-3m to start, event 5c16421f)
[2026-07-16T23:42:48Z]   ✓ SOCCER_USA_MLS pre-game captured: Vancouver Whitecaps FC @ Chicago Fire (+47m to start, event 1d13bd27)
[2026-07-16T23:42:48Z]   ✓ SOCCER_USA_MLS pre-game captured: Sporting Kansas City @ St. Louis City SC (+47m to start, event fb40e730)
[2026-07-16T23:42:49Z]   ✓ GOLF pre-tee: golf_masters_tournament_winner (96 players, +382277m to tee)
[2026-07-16T23:42:49Z]   Total events captured this run: 4
[2026-07-17T01:15:53Z]   ✓ SOCCER_USA_MLS pre-game captured: Portland Timbers @ Seattle Sounders FC (+74m to start, event dfe08752)
[2026-07-17T01:15:53Z]   ✓ GOLF pre-tee: golf_masters_tournament_winner (96 players, +382184m to tee)
[2026-07-17T01:15:53Z]   ✓ GOLF CLOSING: golf_the_open_championship_winner (155 players, +259m to tee)
[2026-07-17T01:15:53Z]   Total events captured this run: 3
[2026-07-17T04:29:58Z]   ✓ GOLF pre-tee: golf_masters_tournament_winner (96 players, +381990m to tee)
[2026-07-17T04:29:58Z]   Total events captured this run: 1
[2026-07-17T06:59:42Z]   ✓ GOLF pre-tee: golf_masters_tournament_winner (96 players, +381840m to tee)
[2026-07-17T06:59:42Z]   Total events captured this run: 1
[2026-07-17T09:17:50Z]   ✓ GOLF pre-tee: golf_masters_tournament_winner (96 players, +381702m to tee)
[2026-07-17T09:17:50Z]   Total events captured this run: 1
[2026-07-17T10:59:39Z]   ✓ GOLF pre-tee: golf_masters_tournament_winner (96 players, +381600m to tee)
[2026-07-17T10:59:39Z]   Total events captured this run: 1
[2026-07-17T12:18:08Z]   ✓ GOLF pre-tee: golf_masters_tournament_winner (96 players, +381522m to tee)
[2026-07-17T12:18:08Z]   Total events captured this run: 1
[2026-07-17T14:07:31Z]   ✓ GOLF pre-tee: golf_masters_tournament_winner (96 players, +381412m to tee)
[2026-07-17T14:07:31Z]   Total events captured this run: 1
[2026-07-17T15:36:26Z]   ✓ GOLF pre-tee: golf_masters_tournament_winner (96 players, +381324m to tee)
[2026-07-17T15:36:26Z]   Total events captured this run: 1
[2026-07-17T16:44:02Z]   ✓ MLB pre-game captured: Tampa Bay Rays @ Boston Red Sox (+52m to start, event 43706fff)
[2026-07-17T16:44:04Z]   ✓ GOLF pre-tee: golf_masters_tournament_winner (96 players, +381256m to tee)
[2026-07-17T16:44:04Z]   Total events captured this run: 2
[2026-07-17T17:50:28Z]   ✓ GOLF pre-tee: golf_masters_tournament_winner (96 players, +381190m to tee)
[2026-07-17T17:50:28Z]   Total events captured this run: 1
[2026-07-17T18:45:43Z]   ✓ GOLF pre-tee: golf_masters_tournament_winner (96 players, +381134m to tee)
[2026-07-17T18:45:43Z]   Total events captured this run: 1
[2026-07-17T19:52:59Z]   ✓ GOLF pre-tee: golf_masters_tournament_winner (96 players, +381067m to tee)
[2026-07-17T19:52:59Z]   Total events captured this run: 1
[2026-07-17T21:04:27Z]   ✓ GOLF pre-tee: golf_masters_tournament_winner (96 players, +380996m to tee)
[2026-07-17T21:04:27Z]   Total events captured this run: 1
[2026-07-17T22:02:59Z]   ✓ MLB pre-game captured: Los Angeles Dodgers @ New York Yankees (+63m to start, event f20d3f5c)
[2026-07-17T22:02:59Z]   ✓ MLB pre-game captured: Tampa Bay Rays @ Boston Red Sox (+68m to start, event 9d097606)
[2026-07-17T22:03:00Z]   ✓ MLB pre-game captured: Texas Rangers @ Atlanta Braves (+73m to start, event 218dcb58)
[2026-07-17T22:03:00Z]   ✓ MLB pre-game captured: Chicago White Sox @ Toronto Blue Jays (+73m to start, event cfb2e85c)
[2026-07-17T22:03:01Z]   ✓ WNBA pre-game captured: Atlanta Dream @ Toronto Tempo (+87m to start, event 571b28dd)
[2026-07-17T22:03:01Z]   ✓ WNBA pre-game captured: Los Angeles Sparks @ Chicago Sky (+87m to start, event 4a1af047)
[2026-07-17T22:03:02Z]   ✓ GOLF pre-tee: golf_masters_tournament_winner (96 players, +380937m to tee)
[2026-07-17T22:03:02Z]   Total events captured this run: 7
[2026-07-17T23:00:17Z]   ✓ MLB CLOSING captured: Los Angeles Dodgers @ New York Yankees (+6m to start, event f20d3f5c)
[2026-07-17T23:00:18Z]   ✓ MLB CLOSING captured: Tampa Bay Rays @ Boston Red Sox (+11m to start, event 9d097606)
[2026-07-17T23:00:18Z]   ✓ MLB CLOSING captured: Texas Rangers @ Atlanta Braves (+16m to start, event 218dcb58)
[2026-07-17T23:00:18Z]   ✓ MLB CLOSING captured: Chicago White Sox @ Toronto Blue Jays (+16m to start, event cfb2e85c)
[2026-07-17T23:00:19Z]   ✓ MLB pre-game captured: Miami Marlins @ Milwaukee Brewers (+41m to start, event 11dadeb5)
[2026-07-17T23:00:19Z]   ✓ MLB pre-game captured: Minnesota Twins @ Chicago Cubs (+66m to start, event 7d92a7df)
[2026-07-17T23:00:19Z]   ✓ MLB pre-game captured: Baltimore Orioles @ Houston Astros (+71m to start, event dbf668de)
[2026-07-17T23:00:20Z]   ✓ MLB pre-game captured: San Diego Padres @ Kansas City Royals (+71m to start, event 704ba175)
[2026-07-17T23:00:20Z]   ✓ WNBA pre-game captured: Seattle Storm @ Indiana Fever (+40m to start, event 034012f2)
[2026-07-17T23:00:22Z]   ✓ SOCCER_USA_MLS pre-game captured: Atlanta United FC @ Nashville SC (+70m to start, event d75f6254)
[2026-07-17T23:00:23Z]   ✓ GOLF pre-tee: golf_masters_tournament_winner (96 players, +380880m to tee)
[2026-07-17T23:00:23Z]   Total events captured this run: 11
[2026-07-18T00:01:21Z]   ✓ MLB CLOSING captured: Minnesota Twins @ Chicago Cubs (+5m to start, event 7d92a7df)
[2026-07-18T00:01:21Z]   ✓ MLB CLOSING captured: Baltimore Orioles @ Houston Astros (+10m to start, event dbf668de)
[2026-07-18T00:01:22Z]   ✓ MLB CLOSING captured: San Diego Padres @ Kansas City Royals (+10m to start, event 704ba175)
[2026-07-18T00:01:22Z]   ✓ MLB pre-game captured: Cincinnati Reds @ Colorado Rockies (+40m to start, event e9c736da)
[2026-07-18T00:01:24Z]   ✓ SOCCER_USA_MLS CLOSING captured: Atlanta United FC @ Nashville SC (+19m to start, event d75f6254)
[2026-07-18T00:01:24Z]   ✓ SOCCER_MEXICO_LIGAMX pre-game captured: Atlas @ León (+59m to start, event 195e9fb3)
[2026-07-18T00:01:24Z]   ✓ SOCCER_MEXICO_LIGAMX pre-game captured: Cruz Azul @ Atlético San Luis (+59m to start, event 88f78b66)
[2026-07-18T00:01:25Z]   ✓ GOLF pre-tee: golf_masters_tournament_winner (96 players, +380819m to tee)
[2026-07-18T00:01:25Z]   ✓ GOLF CLOSING: golf_the_open_championship_winner (78 players, +489m to tee)
[2026-07-18T00:01:25Z]   Total events captured this run: 9
[2026-07-18T03:21:29Z]   ✓ GOLF pre-tee: golf_masters_tournament_winner (96 players, +380619m to tee)
[2026-07-18T03:21:29Z]   Total events captured this run: 1
[2026-07-18T05:39:57Z]   ✓ GOLF pre-tee: golf_masters_tournament_winner (96 players, +380480m to tee)
[2026-07-18T05:39:57Z]   Total events captured this run: 1
[2026-07-18T07:20:41Z]   ✓ GOLF pre-tee: golf_masters_tournament_winner (96 players, +380379m to tee)
[2026-07-18T07:20:41Z]   Total events captured this run: 1
[2026-07-18T09:04:18Z]   ✓ GOLF pre-tee: golf_masters_tournament_winner (96 players, +380276m to tee)
[2026-07-18T09:04:18Z]   Total events captured this run: 1
[2026-07-18T10:36:28Z]   ✓ GOLF pre-tee: golf_masters_tournament_winner (96 players, +380184m to tee)
[2026-07-18T10:36:28Z]   Total events captured this run: 1
[2026-07-18T11:33:32Z]   ✓ GOLF pre-tee: golf_masters_tournament_winner (96 players, +380126m to tee)
[2026-07-18T11:33:32Z]   Total events captured this run: 1
[2026-07-18T12:31:37Z]   ✓ GOLF pre-tee: golf_masters_tournament_winner (96 players, +380068m to tee)
[2026-07-18T12:31:37Z]   Total events captured this run: 1
[2026-07-18T14:02:08Z]   ✓ GOLF pre-tee: golf_masters_tournament_winner (96 players, +379978m to tee)
[2026-07-18T14:02:08Z]   Total events captured this run: 1
[2026-07-18T15:06:32Z]   ✓ GOLF pre-tee: golf_masters_tournament_winner (96 players, +379913m to tee)
[2026-07-18T15:06:32Z]   Total events captured this run: 1
[2026-07-18T16:07:28Z]   ✓ MLB pre-game captured: Pittsburgh Pirates @ Cleveland Guardians (+64m to start, event d8bf9cd3)
[2026-07-18T16:07:32Z]   ✓ GOLF pre-tee: golf_masters_tournament_winner (96 players, +379852m to tee)
[2026-07-18T16:07:32Z]   Total events captured this run: 2
[2026-07-18T17:10:39Z]   ✓ MLB CLOSING captured: Pittsburgh Pirates @ Cleveland Guardians (+0m to start, event d8bf9cd3)
[2026-07-18T17:10:40Z]   ✓ MLB pre-game captured: Minnesota Twins @ Chicago Cubs (+70m to start, event 1ac6eaa4)
[2026-07-18T17:10:43Z]   ✓ GOLF pre-tee: golf_masters_tournament_winner (96 players, +379789m to tee)
[2026-07-18T17:10:43Z]   Total events captured this run: 3
[2026-07-18T18:11:42Z]   ✓ MLB CLOSING captured: Minnesota Twins @ Chicago Cubs (+9m to start, event 1ac6eaa4)
[2026-07-18T18:11:42Z]   ✓ MLB pre-game captured: New York Mets @ Philadelphia Phillies (+54m to start, event 788467a9)
[2026-07-18T18:11:42Z]   ✓ MLB pre-game captured: Chicago White Sox @ Toronto Blue Jays (+56m to start, event 2c17f198)
[2026-07-18T18:11:43Z]   ✓ MLB pre-game captured: Cincinnati Reds @ Colorado Rockies (+59m to start, event 2962ef39)
[2026-07-18T18:11:46Z]   ✓ GOLF pre-tee: golf_masters_tournament_winner (96 players, +379728m to tee)
[2026-07-18T18:11:46Z]   Total events captured this run: 5
[2026-07-18T19:36:23Z]   ✓ MLB CLOSING captured: Chicago White Sox @ Toronto Blue Jays (+4m to start, event 2c17f198)
[2026-07-18T19:36:23Z]   ✓ MLB pre-game captured: St. Louis Cardinals @ Arizona Diamondbacks (+35m to start, event 3ccc4f22)
[2026-07-18T19:36:23Z]   ✓ MLB pre-game captured: Texas Rangers @ Atlanta Braves (+35m to start, event 054bfd16)
[2026-07-18T19:36:23Z]   ✓ MLB pre-game captured: Baltimore Orioles @ Houston Astros (+35m to start, event 48ca8f5f)
[2026-07-18T19:36:24Z]   ✓ MLB pre-game captured: San Diego Padres @ Kansas City Royals (+35m to start, event af96de18)
[2026-07-18T19:36:24Z]   ✓ MLB pre-game captured: Miami Marlins @ Milwaukee Brewers (+35m to start, event 31b5f1a3)
[2026-07-18T19:36:25Z]   ✓ SOCCER pre-game captured: England @ France (+84m to start, event 7a49e798)
[2026-07-18T19:36:26Z]   ✓ GOLF pre-tee: golf_masters_tournament_winner (96 players, +379644m to tee)
[2026-07-18T19:36:26Z]   Total events captured this run: 8
[2026-07-18T20:25:32Z]   ✓ MLB pre-game captured: Tampa Bay Rays @ Boston Red Sox (+45m to start, event 698618fc)
[2026-07-18T20:25:34Z]   ✓ UFC pre-game captured: Dione Barbosa @ Anna Melisano (+44m to start, event 3623e2e6)
[2026-07-18T20:25:34Z]   ✓ UFC pre-game captured: Alvin Hines @ RJ Harris (+69m to start, event cf0be84e)
[2026-07-18T20:25:34Z]   ✓ UFC pre-game captured: Borena Tsertsvadze @ Victoria Alba (+74m to start, event f39b3d72)
[2026-07-18T20:25:34Z]   ✓ MMA pre-game captured: Dione Barbosa @ Anna Melisano (+44m to start, event 3623e2e6)
[2026-07-18T20:25:35Z]   ✓ MMA pre-game captured: Alvin Hines @ RJ Harris (+69m to start, event cf0be84e)
[2026-07-18T20:25:35Z]   ✓ MMA pre-game captured: Borena Tsertsvadze @ Victoria Alba (+74m to start, event f39b3d72)
[2026-07-18T20:25:35Z]   ✓ GOLF pre-tee: golf_masters_tournament_winner (96 players, +379594m to tee)
[2026-07-18T20:25:35Z]   Total events captured this run: 8
[2026-07-18T21:29:12Z]   ✓ UFC CLOSING captured: Alvin Hines @ RJ Harris (+6m to start, event cf0be84e)
[2026-07-18T21:29:12Z]   ✓ UFC CLOSING captured: Borena Tsertsvadze @ Victoria Alba (+11m to start, event f39b3d72)
[2026-07-18T21:29:12Z]   ✓ UFC pre-game captured: Stewart Nicoll @ Alden Coria (+31m to start, event 6d08b5bd)
[2026-07-18T21:29:12Z]   ✓ UFC pre-game captured: Zak Flessas @ Jackson Glass (+41m to start, event 1add159e)
[2026-07-18T21:29:12Z]   ✓ UFC pre-game captured: Damien Anderson @ Ezra Elliott (+56m to start, event ff5365e9)
[2026-07-18T21:29:13Z]   ✓ UFC pre-game captured: Ashley Thiner @ Mia Grawe (+71m to start, event da9f9b9c)
[2026-07-18T21:29:13Z]   ✓ UFC pre-game captured: Felipe Franco @ Levi Rodrigues (+81m to start, event 5eac4481)
[2026-07-18T21:29:13Z]   ✓ MMA CLOSING captured: Alvin Hines @ RJ Harris (+6m to start, event cf0be84e)
[2026-07-18T21:29:13Z]   ✓ MMA CLOSING captured: Borena Tsertsvadze @ Victoria Alba (+11m to start, event f39b3d72)
[2026-07-18T21:29:13Z]   ✓ MMA pre-game captured: Stewart Nicoll @ Alden Coria (+31m to start, event 6d08b5bd)
[2026-07-18T21:29:13Z]   ✓ MMA pre-game captured: Zak Flessas @ Jackson Glass (+41m to start, event 1add159e)
[2026-07-18T21:29:14Z]   ✓ MMA pre-game captured: Damien Anderson @ Ezra Elliott (+56m to start, event ff5365e9)
[2026-07-18T21:29:14Z]   ✓ MMA pre-game captured: Ashley Thiner @ Mia Grawe (+71m to start, event da9f9b9c)
[2026-07-18T21:29:14Z]   ✓ MMA pre-game captured: Felipe Franco @ Levi Rodrigues (+81m to start, event 5eac4481)
[2026-07-18T21:29:14Z]   ✓ GOLF pre-tee: golf_masters_tournament_winner (96 players, +379531m to tee)
[2026-07-18T21:29:14Z]   Total events captured this run: 15
[2026-07-18T22:27:46Z]   ✓ MLB pre-game captured: Pittsburgh Pirates @ Cleveland Guardians (+42m to start, event 1b7f4086)
[2026-07-18T22:27:47Z]   ✓ SOCCER_MEXICO_LIGAMX pre-game captured: Pachuca @ Pumas (+32m to start, event f4a08c08)
[2026-07-18T22:27:47Z]   ✓ UFC CLOSING captured: Damien Anderson @ Ezra Elliott (-3m to start, event ff5365e9)
[2026-07-18T22:27:48Z]   ✓ UFC CLOSING captured: Ashley Thiner @ Mia Grawe (+12m to start, event da9f9b9c)
[2026-07-18T22:27:48Z]   ✓ UFC CLOSING captured: Felipe Franco @ Levi Rodrigues (+22m to start, event 5eac4481)
[2026-07-18T22:27:48Z]   ✓ UFC pre-game captured: Aleksandra Savicheva @ Andrea Vazquez (+42m to start, event 53234931)
[2026-07-18T22:27:48Z]   ✓ UFC pre-game captured: Jean-Paul Lebosnoyani @ Seok Hyun Ko (+47m to start, event 2e50a99c)
[2026-07-18T22:27:49Z]   ✓ UFC pre-game captured: Jose Delgado @ Austin Bashi (+72m to start, event 1fd6deee)
[2026-07-18T22:27:49Z]   ✓ UFC pre-game captured: Gamid Khizriev @ Biaggio Ali Walsh (+72m to start, event 6fb8b76a)
[2026-07-18T22:27:49Z]   ✓ MMA CLOSING captured: Damien Anderson @ Ezra Elliott (-3m to start, event ff5365e9)
[2026-07-18T22:27:49Z]   ✓ MMA CLOSING captured: Ashley Thiner @ Mia Grawe (+12m to start, event da9f9b9c)
[2026-07-18T22:27:49Z]   ✓ MMA CLOSING captured: Felipe Franco @ Levi Rodrigues (+22m to start, event 5eac4481)
[2026-07-18T22:27:49Z]   ✓ MMA pre-game captured: Aleksandra Savicheva @ Andrea Vazquez (+42m to start, event 53234931)
[2026-07-18T22:27:49Z]   ✓ MMA pre-game captured: Jean-Paul Lebosnoyani @ Seok Hyun Ko (+47m to start, event 2e50a99c)
[2026-07-18T22:27:50Z]   ✓ MMA pre-game captured: Jose Delgado @ Austin Bashi (+72m to start, event 1fd6deee)
[2026-07-18T22:27:50Z]   ✓ MMA pre-game captured: Gamid Khizriev @ Biaggio Ali Walsh (+72m to start, event 6fb8b76a)
[2026-07-18T22:27:50Z]   ✓ GOLF pre-tee: golf_masters_tournament_winner (96 players, +379472m to tee)
[2026-07-18T22:27:50Z]   Total events captured this run: 17
[2026-07-18T23:32:14Z]   ✓ MLB CLOSING captured: Pittsburgh Pirates @ Cleveland Guardians (+18m to start, event 1b7f4086)
[2026-07-18T23:32:14Z]   ✓ MLB pre-game captured: San Francisco Giants @ Seattle Mariners (+37m to start, event fc2051a7)
[2026-07-18T23:32:15Z]   ✓ WNBA pre-game captured: New York Liberty @ Indiana Fever (+28m to start, event cb4f9fb8)
[2026-07-18T23:32:15Z]   ✓ WNBA pre-game captured: Portland Fire @ Minnesota Lynx (+33m to start, event f8783a88)
[2026-07-18T23:32:15Z]   ✓ WNBA pre-game captured: Washington Mystics @ Golden State Valkyries (+58m to start, event d24612bd)
[2026-07-18T23:32:16Z]   ✓ UFC CLOSING captured: Gamid Khizriev @ Biaggio Ali Walsh (-2m to start, event 6fb8b76a)
[2026-07-18T23:32:16Z]   ✓ UFC CLOSING captured: Jose Delgado @ Austin Bashi (+8m to start, event 1fd6deee)
[2026-07-18T23:32:16Z]   ✓ UFC pre-game captured: Alberto Montes @ Tommy McMillen (+43m to start, event 5b9a8b90)
[2026-07-18T23:32:16Z]   ✓ UFC pre-game captured: Julio Arce @ Caolan Loughran (+68m to start, event 79e1a1aa)
[2026-07-18T23:32:17Z]   ✓ UFC pre-game captured: Fatima Kline @ Tabatha Ricci (+73m to start, event 78603275)
[2026-07-18T23:32:17Z]   ✓ MMA CLOSING captured: Gamid Khizriev @ Biaggio Ali Walsh (-2m to start, event 6fb8b76a)
[2026-07-18T23:32:17Z]   ✓ MMA CLOSING captured: Jose Delgado @ Austin Bashi (+8m to start, event 1fd6deee)
[2026-07-18T23:32:17Z]   ✓ MMA pre-game captured: Alberto Montes @ Tommy McMillen (+43m to start, event 5b9a8b90)
[2026-07-18T23:32:17Z]   ✓ MMA pre-game captured: Julio Arce @ Caolan Loughran (+68m to start, event 79e1a1aa)
[2026-07-18T23:32:18Z]   ✓ MMA pre-game captured: Fatima Kline @ Tabatha Ricci (+73m to start, event 78603275)
[2026-07-18T23:32:18Z]   ✓ GOLF pre-tee: golf_masters_tournament_winner (96 players, +379408m to tee)
[2026-07-18T23:32:18Z]   Total events captured this run: 16
[2026-07-19T01:06:14Z]   ✓ MLB pre-game captured: Washington Nationals @ Athletics (+60m to start, event ded1e582)
[2026-07-19T01:06:15Z]   ✓ MLB pre-game captured: Detroit Tigers @ Los Angeles Angels (+62m to start, event 9933e32d)
[2026-07-19T01:06:16Z]   ✓ SOCCER_MEXICO_LIGAMX CLOSING captured: Santos Laguna @ Monterrey (-1m to start, event a1484e11)
[2026-07-19T01:06:17Z]   ✓ SOCCER_MEXICO_LIGAMX CLOSING captured: Toluca @ Guadalajara (+1m to start, event 69611d5f)
[2026-07-19T01:06:17Z]   ✓ UFC CLOSING captured: Rafael do Nascimento @ Lewis McGrillen (+4m to start, event 5f9b4092)
[2026-07-19T01:06:18Z]   ✓ UFC CLOSING captured: Mitch Ramirez @ Chase Hooper (+9m to start, event a382e62c)
[2026-07-19T01:06:18Z]   ✓ UFC pre-game captured: Impa Kasanganay @ Johnny Eblen (+34m to start, event 27daf287)
[2026-07-19T01:06:18Z]   ✓ UFC pre-game captured: Christian Leroy Duncan @ Jared Cannonier (+39m to start, event 33fb4c01)
[2026-07-19T01:06:19Z]   ✓ UFC pre-game captured: Kamaru Usman @ Dricus Du Plessis (+69m to start, event 423b105e)
[2026-07-19T01:06:19Z]   ✓ MMA CLOSING captured: Rafael do Nascimento @ Lewis McGrillen (+4m to start, event 5f9b4092)
[2026-07-19T01:06:19Z]   ✓ MMA CLOSING captured: Mitch Ramirez @ Chase Hooper (+9m to start, event a382e62c)
[2026-07-19T01:06:19Z]   ✓ MMA pre-game captured: Impa Kasanganay @ Johnny Eblen (+34m to start, event 27daf287)
[2026-07-19T01:06:20Z]   ✓ MMA pre-game captured: Christian Leroy Duncan @ Jared Cannonier (+39m to start, event 33fb4c01)
[2026-07-19T01:06:20Z]   ✓ MMA pre-game captured: Kamaru Usman @ Dricus Du Plessis (+69m to start, event 423b105e)
[2026-07-19T01:06:20Z]   ✓ GOLF pre-tee: golf_masters_tournament_winner (96 players, +379314m to tee)
[2026-07-19T01:06:20Z]   ✓ GOLF CLOSING: golf_the_open_championship_winner (77 players, +544m to tee)
[2026-07-19T01:06:20Z]   Total events captured this run: 16
[2026-07-19T04:31:04Z]   ✓ GOLF pre-tee: golf_masters_tournament_winner (96 players, +379109m to tee)
[2026-07-19T04:31:04Z]   Total events captured this run: 1
[2026-07-19T07:09:29Z]   ✓ GOLF pre-tee: golf_masters_tournament_winner (96 players, +378951m to tee)
[2026-07-19T07:09:29Z]   Total events captured this run: 1
[2026-07-19T09:21:36Z]   ✓ GOLF pre-tee: golf_masters_tournament_winner (96 players, +378818m to tee)
[2026-07-19T09:21:36Z]   Total events captured this run: 1
[2026-07-19T10:48:34Z]   ✓ GOLF pre-tee: golf_masters_tournament_winner (96 players, +378731m to tee)
[2026-07-19T10:48:34Z]   Total events captured this run: 1
[2026-07-19T11:45:17Z]   ✓ GOLF pre-tee: golf_masters_tournament_winner (96 players, +378675m to tee)
[2026-07-19T11:45:17Z]   Total events captured this run: 1
[2026-07-19T12:40:13Z]   ✓ GOLF pre-tee: golf_masters_tournament_winner (96 players, +378620m to tee)
[2026-07-19T12:40:13Z]   Total events captured this run: 1
[2026-07-19T14:16:07Z]   ✓ GOLF pre-tee: golf_masters_tournament_winner (96 players, +378524m to tee)
[2026-07-19T14:16:07Z]   Total events captured this run: 1
[2026-07-19T15:26:41Z]   ✓ MLB pre-game captured: Chicago White Sox @ Toronto Blue Jays (+49m to start, event 9428684a)
[2026-07-19T15:26:41Z]   ✓ MLB pre-game captured: Los Angeles Dodgers @ New York Yankees (+69m to start, event 9bc4c78b)
[2026-07-19T15:26:43Z]   ✓ GOLF pre-tee: golf_masters_tournament_winner (96 players, +378453m to tee)
[2026-07-19T15:26:43Z]   Total events captured this run: 3
[2026-07-19T16:30:15Z]   ✓ MLB CLOSING captured: Los Angeles Dodgers @ New York Yankees (+6m to start, event 9bc4c78b)
[2026-07-19T16:30:16Z]   ✓ MLB pre-game captured: Texas Rangers @ Atlanta Braves (+66m to start, event e9245e20)
[2026-07-19T16:30:16Z]   ✓ MLB pre-game captured: Tampa Bay Rays @ Boston Red Sox (+66m to start, event 60af7c95)
[2026-07-19T16:30:16Z]   ✓ MLB pre-game captured: New York Mets @ Philadelphia Phillies (+66m to start, event 8a4b2213)
[2026-07-19T16:30:16Z]   ✓ MLB pre-game captured: Pittsburgh Pirates @ Cleveland Guardians (+71m to start, event f3cb58da)
[2026-07-19T16:30:17Z]   ✓ WNBA pre-game captured: Los Angeles Sparks @ Dallas Wings (+30m to start, event c994942b)
[2026-07-19T16:30:18Z]   ✓ GOLF pre-tee: golf_masters_tournament_winner (96 players, +378390m to tee)
[2026-07-19T16:30:18Z]   Total events captured this run: 7
[2026-07-19T17:35:39Z]   ✓ MLB CLOSING captured: Texas Rangers @ Atlanta Braves (+0m to start, event e9245e20)
[2026-07-19T17:35:39Z]   ✓ MLB CLOSING captured: Tampa Bay Rays @ Boston Red Sox (+0m to start, event 60af7c95)
[2026-07-19T17:35:40Z]   ✓ MLB CLOSING captured: New York Mets @ Philadelphia Phillies (+0m to start, event 8a4b2213)
[2026-07-19T17:35:40Z]   ✓ MLB CLOSING captured: Pittsburgh Pirates @ Cleveland Guardians (+5m to start, event f3cb58da)
[2026-07-19T17:35:40Z]   ✓ MLB pre-game captured: Baltimore Orioles @ Houston Astros (+35m to start, event 8d524a22)
[2026-07-19T17:35:40Z]   ✓ MLB pre-game captured: San Diego Padres @ Kansas City Royals (+35m to start, event 203e82b1)
[2026-07-19T17:35:40Z]   ✓ MLB pre-game captured: Miami Marlins @ Milwaukee Brewers (+35m to start, event 7bdca69c)
[2026-07-19T17:35:41Z]   ✓ MLB pre-game captured: Minnesota Twins @ Chicago Cubs (+45m to start, event e2f5ce09)
[2026-07-19T17:35:41Z]   ✓ SOCCER pre-game captured: Argentina @ Spain (+84m to start, event fb30113e)
[2026-07-19T17:35:42Z]   ✓ GOLF pre-tee: golf_masters_tournament_winner (96 players, +378324m to tee)
[2026-07-19T17:35:42Z]   Total events captured this run: 10
[2026-07-19T18:34:04Z]   ✓ MLB pre-game captured: Cincinnati Reds @ Colorado Rockies (+37m to start, event d1c0cc72)
[2026-07-19T18:34:04Z]   ✓ WNBA pre-game captured: Chicago Sky @ Atlanta Dream (+86m to start, event 816ff571)
[2026-07-19T18:34:05Z]   ✓ GOLF pre-tee: golf_masters_tournament_winner (96 players, +378266m to tee)
[2026-07-19T18:34:05Z]   Total events captured this run: 3
[2026-07-19T19:48:08Z]   ✓ MLB CLOSING captured: Washington Nationals @ Athletics (+18m to start, event ab857613)
[2026-07-19T19:48:08Z]   ✓ MLB CLOSING captured: Detroit Tigers @ Los Angeles Angels (+20m to start, event ffa609f7)
[2026-07-19T19:48:09Z]   ✓ MLB CLOSING captured: St. Louis Cardinals @ Arizona Diamondbacks (+23m to start, event 4a351bac)
[2026-07-19T19:48:09Z]   ✓ MLB CLOSING captured: San Francisco Giants @ Seattle Mariners (+23m to start, event c8b354ec)
[2026-07-19T19:48:10Z]   ✓ WNBA CLOSING captured: Chicago Sky @ Atlanta Dream (+12m to start, event 816ff571)
[2026-07-19T19:48:12Z]   ✓ GOLF pre-tee: golf_masters_tournament_winner (96 players, +378192m to tee)
[2026-07-19T19:48:12Z]   Total events captured this run: 6
[2026-07-19T20:33:24Z]   ✓ GOLF pre-tee: golf_masters_tournament_winner (96 players, +378147m to tee)
[2026-07-19T20:33:24Z]   Total events captured this run: 1
[2026-07-19T21:29:04Z]   ✓ GOLF pre-tee: golf_masters_tournament_winner (96 players, +378091m to tee)
[2026-07-19T21:29:04Z]   Total events captured this run: 1
[2026-07-19T22:29:47Z]   ✓ MLB pre-game captured: Los Angeles Dodgers @ New York Yankees (+51m to start, event e7ba65ff)
[2026-07-19T22:29:49Z]   ✓ WNBA pre-game captured: Connecticut Sun @ Phoenix Mercury (+30m to start, event fc804cb9)
[2026-07-19T22:29:51Z]   ✓ GOLF pre-tee: golf_masters_tournament_winner (96 players, +378030m to tee)
[2026-07-19T22:29:51Z]   Total events captured this run: 3
[2026-07-19T23:33:35Z]   ✓ GOLF pre-tee: golf_masters_tournament_winner (96 players, +377966m to tee)
[2026-07-19T23:33:35Z]   Total events captured this run: 1
[2026-07-20T01:08:48Z]   ✓ GOLF pre-tee: golf_masters_tournament_winner (96 players, +377871m to tee)
[2026-07-20T01:08:48Z]   Total events captured this run: 1
[2026-07-20T04:56:31Z]   ✓ GOLF pre-tee: golf_masters_tournament_winner (96 players, +377643m to tee)
[2026-07-20T04:56:31Z]   Total events captured this run: 1
[2026-07-20T08:15:00Z]   ✓ GOLF pre-tee: golf_masters_tournament_winner (96 players, +377445m to tee)
[2026-07-20T08:15:00Z]   Total events captured this run: 1
[2026-07-20T11:17:22Z]   ✓ GOLF pre-tee: golf_masters_tournament_winner (96 players, +377263m to tee)
[2026-07-20T11:17:22Z]   ✓ GOLF pre-tee: golf_pga_championship_winner (78 players, +437743m to tee)
[2026-07-20T11:17:22Z]   ✓ GOLF pre-tee: golf_us_open_winner (97 players, +478003m to tee)
[2026-07-20T11:17:22Z]   Total events captured this run: 3
[2026-07-20T13:20:23Z]   ✓ GOLF pre-tee: golf_masters_tournament_winner (96 players, +377140m to tee)
[2026-07-20T13:20:24Z]   ✓ GOLF pre-tee: golf_pga_championship_winner (78 players, +437620m to tee)
[2026-07-20T13:20:24Z]   ✓ GOLF pre-tee: golf_us_open_winner (98 players, +477880m to tee)
[2026-07-20T13:20:24Z]   Total events captured this run: 3
[2026-07-20T15:24:20Z]   ✓ GOLF pre-tee: golf_masters_tournament_winner (96 players, +377016m to tee)
[2026-07-20T15:24:20Z]   ✓ GOLF pre-tee: golf_pga_championship_winner (78 players, +437496m to tee)
[2026-07-20T15:24:20Z]   ✓ GOLF pre-tee: golf_us_open_winner (98 players, +477756m to tee)
[2026-07-20T15:24:20Z]   Total events captured this run: 3
[2026-07-20T17:04:08Z]   ✓ GOLF pre-tee: golf_masters_tournament_winner (96 players, +376916m to tee)
[2026-07-20T17:04:08Z]   ✓ GOLF pre-tee: golf_pga_championship_winner (78 players, +437396m to tee)
[2026-07-20T17:04:08Z]   ✓ GOLF pre-tee: golf_us_open_winner (98 players, +477656m to tee)
[2026-07-20T17:04:08Z]   Total events captured this run: 3
[2026-07-20T19:03:40Z]   ✓ GOLF pre-tee: golf_masters_tournament_winner (96 players, +376796m to tee)
[2026-07-20T19:03:41Z]   ✓ GOLF pre-tee: golf_pga_championship_winner (78 players, +437276m to tee)
[2026-07-20T19:03:41Z]   ✓ GOLF pre-tee: golf_us_open_winner (98 players, +477536m to tee)
[2026-07-20T19:03:41Z]   Total events captured this run: 3
[2026-07-20T20:37:37Z]   ✓ GOLF pre-tee: golf_masters_tournament_winner (96 players, +376702m to tee)
[2026-07-20T20:37:37Z]   ✓ GOLF pre-tee: golf_pga_championship_winner (78 players, +437182m to tee)
[2026-07-20T20:37:37Z]   ✓ GOLF pre-tee: golf_us_open_winner (98 players, +477442m to tee)
[2026-07-20T20:37:37Z]   Total events captured this run: 3
[2026-07-20T21:47:43Z]   ✓ MLB pre-game captured: Minnesota Twins @ Cleveland Guardians (+53m to start, event ed99d6d3)
[2026-07-20T21:47:44Z]   ✓ MLB pre-game captured: Pittsburgh Pirates @ New York Yankees (+78m to start, event 29d4af8b)
[2026-07-20T21:47:44Z]   ✓ MLB pre-game captured: Tampa Bay Rays @ Toronto Blue Jays (+80m to start, event f237d860)
[2026-07-20T21:47:44Z]   ✓ MLB pre-game captured: Baltimore Orioles @ Boston Red Sox (+83m to start, event 0dd84d01)
[2026-07-20T21:47:44Z]   ✓ MLB pre-game captured: Los Angeles Dodgers @ Philadelphia Phillies (+83m to start, event 128e4328)
[2026-07-20T21:47:45Z]   ✓ MLB pre-game captured: San Diego Padres @ Atlanta Braves (+88m to start, event b829b287)
[2026-07-20T21:47:46Z]   ✓ GOLF pre-tee: golf_masters_tournament_winner (96 players, +376632m to tee)
[2026-07-20T21:47:46Z]   ✓ GOLF pre-tee: golf_pga_championship_winner (78 players, +437112m to tee)
[2026-07-20T21:47:46Z]   ✓ GOLF pre-tee: golf_us_open_winner (98 players, +477372m to tee)
[2026-07-20T21:47:46Z]   Total events captured this run: 9
[2026-07-20T22:42:02Z]   ✓ MLB CLOSING captured: Minnesota Twins @ Cleveland Guardians (-1m to start, event ed99d6d3)
[2026-07-20T22:42:02Z]   ✓ MLB CLOSING captured: Pittsburgh Pirates @ New York Yankees (+24m to start, event 29d4af8b)
[2026-07-20T22:42:02Z]   ✓ MLB pre-game captured: San Francisco Giants @ Kansas City Royals (+59m to start, event c9a69923)
[2026-07-20T22:42:03Z]   ✓ MLB pre-game captured: New York Mets @ Milwaukee Brewers (+59m to start, event b6936af6)
[2026-07-20T22:42:03Z]   ✓ MLB pre-game captured: Detroit Tigers @ Chicago Cubs (+84m to start, event 66d5a2a0)
[2026-07-20T22:42:04Z]   ✓ MLB pre-game captured: Chicago White Sox @ Texas Rangers (+84m to start, event 97617f61)
[2026-07-20T22:42:04Z]   ✓ MLB pre-game captured: Miami Marlins @ Houston Astros (+89m to start, event 417e9c61)
[2026-07-20T22:42:05Z]   ✓ WNBA pre-game captured: New York Liberty @ Dallas Wings (+78m to start, event f8d499fa)
[2026-07-20T22:42:05Z]   ✓ WNBA pre-game captured: Las Vegas Aces @ Toronto Tempo (+88m to start, event a75dc359)
[2026-07-20T22:42:06Z]   ✓ GOLF pre-tee: golf_masters_tournament_winner (96 players, +376578m to tee)
[2026-07-20T22:42:07Z]   ✓ GOLF pre-tee: golf_pga_championship_winner (78 players, +437058m to tee)
[2026-07-20T22:42:07Z]   ✓ GOLF pre-tee: golf_us_open_winner (98 players, +477318m to tee)
[2026-07-20T22:42:07Z]   Total events captured this run: 12
[2026-07-20T23:43:17Z]   ✓ MLB CLOSING captured: San Francisco Giants @ Kansas City Royals (-2m to start, event c9a69923)
[2026-07-20T23:43:17Z]   ✓ MLB CLOSING captured: New York Mets @ Milwaukee Brewers (-2m to start, event b6936af6)
[2026-07-20T23:43:17Z]   ✓ MLB CLOSING captured: Detroit Tigers @ Chicago Cubs (+23m to start, event 66d5a2a0)
[2026-07-20T23:43:18Z]   ✓ MLB CLOSING captured: Chicago White Sox @ Texas Rangers (+23m to start, event 97617f61)
[2026-07-20T23:43:18Z]   ✓ MLB pre-game captured: Washington Nationals @ Colorado Rockies (+58m to start, event 17257e28)
[2026-07-20T23:43:19Z]   ✓ WNBA CLOSING captured: New York Liberty @ Dallas Wings (+17m to start, event f8d499fa)
[2026-07-20T23:43:20Z]   ✓ GOLF pre-tee: golf_masters_tournament_winner (96 players, +376517m to tee)
[2026-07-20T23:43:20Z]   ✓ GOLF pre-tee: golf_pga_championship_winner (78 players, +436997m to tee)
[2026-07-20T23:43:20Z]   ✓ GOLF pre-tee: golf_us_open_winner (98 players, +477257m to tee)
[2026-07-20T23:43:20Z]   Total events captured this run: 9
[2026-07-21T01:12:58Z]   ✓ MLB pre-game captured: Athletics @ Arizona Diamondbacks (+28m to start, event 2d7808af)
[2026-07-21T01:12:59Z]   ✓ MLB pre-game captured: Cincinnati Reds @ Seattle Mariners (+28m to start, event 85be05f7)
[2026-07-21T01:12:59Z]   ✓ MLB pre-game captured: St. Louis Cardinals @ Los Angeles Angels (+58m to start, event 7a53b983)
[2026-07-21T01:13:00Z]   ✓ WNBA pre-game captured: Minnesota Lynx @ Seattle Storm (+47m to start, event dc5bcc79)
[2026-07-21T01:13:00Z]   ✓ WNBA pre-game captured: Washington Mystics @ Golden State Valkyries (+52m to start, event 8b88089c)
[2026-07-21T01:13:01Z]   ✓ GOLF pre-tee: golf_masters_tournament_winner (96 players, +376427m to tee)
[2026-07-21T01:13:01Z]   ✓ GOLF pre-tee: golf_pga_championship_winner (78 players, +436907m to tee)
[2026-07-21T01:13:01Z]   ✓ GOLF pre-tee: golf_us_open_winner (98 players, +477167m to tee)
[2026-07-21T01:13:01Z]   Total events captured this run: 8
[2026-07-21T04:36:36Z]   ✓ GOLF pre-tee: golf_masters_tournament_winner (96 players, +376223m to tee)
[2026-07-21T04:36:36Z]   ✓ GOLF pre-tee: golf_pga_championship_winner (78 players, +436703m to tee)
[2026-07-21T04:36:36Z]   ✓ GOLF pre-tee: golf_us_open_winner (98 players, +476963m to tee)
[2026-07-21T04:36:36Z]   Total events captured this run: 3
[2026-07-21T07:16:44Z]   ✓ GOLF pre-tee: golf_masters_tournament_winner (96 players, +376063m to tee)
[2026-07-21T07:16:44Z]   ✓ GOLF pre-tee: golf_pga_championship_winner (78 players, +436543m to tee)
[2026-07-21T07:16:44Z]   ✓ GOLF pre-tee: golf_us_open_winner (98 players, +476803m to tee)
[2026-07-21T07:16:44Z]   Total events captured this run: 3
[2026-07-21T09:44:06Z]   ✓ GOLF pre-tee: golf_masters_tournament_winner (96 players, +375916m to tee)
[2026-07-21T09:44:06Z]   ✓ GOLF pre-tee: golf_pga_championship_winner (78 players, +436396m to tee)
[2026-07-21T09:44:06Z]   ✓ GOLF pre-tee: golf_us_open_winner (98 players, +476656m to tee)
[2026-07-21T09:44:06Z]   Total events captured this run: 3
[2026-07-21T11:31:48Z]   ✓ GOLF pre-tee: golf_masters_tournament_winner (96 players, +375808m to tee)
[2026-07-21T11:31:48Z]   ✓ GOLF pre-tee: golf_pga_championship_winner (78 players, +436288m to tee)
[2026-07-21T11:31:48Z]   ✓ GOLF pre-tee: golf_us_open_winner (98 players, +476548m to tee)
[2026-07-21T11:31:48Z]   Total events captured this run: 3
[2026-07-21T12:59:37Z]   ✓ GOLF pre-tee: golf_masters_tournament_winner (96 players, +375720m to tee)
[2026-07-21T12:59:37Z]   ✓ GOLF pre-tee: golf_pga_championship_winner (78 players, +436200m to tee)
[2026-07-21T12:59:37Z]   ✓ GOLF pre-tee: golf_us_open_winner (98 players, +476460m to tee)
[2026-07-21T12:59:37Z]   Total events captured this run: 3
[2026-07-21T15:12:49Z]   ✓ GOLF pre-tee: golf_masters_tournament_winner (96 players, +375587m to tee)
[2026-07-21T15:12:49Z]   ✓ GOLF pre-tee: golf_pga_championship_winner (78 players, +436067m to tee)
[2026-07-21T15:12:49Z]   ✓ GOLF pre-tee: golf_us_open_winner (98 players, +476327m to tee)
[2026-07-21T15:12:49Z]   Total events captured this run: 3
[2026-07-21T16:49:01Z]   ✓ GOLF pre-tee: golf_masters_tournament_winner (96 players, +375491m to tee)
[2026-07-21T16:49:01Z]   ✓ GOLF pre-tee: golf_pga_championship_winner (78 players, +435971m to tee)
[2026-07-21T16:49:01Z]   ✓ GOLF pre-tee: golf_us_open_winner (98 players, +476231m to tee)
[2026-07-21T16:49:01Z]   Total events captured this run: 3
[2026-07-21T18:03:07Z]   ✓ GOLF pre-tee: golf_masters_tournament_winner (96 players, +375417m to tee)
[2026-07-21T18:03:07Z]   ✓ GOLF pre-tee: golf_pga_championship_winner (78 players, +435897m to tee)
[2026-07-21T18:03:07Z]   ✓ GOLF pre-tee: golf_us_open_winner (98 players, +476157m to tee)
[2026-07-21T18:03:07Z]   Total events captured this run: 3
[2026-07-21T19:45:53Z]   ✓ GOLF pre-tee: golf_masters_tournament_winner (96 players, +375314m to tee)
[2026-07-21T19:45:54Z]   ✓ GOLF pre-tee: golf_pga_championship_winner (78 players, +435794m to tee)
[2026-07-21T19:45:54Z]   ✓ GOLF pre-tee: golf_us_open_winner (98 players, +476054m to tee)
[2026-07-21T19:45:54Z]   Total events captured this run: 3
[2026-07-21T20:52:53Z]   ✓ GOLF pre-tee: golf_masters_tournament_winner (96 players, +375247m to tee)
[2026-07-21T20:52:53Z]   ✓ GOLF pre-tee: golf_pga_championship_winner (78 players, +435727m to tee)
[2026-07-21T20:52:53Z]   ✓ GOLF pre-tee: golf_us_open_winner (98 players, +475987m to tee)
[2026-07-21T20:52:53Z]   Total events captured this run: 3
[2026-07-21T21:52:01Z]   ✓ MLB pre-game captured: Minnesota Twins @ Cleveland Guardians (+49m to start, event 0423e391)
[2026-07-21T21:52:01Z]   ✓ MLB pre-game captured: Los Angeles Dodgers @ Philadelphia Phillies (+49m to start, event 41aa20c5)
[2026-07-21T21:52:02Z]   ✓ MLB pre-game captured: Tampa Bay Rays @ Toronto Blue Jays (+76m to start, event 267dae01)
[2026-07-21T21:52:02Z]   ✓ MLB pre-game captured: San Diego Padres @ Atlanta Braves (+84m to start, event ebe684b6)
[2026-07-21T21:52:04Z]   ✓ GOLF pre-tee: golf_masters_tournament_winner (96 players, +375188m to tee)
[2026-07-21T21:52:04Z]   ✓ GOLF pre-tee: golf_pga_championship_winner (78 players, +435668m to tee)
[2026-07-21T21:52:04Z]   ✓ GOLF pre-tee: golf_us_open_winner (98 players, +475928m to tee)
[2026-07-21T21:52:04Z]   Total events captured this run: 7
[2026-07-21T22:41:41Z]   ✓ MLB CLOSING captured: Minnesota Twins @ Cleveland Guardians (-1m to start, event 0423e391)
[2026-07-21T22:41:41Z]   ✓ MLB pre-game captured: San Francisco Giants @ Kansas City Royals (+59m to start, event a33e3895)
[2026-07-21T22:41:41Z]   ✓ MLB pre-game captured: New York Mets @ Milwaukee Brewers (+59m to start, event aac7942a)
[2026-07-21T22:41:42Z]   ✓ MLB pre-game captured: Detroit Tigers @ Chicago Cubs (+84m to start, event 38b96dae)
[2026-07-21T22:41:42Z]   ✓ MLB pre-game captured: Chicago White Sox @ Texas Rangers (+84m to start, event 29917987)
[2026-07-21T22:41:42Z]   ✓ MLB pre-game captured: Miami Marlins @ Houston Astros (+89m to start, event 8a1eca9b)
[2026-07-21T22:41:44Z]   ✓ GOLF pre-tee: golf_masters_tournament_winner (96 players, +375138m to tee)
[2026-07-21T22:41:44Z]   ✓ GOLF pre-tee: golf_pga_championship_winner (78 players, +435618m to tee)
[2026-07-21T22:41:45Z]   ✓ GOLF pre-tee: golf_us_open_winner (98 players, +475878m to tee)
[2026-07-21T22:41:45Z]   Total events captured this run: 9
[2026-07-21T23:44:09Z]   ✓ MLB CLOSING captured: San Francisco Giants @ Kansas City Royals (-3m to start, event a33e3895)
[2026-07-21T23:44:09Z]   ✓ MLB CLOSING captured: New York Mets @ Milwaukee Brewers (-3m to start, event aac7942a)
[2026-07-21T23:44:09Z]   ✓ MLB CLOSING captured: Los Angeles Dodgers @ Philadelphia Phillies (+17m to start, event 41aa20c5)
[2026-07-21T23:44:10Z]   ✓ MLB CLOSING captured: Detroit Tigers @ Chicago Cubs (+22m to start, event 38b96dae)
[2026-07-21T23:44:10Z]   ✓ MLB CLOSING captured: Chicago White Sox @ Texas Rangers (+22m to start, event 29917987)
[2026-07-21T23:44:10Z]   ✓ MLB pre-game captured: Washington Nationals @ Colorado Rockies (+57m to start, event 0d8a1012)
[2026-07-21T23:44:11Z]   ✓ SOCCER_MEXICO_LIGAMX pre-game captured: Puebla @ Cruz Azul (+76m to start, event 9312c4bd)
[2026-07-21T23:44:12Z]   ✓ GOLF pre-tee: golf_masters_tournament_winner (96 players, +375076m to tee)
[2026-07-21T23:44:12Z]   ✓ GOLF pre-tee: golf_pga_championship_winner (78 players, +435556m to tee)
[2026-07-21T23:44:12Z]   ✓ GOLF pre-tee: golf_us_open_winner (98 players, +475816m to tee)
[2026-07-21T23:44:12Z]   Total events captured this run: 10
[2026-07-22T01:10:49Z]   ✓ MLB pre-game captured: St. Louis Cardinals @ Los Angeles Angels (+28m to start, event 3440c51c)
[2026-07-22T01:10:50Z]   ✓ MLB pre-game captured: Athletics @ Arizona Diamondbacks (+30m to start, event 8b96a836)
[2026-07-22T01:10:50Z]   ✓ MLB pre-game captured: Cincinnati Reds @ Seattle Mariners (+30m to start, event 3c82e5f5)
[2026-07-22T01:10:53Z]   ✓ GOLF pre-tee: golf_masters_tournament_winner (96 players, +374989m to tee)
[2026-07-22T01:10:53Z]   ✓ GOLF pre-tee: golf_pga_championship_winner (78 players, +435469m to tee)
[2026-07-22T01:10:53Z]   ✓ GOLF pre-tee: golf_us_open_winner (98 players, +475729m to tee)
[2026-07-22T01:10:53Z]   Total events captured this run: 6
[2026-07-22T04:38:17Z]   ✓ GOLF pre-tee: golf_masters_tournament_winner (96 players, +374782m to tee)
[2026-07-22T04:38:17Z]   ✓ GOLF pre-tee: golf_pga_championship_winner (78 players, +435262m to tee)
[2026-07-22T04:38:17Z]   ✓ GOLF pre-tee: golf_the_open_championship_winner (82 players, +515577m to tee)
[2026-07-22T04:38:17Z]   ✓ GOLF pre-tee: golf_us_open_winner (98 players, +475522m to tee)
[2026-07-22T04:38:17Z]   Total events captured this run: 4
[2026-07-22T07:26:40Z]   ✓ GOLF pre-tee: golf_masters_tournament_winner (96 players, +374613m to tee)
[2026-07-22T07:26:40Z]   ✓ GOLF pre-tee: golf_pga_championship_winner (78 players, +435093m to tee)
[2026-07-22T07:26:40Z]   ✓ GOLF pre-tee: golf_the_open_championship_winner (82 players, +515408m to tee)
[2026-07-22T07:26:40Z]   ✓ GOLF pre-tee: golf_us_open_winner (98 players, +475353m to tee)
[2026-07-22T07:26:40Z]   Total events captured this run: 4
[2026-07-22T10:03:50Z]   ✓ GOLF pre-tee: golf_masters_tournament_winner (96 players, +374456m to tee)
[2026-07-22T10:03:50Z]   ✓ GOLF pre-tee: golf_pga_championship_winner (78 players, +434936m to tee)
[2026-07-22T10:03:51Z]   ✓ GOLF pre-tee: golf_the_open_championship_winner (82 players, +515251m to tee)
[2026-07-22T10:03:51Z]   ✓ GOLF pre-tee: golf_us_open_winner (98 players, +475196m to tee)
[2026-07-22T10:03:51Z]   Total events captured this run: 4
[2026-07-22T11:59:23Z]   ✓ GOLF pre-tee: golf_masters_tournament_winner (96 players, +374341m to tee)
[2026-07-22T11:59:23Z]   ✓ GOLF pre-tee: golf_pga_championship_winner (78 players, +434821m to tee)
[2026-07-22T11:59:23Z]   ✓ GOLF pre-tee: golf_the_open_championship_winner (82 players, +515136m to tee)
[2026-07-22T11:59:23Z]   ✓ GOLF pre-tee: golf_us_open_winner (98 players, +475081m to tee)
[2026-07-22T11:59:23Z]   Total events captured this run: 4
[2026-07-22T14:18:18Z]   ✓ GOLF pre-tee: golf_masters_tournament_winner (96 players, +374202m to tee)
[2026-07-22T14:18:18Z]   ✓ GOLF pre-tee: golf_pga_championship_winner (78 players, +434682m to tee)
[2026-07-22T14:18:18Z]   ✓ GOLF pre-tee: golf_the_open_championship_winner (82 players, +514997m to tee)
[2026-07-22T14:18:19Z]   ✓ GOLF pre-tee: golf_us_open_winner (98 players, +474942m to tee)
[2026-07-22T14:18:19Z]   Total events captured this run: 4
[2026-07-22T15:54:01Z]   ✓ MLB pre-game captured: Pittsburgh Pirates @ New York Yankees (+72m to start, event 8291188e)
[2026-07-22T15:54:04Z]   ✓ GOLF pre-tee: golf_masters_tournament_winner (96 players, +374106m to tee)
[2026-07-22T15:54:04Z]   ✓ GOLF pre-tee: golf_pga_championship_winner (78 players, +434586m to tee)
[2026-07-22T15:54:04Z]   ✓ GOLF pre-tee: golf_the_open_championship_winner (82 players, +514901m to tee)
[2026-07-22T15:54:04Z]   ✓ GOLF pre-tee: golf_us_open_winner (98 players, +474846m to tee)
[2026-07-22T15:54:04Z]   Total events captured this run: 5
[2026-07-22T17:36:25Z]   ✓ MLB CLOSING captured: Baltimore Orioles @ Boston Red Sox (-0m to start, event 10ee5044)
[2026-07-22T17:36:25Z]   ✓ MLB pre-game captured: San Francisco Giants @ Kansas City Royals (+35m to start, event a319064a)
[2026-07-22T17:36:25Z]   ✓ MLB pre-game captured: New York Mets @ Milwaukee Brewers (+35m to start, event a362299f)
[2026-07-22T17:36:26Z]   ✓ WNBA pre-game captured: Phoenix Mercury @ Los Angeles Sparks (+84m to start, event 56af8fae)
[2026-07-22T17:36:27Z]   ✓ GOLF pre-tee: golf_masters_tournament_winner (96 players, +374004m to tee)
[2026-07-22T17:36:27Z]   ✓ GOLF pre-tee: golf_pga_championship_winner (78 players, +434484m to tee)
[2026-07-22T17:36:27Z]   ✓ GOLF pre-tee: golf_the_open_championship_winner (82 players, +514799m to tee)
[2026-07-22T17:36:27Z]   ✓ GOLF pre-tee: golf_us_open_winner (98 players, +474744m to tee)
[2026-07-22T17:36:27Z]   Total events captured this run: 8
[2026-07-22T18:45:46Z]   ✓ MLB pre-game captured: Washington Nationals @ Colorado Rockies (+25m to start, event fcc83e95)
[2026-07-22T18:45:46Z]   ✓ MLB pre-game captured: Athletics @ Arizona Diamondbacks (+55m to start, event fe2c8918)
[2026-07-22T18:45:46Z]   ✓ MLB pre-game captured: Cincinnati Reds @ Seattle Mariners (+55m to start, event 5d1eeebc)
[2026-07-22T18:45:47Z]   ✓ MLB pre-game captured: St. Louis Cardinals @ Los Angeles Angels (+82m to start, event 91213950)
[2026-07-22T18:45:48Z]   ✓ WNBA CLOSING captured: Phoenix Mercury @ Los Angeles Sparks (+14m to start, event 56af8fae)
[2026-07-22T18:45:48Z]   ✓ WNBA CLOSING captured: Minnesota Lynx @ Seattle Storm (+24m to start, event f7800d31)
[2026-07-22T18:45:49Z]   ✓ GOLF pre-tee: golf_masters_tournament_winner (96 players, +373934m to tee)
[2026-07-22T18:45:50Z]   ✓ GOLF pre-tee: golf_pga_championship_winner (78 players, +434414m to tee)
[2026-07-22T18:45:50Z]   ✓ GOLF pre-tee: golf_the_open_championship_winner (82 players, +514729m to tee)
[2026-07-22T18:45:50Z]   ✓ GOLF pre-tee: golf_us_open_winner (98 players, +474674m to tee)
[2026-07-22T18:45:50Z]   Total events captured this run: 10
[2026-07-22T20:01:42Z]   ✓ MLB CLOSING captured: St. Louis Cardinals @ Los Angeles Angels (+6m to start, event 91213950)
[2026-07-22T20:01:45Z]   ✓ GOLF pre-tee: golf_masters_tournament_winner (96 players, +373858m to tee)
[2026-07-22T20:01:45Z]   ✓ GOLF pre-tee: golf_pga_championship_winner (78 players, +434338m to tee)
[2026-07-22T20:01:45Z]   ✓ GOLF pre-tee: golf_the_open_championship_winner (82 players, +514653m to tee)
[2026-07-22T20:01:45Z]   ✓ GOLF pre-tee: golf_us_open_winner (98 players, +474598m to tee)
[2026-07-22T20:01:45Z]   Total events captured this run: 5
[2026-07-22T21:18:08Z]   ✓ MLB pre-game captured: Los Angeles Dodgers @ Philadelphia Phillies (+82m to start, event 111a9557)
[2026-07-22T21:18:09Z]   ✓ MLB pre-game captured: Minnesota Twins @ Cleveland Guardians (+83m to start, event be25eb82)
[2026-07-22T21:18:11Z]   ✓ GOLF pre-tee: golf_masters_tournament_winner (96 players, +373782m to tee)
[2026-07-22T21:18:11Z]   ✓ GOLF pre-tee: golf_pga_championship_winner (78 players, +434262m to tee)
[2026-07-22T21:18:12Z]   ✓ GOLF pre-tee: golf_the_open_championship_winner (82 players, +514577m to tee)
[2026-07-22T21:18:12Z]   ✓ GOLF pre-tee: golf_us_open_winner (98 players, +474522m to tee)
[2026-07-22T21:18:12Z]   Total events captured this run: 6
[2026-07-22T22:28:30Z]   ✓ MLB CLOSING captured: Los Angeles Dodgers @ Philadelphia Phillies (+11m to start, event 111a9557)
[2026-07-22T22:28:31Z]   ✓ MLB CLOSING captured: Minnesota Twins @ Cleveland Guardians (+12m to start, event be25eb82)
[2026-07-22T22:28:31Z]   ✓ MLB pre-game captured: Pittsburgh Pirates @ New York Yankees (+36m to start, event 825819c6)
[2026-07-22T22:28:31Z]   ✓ MLB pre-game captured: Tampa Bay Rays @ Toronto Blue Jays (+39m to start, event b6df72e0)
[2026-07-22T22:28:31Z]   ✓ MLB pre-game captured: Baltimore Orioles @ Boston Red Sox (+41m to start, event e3d220f8)
[2026-07-22T22:28:32Z]   ✓ MLB pre-game captured: San Diego Padres @ Atlanta Braves (+47m to start, event 573a8d20)
[2026-07-22T22:28:32Z]   ✓ WNBA pre-game captured: Chicago Sky @ New York Liberty (+31m to start, event 02193940)
[2026-07-22T22:28:33Z]   ✓ WNBA pre-game captured: Las Vegas Aces @ Washington Mystics (+61m to start, event 346fd619)
[2026-07-22T22:28:33Z]   ✓ SOCCER_USA_MLS pre-game captured: Chicago Fire @ Inter Miami CF (+61m to start, event e5f7bbee)
[2026-07-22T22:28:33Z]   ✓ SOCCER_USA_MLS pre-game captured: New York City FC @ Columbus Crew SC (+61m to start, event 91e73da1)
[2026-07-22T22:28:34Z]   ✓ SOCCER_USA_MLS pre-game captured: Vancouver Whitecaps FC @ FC Cincinnati (+61m to start, event 14458731)
[2026-07-22T22:28:34Z]   ✓ SOCCER_USA_MLS pre-game captured: Toronto FC @ New England Revolution (+61m to start, event f1915283)
[2026-07-22T22:28:34Z]   ✓ SOCCER_USA_MLS pre-game captured: New York Red Bulls @ Philadelphia Union (+61m to start, event b453ea14)
[2026-07-22T22:28:35Z]   ✓ GOLF pre-tee: golf_masters_tournament_winner (96 players, +373711m to tee)
[2026-07-22T22:28:35Z]   ✓ GOLF pre-tee: golf_pga_championship_winner (78 players, +434191m to tee)
[2026-07-22T22:28:35Z]   ✓ GOLF pre-tee: golf_the_open_championship_winner (82 players, +514506m to tee)
[2026-07-22T22:28:35Z]   ✓ GOLF pre-tee: golf_us_open_winner (98 players, +474451m to tee)
[2026-07-22T22:28:35Z]   Total events captured this run: 17
[2026-07-22T23:34:10Z]   ✓ MLB pre-game captured: Detroit Tigers @ Chicago Cubs (+32m to start, event 83d83fb8)
[2026-07-22T23:34:10Z]   ✓ MLB pre-game captured: Chicago White Sox @ Texas Rangers (+32m to start, event 5a272ddc)
[2026-07-22T23:34:11Z]   ✓ MLB pre-game captured: Miami Marlins @ Houston Astros (+37m to start, event 46df0099)
[2026-07-22T23:34:12Z]   ✓ WNBA CLOSING captured: Las Vegas Aces @ Washington Mystics (-1m to start, event 346fd619)
[2026-07-22T23:34:13Z]   ✓ WNBA pre-game captured: Connecticut Sun @ Indiana Fever (+31m to start, event b24ebe70)
[2026-07-22T23:34:14Z]   ✓ SOCCER_USA_MLS CLOSING captured: Chicago Fire @ Inter Miami CF (+6m to start, event e5f7bbee)
[2026-07-22T23:34:14Z]   ✓ SOCCER_USA_MLS CLOSING captured: New York City FC @ Columbus Crew SC (+6m to start, event 91e73da1)
[2026-07-22T23:34:14Z]   ✓ SOCCER_USA_MLS CLOSING captured: Vancouver Whitecaps FC @ FC Cincinnati (+6m to start, event 14458731)
[2026-07-22T23:34:14Z]   ✓ SOCCER_USA_MLS CLOSING captured: Toronto FC @ New England Revolution (+6m to start, event f1915283)
[2026-07-22T23:34:15Z]   ✓ SOCCER_USA_MLS CLOSING captured: New York Red Bulls @ Philadelphia Union (+6m to start, event b453ea14)
[2026-07-22T23:34:15Z]   ✓ SOCCER_USA_MLS pre-game captured: Atlanta United FC @ Charlotte FC (+41m to start, event 67b300e5)
[2026-07-22T23:34:15Z]   ✓ SOCCER_USA_MLS pre-game captured: CF Montreal @ Nashville SC (+56m to start, event 991b91d4)
[2026-07-22T23:34:15Z]   ✓ SOCCER_USA_MLS pre-game captured: D.C. United @ Houston Dynamo (+56m to start, event 9b6e52d7)
[2026-07-22T23:34:16Z]   ✓ SOCCER_USA_MLS pre-game captured: Minnesota United FC @ Sporting Kansas City (+56m to start, event 9d65fa13)
[2026-07-22T23:34:17Z]   ✓ GOLF pre-tee: golf_masters_tournament_winner (96 players, +373646m to tee)
[2026-07-22T23:34:17Z]   ✓ GOLF pre-tee: golf_pga_championship_winner (78 players, +434126m to tee)
[2026-07-22T23:34:17Z]   ✓ GOLF pre-tee: golf_the_open_championship_winner (82 players, +514441m to tee)
[2026-07-22T23:34:17Z]   ✓ GOLF pre-tee: golf_us_open_winner (98 players, +474386m to tee)
[2026-07-22T23:34:17Z]   Total events captured this run: 18
[2026-07-23T01:06:54Z]   ✓ WNBA pre-game captured: Dallas Wings @ Portland Fire (+53m to start, event 296c93e4)
[2026-07-23T01:06:55Z]   ✓ SOCCER_USA_MLS pre-game captured: Seattle Sounders FC @ Austin FC (+33m to start, event fe8b1598)
[2026-07-23T01:06:55Z]   ✓ SOCCER_USA_MLS pre-game captured: San Diego FC @ Colorado Rapids (+33m to start, event 624a9c22)
[2026-07-23T01:06:56Z]   ✓ SOCCER_USA_MLS pre-game captured: FC Dallas @ Portland Timbers (+83m to start, event d785780a)
[2026-07-23T01:06:56Z]   ✓ SOCCER_USA_MLS pre-game captured: St. Louis City SC @ LA Galaxy (+83m to start, event 9e3e4c1b)
[2026-07-23T01:06:56Z]   ✓ SOCCER_USA_MLS pre-game captured: Real Salt Lake @ Los Angeles FC (+83m to start, event a86289ce)
[2026-07-23T01:06:57Z]   ✓ SOCCER_USA_MLS pre-game captured: Orlando City SC @ San Jose Earthquakes (+83m to start, event 28a1bc1c)
[2026-07-23T01:06:58Z]   ✓ GOLF pre-tee: golf_masters_tournament_winner (96 players, +373553m to tee)
[2026-07-23T01:06:58Z]   ✓ GOLF pre-tee: golf_pga_championship_winner (78 players, +434033m to tee)
[2026-07-23T01:06:58Z]   ✓ GOLF pre-tee: golf_the_open_championship_winner (82 players, +514348m to tee)
[2026-07-23T01:06:58Z]   ✓ GOLF pre-tee: golf_us_open_winner (98 players, +474293m to tee)
[2026-07-23T01:06:58Z]   Total events captured this run: 11
[2026-07-23T04:29:20Z]   ✓ GOLF pre-tee: golf_masters_tournament_winner (96 players, +373351m to tee)
[2026-07-23T04:29:20Z]   ✓ GOLF pre-tee: golf_pga_championship_winner (78 players, +433831m to tee)
[2026-07-23T04:29:20Z]   ✓ GOLF pre-tee: golf_the_open_championship_winner (82 players, +514146m to tee)
[2026-07-23T04:29:20Z]   ✓ GOLF pre-tee: golf_us_open_winner (98 players, +474091m to tee)
[2026-07-23T04:29:20Z]   Total events captured this run: 4
[2026-07-23T07:11:59Z]   ✓ GOLF pre-tee: golf_masters_tournament_winner (96 players, +373188m to tee)
[2026-07-23T07:11:59Z]   ✓ GOLF pre-tee: golf_pga_championship_winner (78 players, +433668m to tee)
[2026-07-23T07:11:59Z]   ✓ GOLF pre-tee: golf_the_open_championship_winner (82 players, +513983m to tee)
[2026-07-23T07:11:59Z]   ✓ GOLF pre-tee: golf_us_open_winner (98 players, +473928m to tee)
[2026-07-23T07:11:59Z]   Total events captured this run: 4
[2026-07-23T09:41:53Z]   ✓ GOLF pre-tee: golf_masters_tournament_winner (96 players, +373038m to tee)
[2026-07-23T09:41:53Z]   ✓ GOLF pre-tee: golf_pga_championship_winner (78 players, +433518m to tee)
[2026-07-23T09:41:54Z]   ✓ GOLF pre-tee: golf_the_open_championship_winner (82 players, +513833m to tee)
[2026-07-23T09:41:54Z]   ✓ GOLF pre-tee: golf_us_open_winner (98 players, +473778m to tee)
[2026-07-23T09:41:54Z]   Total events captured this run: 4
[2026-07-23T11:43:03Z]   ✓ GOLF pre-tee: golf_masters_tournament_winner (96 players, +372917m to tee)
[2026-07-23T11:43:04Z]   ✓ GOLF pre-tee: golf_pga_championship_winner (78 players, +433397m to tee)
[2026-07-23T11:43:04Z]   ✓ GOLF pre-tee: golf_the_open_championship_winner (82 players, +513712m to tee)
[2026-07-23T11:43:04Z]   ✓ GOLF pre-tee: golf_us_open_winner (98 players, +473657m to tee)
[2026-07-23T11:43:04Z]   Total events captured this run: 4
[2026-07-23T13:14:34Z]   ✓ GOLF pre-tee: golf_masters_tournament_winner (96 players, +372825m to tee)
[2026-07-23T13:14:34Z]   ✓ GOLF pre-tee: golf_pga_championship_winner (78 players, +433305m to tee)
[2026-07-23T13:14:35Z]   ✓ GOLF pre-tee: golf_the_open_championship_winner (82 players, +513620m to tee)
[2026-07-23T13:14:35Z]   ✓ GOLF pre-tee: golf_us_open_winner (98 players, +473565m to tee)
[2026-07-23T13:14:35Z]   Total events captured this run: 4
[2026-07-23T15:28:38Z]   ✓ MLB pre-game captured: San Diego Padres @ Atlanta Braves (+47m to start, event 22fc220b)
[2026-07-23T15:28:39Z]   ✓ GOLF pre-tee: golf_masters_tournament_winner (96 players, +372691m to tee)
[2026-07-23T15:28:39Z]   ✓ GOLF pre-tee: golf_pga_championship_winner (78 players, +433171m to tee)
[2026-07-23T15:28:40Z]   ✓ GOLF pre-tee: golf_the_open_championship_winner (82 players, +513486m to tee)
[2026-07-23T15:28:40Z]   ✓ GOLF pre-tee: golf_us_open_winner (98 players, +473431m to tee)
[2026-07-23T15:28:40Z]   Total events captured this run: 5
[2026-07-23T17:03:08Z]   ✓ MLB CLOSING captured: Minnesota Twins @ Cleveland Guardians (+8m to start, event 5c7e77b4)
[2026-07-23T17:03:10Z]   ✓ GOLF pre-tee: golf_masters_tournament_winner (96 players, +372597m to tee)
[2026-07-23T17:03:10Z]   ✓ GOLF pre-tee: golf_pga_championship_winner (78 players, +433077m to tee)
[2026-07-23T17:03:10Z]   ✓ GOLF pre-tee: golf_the_open_championship_winner (82 players, +513392m to tee)
[2026-07-23T17:03:10Z]   ✓ GOLF pre-tee: golf_us_open_winner (98 players, +473337m to tee)
[2026-07-23T17:03:10Z]   Total events captured this run: 5
[2026-07-23T18:20:16Z]   ✓ MLB pre-game captured: Tampa Bay Rays @ Toronto Blue Jays (+48m to start, event 36ba7a8a)
[2026-07-23T18:20:18Z]   ✓ GOLF pre-tee: golf_masters_tournament_winner (96 players, +372520m to tee)
[2026-07-23T18:20:19Z]   ✓ GOLF pre-tee: golf_pga_championship_winner (78 players, +433000m to tee)
[2026-07-23T18:20:19Z]   ✓ GOLF pre-tee: golf_the_open_championship_winner (82 players, +513315m to tee)
[2026-07-23T18:20:19Z]   ✓ GOLF pre-tee: golf_us_open_winner (98 players, +473260m to tee)
[2026-07-23T18:20:19Z]   Total events captured this run: 5
[2026-07-23T19:51:23Z]   ✓ MLB pre-game captured: Arizona Diamondbacks @ St. Louis Cardinals (+85m to start, event 8e241158)
[2026-07-23T19:51:25Z]   ✓ GOLF pre-tee: golf_masters_tournament_winner (96 players, +372429m to tee)
[2026-07-23T19:51:25Z]   ✓ GOLF pre-tee: golf_pga_championship_winner (78 players, +432909m to tee)
[2026-07-23T19:51:25Z]   ✓ GOLF pre-tee: golf_the_open_championship_winner (82 players, +513224m to tee)
[2026-07-23T19:51:25Z]   ✓ GOLF pre-tee: golf_us_open_winner (98 players, +473169m to tee)
[2026-07-23T19:51:26Z]   Total events captured this run: 5
[2026-07-23T20:47:34Z]   ✓ GOLF pre-tee: golf_masters_tournament_winner (96 players, +372372m to tee)
[2026-07-23T20:47:34Z]   ✓ GOLF pre-tee: golf_pga_championship_winner (78 players, +432852m to tee)
[2026-07-23T20:47:34Z]   ✓ GOLF pre-tee: golf_the_open_championship_winner (82 players, +513167m to tee)
[2026-07-23T20:47:34Z]   ✓ GOLF pre-tee: golf_us_open_winner (98 players, +473112m to tee)
[2026-07-23T20:47:34Z]   Total events captured this run: 4
[2026-07-23T21:48:08Z]   ✓ MLB pre-game captured: Kansas City Royals @ Detroit Tigers (+53m to start, event 38d3052e)
[2026-07-23T21:48:09Z]   ✓ GOLF pre-tee: golf_masters_tournament_winner (96 players, +372312m to tee)
[2026-07-23T21:48:10Z]   ✓ GOLF pre-tee: golf_pga_championship_winner (78 players, +432792m to tee)
[2026-07-23T21:48:10Z]   ✓ GOLF pre-tee: golf_the_open_championship_winner (82 players, +513107m to tee)
[2026-07-23T21:48:10Z]   ✓ GOLF pre-tee: golf_us_open_winner (98 players, +473052m to tee)
[2026-07-23T21:48:10Z]   Total events captured this run: 5
[2026-07-23T22:41:31Z]   ✓ MLB CLOSING captured: Kansas City Royals @ Detroit Tigers (-1m to start, event 38d3052e)
[2026-07-23T22:41:33Z]   ✓ GOLF pre-tee: golf_masters_tournament_winner (96 players, +372258m to tee)
[2026-07-23T22:41:33Z]   ✓ GOLF pre-tee: golf_pga_championship_winner (78 players, +432738m to tee)
[2026-07-23T22:41:33Z]   ✓ GOLF pre-tee: golf_the_open_championship_winner (82 players, +513053m to tee)
[2026-07-23T22:41:33Z]   ✓ GOLF pre-tee: golf_us_open_winner (98 players, +472998m to tee)
[2026-07-23T22:41:33Z]   Total events captured this run: 5
[2026-07-23T23:44:20Z]   ✓ GOLF pre-tee: golf_masters_tournament_winner (96 players, +372196m to tee)
[2026-07-23T23:44:20Z]   ✓ GOLF pre-tee: golf_pga_championship_winner (78 players, +432676m to tee)
[2026-07-23T23:44:20Z]   ✓ GOLF pre-tee: golf_the_open_championship_winner (82 players, +512991m to tee)
[2026-07-23T23:44:21Z]   ✓ GOLF pre-tee: golf_us_open_winner (98 players, +472936m to tee)
[2026-07-23T23:44:21Z]   Total events captured this run: 4
[2026-07-24T01:14:16Z]   ✓ GOLF pre-tee: golf_masters_tournament_winner (96 players, +372106m to tee)
[2026-07-24T01:14:16Z]   ✓ GOLF pre-tee: golf_pga_championship_winner (78 players, +432586m to tee)
[2026-07-24T01:14:17Z]   ✓ GOLF pre-tee: golf_the_open_championship_winner (82 players, +512901m to tee)
[2026-07-24T01:14:17Z]   ✓ GOLF pre-tee: golf_us_open_winner (98 players, +472846m to tee)
[2026-07-24T01:14:17Z]   Total events captured this run: 4
[2026-07-24T04:39:00Z]   ✓ GOLF pre-tee: golf_masters_tournament_winner (96 players, +371901m to tee)
[2026-07-24T04:39:00Z]   ✓ GOLF pre-tee: golf_pga_championship_winner (78 players, +432381m to tee)
[2026-07-24T04:39:01Z]   ✓ GOLF pre-tee: golf_the_open_championship_winner (82 players, +512696m to tee)
[2026-07-24T04:39:01Z]   ✓ GOLF pre-tee: golf_us_open_winner (98 players, +472641m to tee)
[2026-07-24T04:39:01Z]   Total events captured this run: 4
[2026-07-24T07:21:57Z]   ✓ GOLF pre-tee: golf_masters_tournament_winner (96 players, +371738m to tee)
[2026-07-24T07:21:57Z]   ✓ GOLF pre-tee: golf_pga_championship_winner (78 players, +432218m to tee)
[2026-07-24T07:21:57Z]   ✓ GOLF pre-tee: golf_the_open_championship_winner (82 players, +512533m to tee)
[2026-07-24T07:21:57Z]   ✓ GOLF pre-tee: golf_us_open_winner (98 players, +472478m to tee)
[2026-07-24T07:21:57Z]   Total events captured this run: 4
[2026-07-24T09:40:41Z]   ✓ GOLF pre-tee: golf_masters_tournament_winner (96 players, +371599m to tee)
[2026-07-24T09:40:41Z]   ✓ GOLF pre-tee: golf_pga_championship_winner (78 players, +432079m to tee)
[2026-07-24T09:40:41Z]   ✓ GOLF pre-tee: golf_the_open_championship_winner (82 players, +512394m to tee)
[2026-07-24T09:40:41Z]   ✓ GOLF pre-tee: golf_us_open_winner (98 players, +472339m to tee)
[2026-07-24T09:40:41Z]   Total events captured this run: 4
[2026-07-24T11:27:35Z]   ✓ GOLF pre-tee: golf_masters_tournament_winner (96 players, +371492m to tee)
[2026-07-24T11:27:35Z]   ✓ GOLF pre-tee: golf_pga_championship_winner (78 players, +431972m to tee)
[2026-07-24T11:27:35Z]   ✓ GOLF pre-tee: golf_the_open_championship_winner (82 players, +512287m to tee)
[2026-07-24T11:27:35Z]   ✓ GOLF pre-tee: golf_us_open_winner (98 players, +472232m to tee)
[2026-07-24T11:27:35Z]   Total events captured this run: 4
[2026-07-24T13:04:58Z]   ✓ GOLF pre-tee: golf_masters_tournament_winner (96 players, +371395m to tee)
[2026-07-24T13:04:59Z]   ✓ GOLF pre-tee: golf_pga_championship_winner (78 players, +431875m to tee)
[2026-07-24T13:04:59Z]   ✓ GOLF pre-tee: golf_the_open_championship_winner (82 players, +512190m to tee)
[2026-07-24T13:04:59Z]   ✓ GOLF pre-tee: golf_us_open_winner (98 players, +472135m to tee)
[2026-07-24T13:04:59Z]   Total events captured this run: 4
[2026-07-24T15:04:19Z]   ✓ GOLF pre-tee: golf_masters_tournament_winner (96 players, +371276m to tee)
[2026-07-24T15:04:19Z]   ✓ GOLF pre-tee: golf_pga_championship_winner (78 players, +431756m to tee)
[2026-07-24T15:04:19Z]   ✓ GOLF pre-tee: golf_the_open_championship_winner (82 players, +512071m to tee)
[2026-07-24T15:04:19Z]   ✓ GOLF pre-tee: golf_us_open_winner (98 players, +472016m to tee)
[2026-07-24T15:04:19Z]   Total events captured this run: 4
[2026-07-24T16:53:24Z]   ✓ GOLF pre-tee: golf_masters_tournament_winner (96 players, +371167m to tee)
[2026-07-24T16:53:24Z]   ✓ GOLF pre-tee: golf_pga_championship_winner (78 players, +431647m to tee)
[2026-07-24T16:53:24Z]   ✓ GOLF pre-tee: golf_the_open_championship_winner (82 players, +511962m to tee)
[2026-07-24T16:53:24Z]   ✓ GOLF pre-tee: golf_us_open_winner (98 players, +471907m to tee)
[2026-07-24T16:53:24Z]   Total events captured this run: 4
[2026-07-24T18:40:10Z]   ✓ GOLF pre-tee: golf_masters_tournament_winner (96 players, +371060m to tee)
[2026-07-24T18:40:10Z]   ✓ GOLF pre-tee: golf_pga_championship_winner (78 players, +431540m to tee)
[2026-07-24T18:40:10Z]   ✓ GOLF pre-tee: golf_the_open_championship_winner (82 players, +511855m to tee)
[2026-07-24T18:40:10Z]   ✓ GOLF pre-tee: golf_us_open_winner (98 players, +471800m to tee)
[2026-07-24T18:40:10Z]   Total events captured this run: 4
[2026-07-24T20:05:47Z]   ✓ MLB CLOSING captured: Colorado Rockies @ Milwaukee Brewers (+5m to start, event d7f4b3c3)
[2026-07-24T20:05:49Z]   ✓ GOLF pre-tee: golf_masters_tournament_winner (96 players, +370974m to tee)
[2026-07-24T20:05:49Z]   ✓ GOLF pre-tee: golf_pga_championship_winner (78 players, +431454m to tee)
[2026-07-24T20:05:49Z]   ✓ GOLF pre-tee: golf_the_open_championship_winner (82 players, +511769m to tee)
[2026-07-24T20:05:49Z]   ✓ GOLF pre-tee: golf_us_open_winner (98 players, +471714m to tee)
[2026-07-24T20:05:49Z]   Total events captured this run: 5
[2026-07-24T21:17:43Z]   ✓ MLB pre-game captured: Chicago Cubs @ Pittsburgh Pirates (+83m to start, event 263aac2d)
[2026-07-24T21:17:44Z]   ✓ MLB pre-game captured: Kansas City Royals @ Detroit Tigers (+83m to start, event 74d637de)
[2026-07-24T21:17:44Z]   ✓ MLB pre-game captured: Arizona Diamondbacks @ Washington Nationals (+88m to start, event 12a8e27a)
[2026-07-24T21:17:44Z]   ✓ MLB pre-game captured: New York Yankees @ Philadelphia Phillies (+88m to start, event 5859ce30)
[2026-07-24T21:17:46Z]   ✓ GOLF pre-tee: golf_masters_tournament_winner (96 players, +370902m to tee)
[2026-07-24T21:17:46Z]   ✓ GOLF pre-tee: golf_pga_championship_winner (78 players, +431382m to tee)
[2026-07-24T21:17:46Z]   ✓ GOLF pre-tee: golf_the_open_championship_winner (82 players, +511697m to tee)
[2026-07-24T21:17:46Z]   ✓ GOLF pre-tee: golf_us_open_winner (98 players, +471642m to tee)
[2026-07-24T21:17:46Z]   Total events captured this run: 8
[2026-07-24T22:30:32Z]   ✓ MLB CLOSING captured: Chicago Cubs @ Pittsburgh Pirates (+10m to start, event 263aac2d)
[2026-07-24T22:30:32Z]   ✓ MLB CLOSING captured: Kansas City Royals @ Detroit Tigers (+10m to start, event 74d637de)
[2026-07-24T22:30:32Z]   ✓ MLB CLOSING captured: Arizona Diamondbacks @ Washington Nationals (+15m to start, event 12a8e27a)
[2026-07-24T22:30:33Z]   ✓ MLB CLOSING captured: New York Yankees @ Philadelphia Phillies (+15m to start, event 5859ce30)
[2026-07-24T22:30:33Z]   ✓ MLB pre-game captured: Atlanta Braves @ Baltimore Orioles (+35m to start, event 5dc243f0)
[2026-07-24T22:30:33Z]   ✓ MLB pre-game captured: Cleveland Guardians @ Tampa Bay Rays (+40m to start, event 29437f5a)
[2026-07-24T22:30:34Z]   ✓ MLB pre-game captured: Los Angeles Dodgers @ New York Mets (+40m to start, event cee011b0)
[2026-07-24T22:30:34Z]   ✓ MLB pre-game captured: San Diego Padres @ Miami Marlins (+40m to start, event 6a85ed30)
[2026-07-24T22:30:34Z]   ✓ MLB pre-game captured: Toronto Blue Jays @ Boston Red Sox (+45m to start, event 7cb10d30)
[2026-07-24T22:30:35Z]   ✓ MLB pre-game captured: Houston Astros @ Chicago White Sox (+70m to start, event e25ed72c)
[2026-07-24T22:30:37Z]   ✓ GOLF pre-tee: golf_masters_tournament_winner (96 players, +370829m to tee)
[2026-07-24T22:30:37Z]   ✓ GOLF pre-tee: golf_pga_championship_winner (78 players, +431309m to tee)
[2026-07-24T22:30:37Z]   ✓ GOLF pre-tee: golf_the_open_championship_winner (82 players, +511624m to tee)
[2026-07-24T22:30:37Z]   ✓ GOLF pre-tee: golf_us_open_winner (98 players, +471569m to tee)
[2026-07-24T22:30:37Z]   Total events captured this run: 14
[2026-07-24T23:36:52Z]   ✓ MLB CLOSING captured: Houston Astros @ Chicago White Sox (+4m to start, event e25ed72c)
[2026-07-24T23:36:53Z]   ✓ MLB pre-game captured: Seattle Mariners @ Texas Rangers (+29m to start, event 7623b2ff)
[2026-07-24T23:36:53Z]   ✓ MLB pre-game captured: Athletics @ Minnesota Twins (+34m to start, event 6f9f1f65)
[2026-07-24T23:36:53Z]   ✓ MLB pre-game captured: Cincinnati Reds @ St. Louis Cardinals (+39m to start, event e52022e4)
[2026-07-24T23:36:56Z]   ✓ GOLF pre-tee: golf_masters_tournament_winner (96 players, +370763m to tee)
[2026-07-24T23:36:56Z]   ✓ GOLF pre-tee: golf_pga_championship_winner (78 players, +431243m to tee)
[2026-07-24T23:36:56Z]   Total events captured this run: 6
[2026-07-27T21:32:47Z]   ✓ TENNIS_ATP_WASHINGTON_OPEN CLOSING captured: Zachary Svajda @ Aleksandar Vukic (+7m to start, event f379d3b3)
[2026-07-27T21:32:47Z]   ✓ TENNIS_WTA_WASHINGTON_OPEN pre-game captured: Madison Keys @ Liudmila Samsonova (+27m to start, event 875d935c)
[2026-07-27T21:32:47Z]   ✓ TENNIS_WTA_WASHINGTON_OPEN pre-game captured: Rebecca Sramkova @ Janice Tjen (+77m to start, event 8e606c4d)
[2026-07-27T21:32:47Z]   ✓ TENNIS_WTA_WASHINGTON_OPEN pre-game captured: Katie Boulter @ Ashlyn Krueger (+87m to start, event b7dac692)
[2026-07-27T21:32:48Z]   ✓ MLB pre-game captured: Arizona Diamondbacks @ Pittsburgh Pirates (+67m to start, event 74749169)
[2026-07-27T21:32:48Z]   ✓ MLB pre-game captured: Baltimore Orioles @ Detroit Tigers (+67m to start, event 01c25573)
[2026-07-27T21:32:49Z]   ✓ MLB pre-game captured: Philadelphia Phillies @ Miami Marlins (+68m to start, event 11fd3db4)
[2026-07-27T21:32:49Z]   ✓ MLB pre-game captured: Toronto Blue Jays @ Washington Nationals (+73m to start, event 9053a068)
[2026-07-27T21:32:51Z]   ✓ GOLF pre-tee: golf_masters_tournament_winner (97 players, +366567m to tee)
[2026-07-27T21:32:51Z]   ✓ GOLF pre-tee: golf_pga_championship_winner (79 players, +427047m to tee)
[2026-07-27T21:32:51Z]   ✓ GOLF pre-tee: golf_the_open_championship_winner (83 players, +507362m to tee)
[2026-07-27T21:32:51Z]   ✓ GOLF pre-tee: golf_us_open_winner (98 players, +467307m to tee)
[2026-07-27T21:32:51Z]   Total events captured this run: 12
[2026-07-27T22:36:58Z]   ✓ TENNIS_ATP_WASHINGTON_OPEN pre-game captured: Terence Atmane @ Frances Tiafoe (+83m to start, event 02f0b667)
[2026-07-27T22:36:58Z]   ✓ TENNIS_WTA_WASHINGTON_OPEN CLOSING captured: Katie Boulter @ Ashlyn Krueger (+23m to start, event b7dac692)
[2026-07-27T22:36:58Z]   ✓ TENNIS_WTA_WASHINGTON_OPEN CLOSING captured: Rebecca Sramkova @ Janice Tjen (+23m to start, event 8e606c4d)
[2026-07-27T22:36:58Z]   ✓ MLB CLOSING captured: Arizona Diamondbacks @ Pittsburgh Pirates (+3m to start, event 74749169)
[2026-07-27T22:36:59Z]   ✓ MLB CLOSING captured: Philadelphia Phillies @ Miami Marlins (+4m to start, event 11fd3db4)
[2026-07-27T22:36:59Z]   ✓ MLB CLOSING captured: Toronto Blue Jays @ Washington Nationals (+9m to start, event 9053a068)
[2026-07-27T22:36:59Z]   ✓ MLB CLOSING captured: Baltimore Orioles @ Detroit Tigers (+13m to start, event 01c25573)
[2026-07-27T22:36:59Z]   ✓ MLB pre-game captured: Atlanta Braves @ New York Mets (+33m to start, event 5f31d0e2)
[2026-07-27T22:37:00Z]   ✓ MLB pre-game captured: New York Yankees @ Chicago White Sox (+63m to start, event 302aa3f7)
[2026-07-27T22:37:00Z]   ✓ MLB pre-game captured: Cleveland Guardians @ Cincinnati Reds (+63m to start, event 4f2695cf)
[2026-07-27T22:37:00Z]   ✓ MLB pre-game captured: Chicago Cubs @ St. Louis Cardinals (+69m to start, event 8f968dc8)
[2026-07-27T22:37:01Z]   ✓ GOLF pre-tee: golf_masters_tournament_winner (97 players, +366503m to tee)
[2026-07-27T22:37:02Z]   ✓ GOLF pre-tee: golf_pga_championship_winner (79 players, +426983m to tee)
[2026-07-27T22:37:02Z]   ✓ GOLF pre-tee: golf_the_open_championship_winner (83 players, +507298m to tee)
[2026-07-27T22:37:02Z]   ✓ GOLF pre-tee: golf_us_open_winner (98 players, +467243m to tee)
[2026-07-27T22:37:02Z]   Total events captured this run: 15
[2026-07-27T23:42:06Z]   ✓ TENNIS_ATP_WASHINGTON_OPEN CLOSING captured: Terence Atmane @ Frances Tiafoe (+18m to start, event 02f0b667)
[2026-07-27T23:42:07Z]   ✓ MLB CLOSING captured: New York Yankees @ Chicago White Sox (+18m to start, event 302aa3f7)
[2026-07-27T23:42:07Z]   ✓ MLB CLOSING captured: Cleveland Guardians @ Cincinnati Reds (+18m to start, event 4f2695cf)
[2026-07-27T23:42:09Z]   ✓ GOLF pre-tee: golf_masters_tournament_winner (97 players, +366438m to tee)
[2026-07-27T23:42:10Z]   ✓ GOLF pre-tee: golf_pga_championship_winner (79 players, +426918m to tee)
[2026-07-27T23:42:10Z]   ✓ GOLF pre-tee: golf_the_open_championship_winner (83 players, +507233m to tee)
[2026-07-27T23:42:10Z]   ✓ GOLF pre-tee: golf_us_open_winner (98 players, +467178m to tee)
[2026-07-27T23:42:10Z]   Total events captured this run: 7
[2026-07-28T01:09:01Z]   ✓ TENNIS_ATP_WASHINGTON_OPEN pre-game captured: Terence Atmane @ Frances Tiafoe (+51m to start, event 02f0b667)
[2026-07-28T01:09:01Z]   ✓ MLB CLOSING captured: Chicago Cubs @ St. Louis Cardinals (+21m to start, event 8f968dc8)
[2026-07-28T01:09:01Z]   ✓ MLB pre-game captured: Houston Astros @ Los Angeles Angels (+29m to start, event cd620c9f)
[2026-07-28T01:09:02Z]   ✓ MLB pre-game captured: Boston Red Sox @ Athletics (+31m to start, event ee5f7b3a)
[2026-07-28T01:09:02Z]   ✓ MLB pre-game captured: Milwaukee Brewers @ San Francisco Giants (+36m to start, event 9b0ec0a4)
[2026-07-28T01:09:03Z]   ✓ GOLF pre-tee: golf_masters_tournament_winner (97 players, +366351m to tee)
[2026-07-28T01:09:03Z]   ✓ GOLF pre-tee: golf_pga_championship_winner (79 players, +426831m to tee)
[2026-07-28T01:09:04Z]   ✓ GOLF pre-tee: golf_the_open_championship_winner (83 players, +507146m to tee)
[2026-07-28T01:09:04Z]   ✓ GOLF pre-tee: golf_us_open_winner (98 players, +467091m to tee)
[2026-07-28T01:09:04Z]   Total events captured this run: 9
[2026-07-28T04:31:29Z]   ✓ GOLF pre-tee: golf_masters_tournament_winner (97 players, +366149m to tee)
[2026-07-28T04:31:29Z]   ✓ GOLF pre-tee: golf_pga_championship_winner (79 players, +426629m to tee)
[2026-07-28T04:31:29Z]   ✓ GOLF pre-tee: golf_the_open_championship_winner (83 players, +506944m to tee)
[2026-07-28T04:31:29Z]   ✓ GOLF pre-tee: golf_us_open_winner (98 players, +466889m to tee)
[2026-07-28T04:31:29Z]   Total events captured this run: 4
[2026-07-28T07:20:04Z]   ✓ GOLF pre-tee: golf_masters_tournament_winner (97 players, +365980m to tee)
[2026-07-28T07:20:04Z]   ✓ GOLF pre-tee: golf_pga_championship_winner (79 players, +426460m to tee)
[2026-07-28T07:20:04Z]   ✓ GOLF pre-tee: golf_the_open_championship_winner (83 players, +506775m to tee)
[2026-07-28T07:20:04Z]   ✓ GOLF pre-tee: golf_us_open_winner (98 players, +466720m to tee)
[2026-07-28T07:20:04Z]   Total events captured this run: 4
[2026-07-28T10:00:35Z]   ✓ GOLF pre-tee: golf_masters_tournament_winner (97 players, +365819m to tee)
[2026-07-28T10:00:35Z]   ✓ GOLF pre-tee: golf_pga_championship_winner (79 players, +426299m to tee)
[2026-07-28T10:00:35Z]   ✓ GOLF pre-tee: golf_the_open_championship_winner (83 players, +506614m to tee)
[2026-07-28T10:00:36Z]   ✓ GOLF pre-tee: golf_us_open_winner (98 players, +466559m to tee)
[2026-07-28T10:00:36Z]   Total events captured this run: 4
[2026-07-28T12:06:01Z]   ✓ GOLF pre-tee: golf_masters_tournament_winner (97 players, +365694m to tee)
[2026-07-28T12:06:01Z]   ✓ GOLF pre-tee: golf_pga_championship_winner (79 players, +426174m to tee)
[2026-07-28T12:06:01Z]   ✓ GOLF pre-tee: golf_the_open_championship_winner (83 players, +506489m to tee)
[2026-07-28T12:06:01Z]   ✓ GOLF pre-tee: golf_us_open_winner (98 players, +466434m to tee)
[2026-07-28T12:06:01Z]   Total events captured this run: 4
[2026-07-28T14:31:06Z]   ✓ TENNIS_ATP_WASHINGTON_OPEN pre-game captured: Andres Martin @ Ugo Humbert (+29m to start, event ac252b61)
[2026-07-28T14:31:07Z]   ✓ TENNIS_ATP_WASHINGTON_OPEN pre-game captured: Tommy Paul @ Kamil Majchrzak (+29m to start, event 29671563)
[2026-07-28T14:31:07Z]   ✓ TENNIS_WTA_WASHINGTON_OPEN pre-game captured: Polina Kudermetova @ Cristina Bucsa (+29m to start, event 008f1a4a)
[2026-07-28T14:31:07Z]   ✓ TENNIS_WTA_WASHINGTON_OPEN pre-game captured: Xinyu Wang @ Julieta Pareja (+29m to start, event 8ff4cd94)
[2026-07-28T14:31:10Z]   ✓ GOLF pre-tee: golf_masters_tournament_winner (97 players, +365549m to tee)
[2026-07-28T14:31:10Z]   ✓ GOLF pre-tee: golf_pga_championship_winner (79 players, +426029m to tee)
[2026-07-28T14:31:11Z]   ✓ GOLF pre-tee: golf_the_open_championship_winner (83 players, +506344m to tee)
[2026-07-28T14:31:11Z]   ✓ GOLF pre-tee: golf_us_open_winner (98 players, +466289m to tee)
[2026-07-28T14:31:11Z]   Total events captured this run: 8
[2026-07-28T16:20:14Z]   ✓ TENNIS_ATP_WASHINGTON_OPEN CLOSING captured: Learner Tien @ Adrian Mannarino (+10m to start, event 30f0320d)
[2026-07-28T16:20:14Z]   ✓ TENNIS_ATP_WASHINGTON_OPEN CLOSING captured: Mackenzie McDonald @ Alex Michelsen (+10m to start, event 76f19fe0)
[2026-07-28T16:20:15Z]   ✓ TENNIS_ATP_WASHINGTON_OPEN CLOSING captured: Rafael Jodar @ Arthur Fils (+10m to start, event b09766dc)
[2026-07-28T16:20:15Z]   ✓ TENNIS_ATP_WASHINGTON_OPEN pre-game captured: Tomas Martin Etcheverry @ Brandon Nakashima (+80m to start, event ac4d7fbd)
[2026-07-28T16:20:15Z]   ✓ TENNIS_ATP_WASHINGTON_OPEN pre-game captured: Cruz Hewitt @ Marcos Giron (+80m to start, event b0a015fd)
[2026-07-28T16:20:16Z]   ✓ TENNIS_WTA_WASHINGTON_OPEN pre-game captured: Qinwen Zheng @ Alexandra Eala (+40m to start, event 5f281fb7)
[2026-07-28T16:20:16Z]   ✓ MLB pre-game captured: Cleveland Guardians @ Cincinnati Reds (+81m to start, event 979a29c0)
[2026-07-28T16:20:18Z]   ✓ GOLF pre-tee: golf_masters_tournament_winner (97 players, +365440m to tee)
[2026-07-28T16:20:19Z]   ✓ GOLF pre-tee: golf_pga_championship_winner (79 players, +425920m to tee)
[2026-07-28T16:20:19Z]   ✓ GOLF pre-tee: golf_the_open_championship_winner (83 players, +506235m to tee)
[2026-07-28T16:20:19Z]   ✓ GOLF pre-tee: golf_us_open_winner (98 players, +466180m to tee)
[2026-07-28T16:20:19Z]   Total events captured this run: 11
[2026-07-28T17:48:55Z]   ✓ TENNIS_ATP_WASHINGTON_OPEN CLOSING captured: Cruz Hewitt @ Marcos Giron (+11m to start, event b0a015fd)
[2026-07-28T17:48:55Z]   ✓ TENNIS_ATP_WASHINGTON_OPEN pre-game captured: Ben Shelton @ Martin Damm Jr. (+41m to start, event 552aed3a)
[2026-07-28T17:48:55Z]   ✓ TENNIS_WTA_WASHINGTON_OPEN pre-game captured: Anna Kalinskaya @ Daria Kasatkina (+71m to start, event bd995bfc)
[2026-07-28T17:48:57Z]   ✓ GOLF pre-tee: golf_masters_tournament_winner (97 players, +365351m to tee)
[2026-07-28T17:48:57Z]   ✓ GOLF pre-tee: golf_pga_championship_winner (79 players, +425831m to tee)
[2026-07-28T17:48:57Z]   ✓ GOLF pre-tee: golf_the_open_championship_winner (83 players, +506146m to tee)
[2026-07-28T17:48:57Z]   ✓ GOLF pre-tee: golf_us_open_winner (98 players, +466091m to tee)
[2026-07-28T17:48:57Z]   Total events captured this run: 7
[2026-07-28T18:59:26Z]   ✓ TENNIS_ATP_WASHINGTON_OPEN CLOSING captured: Ben Shelton @ Martin Damm Jr. (+11m to start, event 552aed3a)
[2026-07-28T18:59:27Z]   ✓ TENNIS_ATP_WASHINGTON_OPEN CLOSING captured: Tomas Martin Etcheverry @ Brandon Nakashima (+11m to start, event ac4d7fbd)
[2026-07-28T18:59:27Z]   ✓ TENNIS_WTA_WASHINGTON_OPEN CLOSING captured: Anna Kalinskaya @ Daria Kasatkina (+11m to start, event bd995bfc)
[2026-07-28T18:59:28Z]   ✓ TENNIS_WTA_WASHINGTON_OPEN pre-game captured: Ann Li @ Magdalena Frech (+81m to start, event a1ee84a1)
[2026-07-28T18:59:30Z]   ✓ GOLF pre-tee: golf_masters_tournament_winner (97 players, +365280m to tee)
[2026-07-28T18:59:30Z]   ✓ GOLF pre-tee: golf_pga_championship_winner (79 players, +425760m to tee)
[2026-07-28T18:59:30Z]   ✓ GOLF pre-tee: golf_the_open_championship_winner (83 players, +506075m to tee)
[2026-07-28T18:59:31Z]   ✓ GOLF pre-tee: golf_us_open_winner (98 players, +466020m to tee)
[2026-07-28T18:59:31Z]   Total events captured this run: 8
[2026-07-28T20:22:26Z]   ✓ TENNIS_ATP_WASHINGTON_OPEN CLOSING captured: Jakub Mensik @ Trevor Svajda (+23m to start, event 4f26734a)
[2026-07-28T20:22:26Z]   ✓ TENNIS_WTA_WASHINGTON_OPEN CLOSING captured: Ann Li @ Magdalena Frech (+18m to start, event a1ee84a1)
[2026-07-28T20:22:28Z]   ✓ GOLF pre-tee: golf_masters_tournament_winner (97 players, +365198m to tee)
[2026-07-28T20:22:29Z]   ✓ GOLF pre-tee: golf_pga_championship_winner (79 players, +425678m to tee)
[2026-07-28T20:22:29Z]   ✓ GOLF pre-tee: golf_the_open_championship_winner (83 players, +505993m to tee)
[2026-07-28T20:22:29Z]   ✓ GOLF pre-tee: golf_us_open_winner (98 players, +465938m to tee)
[2026-07-28T20:22:29Z]   Total events captured this run: 6
[2026-07-28T21:35:53Z]   ✓ TENNIS_ATP_WASHINGTON_OPEN CLOSING captured: Stefanos Tsitsipas @ Alex de Minaur (+24m to start, event cc2bdc20)
[2026-07-28T21:35:54Z]   ✓ MLB pre-game captured: Arizona Diamondbacks @ Pittsburgh Pirates (+65m to start, event 3200119b)
[2026-07-28T21:35:54Z]   ✓ MLB pre-game captured: Baltimore Orioles @ Detroit Tigers (+65m to start, event 452645d8)
[2026-07-28T21:35:55Z]   ✓ MLB pre-game captured: Philadelphia Phillies @ Miami Marlins (+65m to start, event 9ad4c06c)
[2026-07-28T21:35:55Z]   ✓ MLB pre-game captured: Texas Rangers @ Tampa Bay Rays (+65m to start, event 1c02a052)
[2026-07-28T21:35:55Z]   ✓ MLB pre-game captured: Toronto Blue Jays @ Washington Nationals (+70m to start, event 652c3471)
[2026-07-28T21:35:58Z]   ✓ GOLF pre-tee: golf_masters_tournament_winner (97 players, +365124m to tee)
[2026-07-28T21:35:58Z]   ✓ GOLF pre-tee: golf_pga_championship_winner (79 players, +425604m to tee)
[2026-07-28T21:35:58Z]   ✓ GOLF pre-tee: golf_the_open_championship_winner (83 players, +505919m to tee)
[2026-07-28T21:35:58Z]   ✓ GOLF pre-tee: golf_us_open_winner (98 players, +465864m to tee)
[2026-07-28T21:35:58Z]   Total events captured this run: 10
[2026-07-28T22:39:45Z]   ✓ TENNIS_WTA_WASHINGTON_OPEN pre-game captured: Venus Williams @ Anastasia Potapova (+80m to start, event 1b1bea1e)
[2026-07-28T22:39:46Z]   ✓ MLB CLOSING captured: Arizona Diamondbacks @ Pittsburgh Pirates (+1m to start, event 3200119b)
[2026-07-28T22:39:46Z]   ✓ MLB CLOSING captured: Baltimore Orioles @ Detroit Tigers (+1m to start, event 452645d8)
[2026-07-28T22:39:47Z]   ✓ MLB CLOSING captured: Philadelphia Phillies @ Miami Marlins (+1m to start, event 9ad4c06c)
[2026-07-28T22:39:50Z]   ✓ GOLF pre-tee: golf_masters_tournament_winner (97 players, +365060m to tee)
[2026-07-28T22:39:50Z]   ✓ GOLF pre-tee: golf_pga_championship_winner (79 players, +425540m to tee)
[2026-07-28T22:39:51Z]   Total events captured this run: 6
[2026-07-29T14:55:26Z]   ✓ TENNIS_WTA_WASHINGTON_OPEN CLOSING captured: Alexandra Eala @ Leylah Fernandez (+5m to start, event cf60969b)
[2026-07-29T14:55:26Z]   ✓ TENNIS_WTA_WASHINGTON_OPEN CLOSING captured: Liudmila Samsonova @ Xinyu Wang (+5m to start, event 79d35d49)
[2026-07-29T14:55:26Z]   ✓ MLB pre-game captured: Philadelphia Phillies @ Miami Marlins (+76m to start, event 90886b82)
[2026-07-29T14:55:28Z]   ✓ GOLF pre-tee: golf_masters_tournament_winner (97 players, +364085m to tee)
[2026-07-29T14:55:28Z]   ✓ GOLF pre-tee: golf_pga_championship_winner (79 players, +424565m to tee)
[2026-07-29T14:55:28Z]   ✓ GOLF pre-tee: golf_the_open_championship_winner (92 players, +504880m to tee)
[2026-07-29T14:55:28Z]   ✓ GOLF pre-tee: golf_us_open_winner (98 players, +464825m to tee)
[2026-07-29T14:55:28Z]   Total events captured this run: 7
[2026-07-29T16:37:14Z]   ✓ TENNIS_ATP_WASHINGTON_OPEN CLOSING captured: Lorenzo Musetti @ Aleksandar Vukic (+23m to start, event 46630711)
[2026-07-29T16:37:14Z]   ✓ TENNIS_ATP_WASHINGTON_OPEN CLOSING captured: Stefanos Tsitsipas @ Alex de Minaur (+23m to start, event cc2bdc20)
[2026-07-29T16:37:15Z]   ✓ MLB CLOSING captured: Arizona Diamondbacks @ Pittsburgh Pirates (-1m to start, event f915125c)
[2026-07-29T16:37:15Z]   ✓ MLB pre-game captured: Toronto Blue Jays @ Washington Nationals (+29m to start, event 00cfd9da)
[2026-07-29T16:37:15Z]   ✓ MLB pre-game captured: Atlanta Braves @ New York Mets (+34m to start, event 428de114)
[2026-07-29T16:37:16Z]   ✓ MLB pre-game captured: Baltimore Orioles @ Detroit Tigers (+34m to start, event 2803bb8e)
[2026-07-29T16:37:18Z]   ✓ GOLF pre-tee: golf_masters_tournament_winner (97 players, +363983m to tee)
[2026-07-29T16:37:18Z]   ✓ GOLF pre-tee: golf_pga_championship_winner (79 players, +424463m to tee)
[2026-07-29T16:37:18Z]   ✓ GOLF pre-tee: golf_the_open_championship_winner (92 players, +504778m to tee)
[2026-07-29T16:37:18Z]   ✓ GOLF pre-tee: golf_us_open_winner (98 players, +464723m to tee)
[2026-07-29T16:37:18Z]   Total events captured this run: 10
[2026-07-29T17:52:35Z]   ✓ TENNIS_ATP_WASHINGTON_OPEN pre-game captured: Kamil Majchrzak @ Taylor Fritz (+37m to start, event c977a982)
[2026-07-29T17:52:35Z]   ✓ TENNIS_WTA_WASHINGTON_OPEN CLOSING captured: Elisabetta Cocciaretto @ Emma Navarro (+2m to start, event 02f86b5b)
[2026-07-29T17:52:38Z]   ✓ GOLF pre-tee: golf_masters_tournament_winner (97 players, +363907m to tee)
[2026-07-29T17:52:38Z]   ✓ GOLF pre-tee: golf_pga_championship_winner (79 players, +424387m to tee)
[2026-07-29T17:52:38Z]   ✓ GOLF pre-tee: golf_the_open_championship_winner (92 players, +504702m to tee)
[2026-07-29T17:52:38Z]   ✓ GOLF pre-tee: golf_us_open_winner (98 players, +464647m to tee)
[2026-07-29T17:52:38Z]   Total events captured this run: 6
[2026-07-29T18:46:21Z]   ✓ TENNIS_ATP_WASHINGTON_OPEN CLOSING captured: Kamil Majchrzak @ Taylor Fritz (+14m to start, event c977a982)
[2026-07-29T18:46:22Z]   ✓ MLB pre-game captured: Milwaukee Brewers @ San Francisco Giants (+60m to start, event 92e25bff)
[2026-07-29T18:46:23Z]   ✓ MLB pre-game captured: Colorado Rockies @ San Diego Padres (+85m to start, event fc8fe7c5)
[2026-07-29T18:46:26Z]   ✓ GOLF pre-tee: golf_masters_tournament_winner (97 players, +363854m to tee)
[2026-07-29T18:46:26Z]   ✓ GOLF pre-tee: golf_pga_championship_winner (79 players, +424334m to tee)
[2026-07-29T18:46:26Z]   ✓ GOLF pre-tee: golf_the_open_championship_winner (92 players, +504649m to tee)
[2026-07-29T18:46:26Z]   ✓ GOLF pre-tee: golf_us_open_winner (98 players, +464594m to tee)
[2026-07-29T18:46:26Z]   Total events captured this run: 7
[2026-07-30T09:08:17Z]   ✓ GOLF pre-tee: golf_masters_tournament_winner (97 players, +362992m to tee)
[2026-07-30T09:08:17Z]   ✓ GOLF pre-tee: golf_pga_championship_winner (79 players, +423472m to tee)
[2026-07-30T09:08:17Z]   ✓ GOLF pre-tee: golf_the_open_championship_winner (92 players, +503787m to tee)
[2026-07-30T09:08:17Z]   ✓ GOLF pre-tee: golf_us_open_winner (98 players, +463732m to tee)
[2026-07-30T09:08:17Z]   Total events captured this run: 4
[2026-07-30T11:23:44Z]   ✓ TENNIS_ATP_WASHINGTON_OPEN pre-game captured: Jakub Mensik @ Brandon Nakashima (+216m to start, event 89473e6c)
[2026-07-30T11:23:47Z]   ✓ GOLF pre-tee: golf_masters_tournament_winner (97 players, +362856m to tee)
[2026-07-30T11:23:47Z]   ✓ GOLF pre-tee: golf_pga_championship_winner (79 players, +423336m to tee)
[2026-07-30T11:23:47Z]   ✓ GOLF pre-tee: golf_the_open_championship_winner (92 players, +503651m to tee)
[2026-07-30T11:23:47Z]   ✓ GOLF pre-tee: golf_us_open_winner (98 players, +463596m to tee)
[2026-07-30T11:23:47Z]   Total events captured this run: 5
[2026-07-30T13:11:18Z]   ✓ TENNIS_ATP_WASHINGTON_OPEN pre-game captured: Cruz Hewitt @ Alex de Minaur (+229m to start, event c17e55d9)
[2026-07-30T13:11:18Z]   ✓ TENNIS_WTA_WASHINGTON_OPEN pre-game captured: Anna Kalinskaya @ Janice Tjen (+229m to start, event 025e3cd2)
[2026-07-30T13:11:19Z]   ✓ MLB pre-game captured: Texas Rangers @ Tampa Bay Rays (+180m to start, event a711967b)
[2026-07-30T13:11:23Z]   ✓ GOLF pre-tee: golf_masters_tournament_winner (97 players, +362749m to tee)
[2026-07-30T13:11:23Z]   ✓ GOLF pre-tee: golf_pga_championship_winner (79 players, +423229m to tee)
[2026-07-30T13:11:23Z]   ✓ GOLF pre-tee: golf_the_open_championship_winner (92 players, +503544m to tee)
[2026-07-30T13:11:24Z]   ✓ GOLF pre-tee: golf_us_open_winner (98 players, +463489m to tee)
[2026-07-30T13:11:24Z]   Total events captured this run: 7
[2026-07-30T15:26:59Z]   WARN: only 250 Odds API requests remaining — capture will start failing silently when this hits 0.
[2026-07-30T15:27:00Z]   ✓ TENNIS_WTA_WASHINGTON_OPEN pre-game captured: Magdalena Frech @ Jessica Pegula (+213m to start, event 92982326)
[2026-07-30T15:27:00Z]   ✓ MLB pre-game captured: Kansas City Royals @ Minnesota Twins (+134m to start, event 4ab92653)
[2026-07-30T15:27:00Z]   ✓ MLB pre-game captured: New York Yankees @ Chicago White Sox (+164m to start, event c4f54051)
[2026-07-30T15:27:01Z]   ✓ MLB pre-game captured: Chicago Cubs @ St. Louis Cardinals (+169m to start, event 459ad5aa)
[2026-07-30T15:27:03Z]   ✓ GOLF pre-tee: golf_masters_tournament_winner (97 players, +362613m to tee)
[2026-07-30T15:27:03Z]   ✓ GOLF pre-tee: golf_pga_championship_winner (79 players, +423093m to tee)
[2026-07-30T15:27:03Z]   ✓ GOLF pre-tee: golf_the_open_championship_winner (92 players, +503408m to tee)
[2026-07-30T15:27:04Z]   ✓ GOLF pre-tee: golf_us_open_winner (98 players, +463353m to tee)
[2026-07-30T15:27:04Z]   Total events captured this run: 8
[2026-07-30T17:06:18Z]   WARN: only 181 Odds API requests remaining — capture will start failing silently when this hits 0.
[2026-07-30T17:06:18Z]   ✓ TENNIS_ATP_WASHINGTON_OPEN CLOSING captured: Cruz Hewitt @ Alex de Minaur (+14m to start, event c17e55d9)
[2026-07-30T17:06:19Z]   ✓ TENNIS_ATP_WASHINGTON_OPEN pre-game captured: Alejandro Tabilo @ Terence Atmane (+204m to start, event 03fd4596)
[2026-07-30T17:06:19Z]   ✓ TENNIS_WTA_WASHINGTON_OPEN CLOSING captured: Anna Kalinskaya @ Janice Tjen (+4m to start, event 025e3cd2)
[2026-07-30T17:06:22Z]   ✓ GOLF pre-tee: golf_masters_tournament_winner (97 players, +362514m to tee)
[2026-07-30T17:06:23Z]   ✓ GOLF pre-tee: golf_pga_championship_winner (79 players, +422994m to tee)
[2026-07-30T17:06:23Z]   ✓ GOLF pre-tee: golf_the_open_championship_winner (92 players, +503309m to tee)
[2026-07-30T17:06:23Z]   ✓ GOLF pre-tee: golf_us_open_winner (98 players, +463254m to tee)
[2026-07-30T17:06:23Z]   Total events captured this run: 7
[2026-07-30T18:41:38Z]   WARN: only 158 Odds API requests remaining — capture will start failing silently when this hits 0.
[2026-07-30T18:41:39Z]   ✓ TENNIS_ATP_WASHINGTON_OPEN pre-game captured: Ben Shelton @ Ugo Humbert (+228m to start, event 3986e5ef)
[2026-07-30T18:41:39Z]   ✓ TENNIS_WTA_WASHINGTON_OPEN CLOSING captured: Magdalena Frech @ Jessica Pegula (+18m to start, event 92982326)
[2026-07-30T18:41:40Z]   ✓ TENNIS_WTA_WASHINGTON_OPEN pre-game captured: Anastasia Potapova @ Diana Shnaider (+198m to start, event a656621f)
[2026-07-30T18:41:43Z]   ✓ GOLF pre-tee: golf_masters_tournament_winner (97 players, +362418m to tee)
[2026-07-30T18:41:43Z]   ✓ GOLF pre-tee: golf_pga_championship_winner (79 players, +422898m to tee)
[2026-07-30T18:41:43Z]   ✓ GOLF pre-tee: golf_the_open_championship_winner (92 players, +503213m to tee)
[2026-07-30T18:41:44Z]   ✓ GOLF pre-tee: golf_us_open_winner (98 players, +463158m to tee)
[2026-07-30T18:41:44Z]   Total events captured this run: 7
[2026-07-30T20:07:46Z]   WARN: only 99 Odds API requests remaining — this run may exhaust the budget mid-slate.
[2026-07-30T20:07:47Z]   ✓ TENNIS_WTA_WASHINGTON_OPEN pre-game captured: Elina Svitolina @ Polina Kudermetova (+232m to start, event 454657f5)
[2026-07-30T20:07:47Z]   ✓ MLB pre-game captured: Pittsburgh Pirates @ Cincinnati Reds (+183m to start, event 690922fd)
[2026-07-30T20:07:47Z]   ✓ MLB pre-game captured: Miami Marlins @ New York Mets (+183m to start, event d64f0d06)
[2026-07-30T20:07:48Z]   ✓ MLB pre-game captured: Washington Nationals @ Atlanta Braves (+188m to start, event 9dfef5e1)
[2026-07-30T20:07:49Z]   ✓ GOLF pre-tee: golf_masters_tournament_winner (97 players, +362332m to tee)
[2026-07-30T20:07:49Z]   ✓ GOLF pre-tee: golf_pga_championship_winner (79 players, +422812m to tee)
[2026-07-30T20:07:49Z]   ✓ GOLF pre-tee: golf_the_open_championship_winner (92 players, +503127m to tee)
[2026-07-30T20:07:49Z]   ✓ GOLF pre-tee: golf_us_open_winner (98 players, +463072m to tee)
[2026-07-30T20:07:49Z]   Total events captured this run: 8
[2026-07-30T21:21:08Z]   ✓ TENNIS_ATP_WASHINGTON_OPEN CLOSING captured: Alejandro Tabilo @ Terence Atmane (+9m to start, event 03fd4596)
[2026-07-30T21:21:08Z]   ✓ WNBA pre-game captured: Connecticut Sun @ Chicago Sky (+169m to start, event c1d42f66)
[2026-07-30T21:21:08Z]   ✓ WNBA pre-game captured: Minnesota Lynx @ Toronto Tempo (+169m to start, event ba08696d)
[2026-07-30T21:21:09Z]   ✓ SOCCER_BRAZIL_CAMPEONATO pre-game captured: Cruzeiro @ Coritiba (+189m to start, event 778e839e)
[2026-07-30T21:21:10Z]   ✓ GOLF pre-tee: golf_masters_tournament_winner (97 players, +362259m to tee)
[2026-07-30T21:21:10Z]   ✓ GOLF pre-tee: golf_pga_championship_winner (79 players, +422739m to tee)
[2026-07-30T21:21:10Z]   ✓ GOLF pre-tee: golf_the_open_championship_winner (92 players, +503054m to tee)
[2026-07-30T21:21:10Z]   ✓ GOLF pre-tee: golf_us_open_winner (98 players, +462999m to tee)
[2026-07-30T21:21:10Z]   Total events captured this run: 8
[2026-07-30T22:31:48Z]   ✓ TENNIS_ATP_WASHINGTON_OPEN CLOSING captured: Ben Shelton @ Ugo Humbert (+8m to start, event 3986e5ef)
[2026-07-30T22:31:49Z]   ✓ TENNIS_WTA_WASHINGTON_OPEN CLOSING captured: Anastasia Potapova @ Diana Shnaider (+18m to start, event a656621f)
[2026-07-30T22:31:49Z]   ✓ MLB pre-game captured: Boston Red Sox @ Athletics (+189m to start, event e29b6d58)
[2026-07-30T22:31:50Z]   ✓ MLB pre-game captured: San Francisco Giants @ San Diego Padres (+189m to start, event 58ab19b6)
[2026-07-30T22:31:50Z]   ✓ MLB pre-game captured: Seattle Mariners @ Los Angeles Dodgers (+219m to start, event 443672ce)
[2026-07-30T22:31:51Z]   ✓ WNBA pre-game captured: New York Liberty @ Las Vegas Aces (+218m to start, event 86a42225)
[2026-07-30T22:31:52Z]   ✓ SOCCER_BRAZIL_CAMPEONATO CLOSING captured: Atletico Paranaense @ Corinthians (-2m to start, event 4f68110a)
[2026-07-30T22:31:53Z]   ✓ GOLF pre-tee: golf_masters_tournament_winner (97 players, +362188m to tee)
[2026-07-30T22:31:53Z]   ✓ GOLF pre-tee: golf_pga_championship_winner (79 players, +422668m to tee)
[2026-07-30T22:31:53Z]   ✓ GOLF pre-tee: golf_the_open_championship_winner (92 players, +502983m to tee)
[2026-07-30T22:31:53Z]   ✓ GOLF pre-tee: golf_us_open_winner (98 players, +462928m to tee)
[2026-07-30T22:31:53Z]   Total events captured this run: 11
[2026-07-30T23:36:11Z]   ✓ TENNIS_WTA_WASHINGTON_OPEN CLOSING captured: Elina Svitolina @ Polina Kudermetova (+24m to start, event 454657f5)
[2026-07-30T23:36:13Z]   ✓ GOLF pre-tee: golf_masters_tournament_winner (97 players, +362124m to tee)
[2026-07-30T23:36:13Z]   ✓ GOLF pre-tee: golf_pga_championship_winner (79 players, +422604m to tee)
[2026-07-30T23:36:13Z]   ✓ GOLF pre-tee: golf_the_open_championship_winner (92 players, +502919m to tee)
[2026-07-30T23:36:13Z]   ✓ GOLF pre-tee: golf_us_open_winner (98 players, +462864m to tee)
[2026-07-30T23:36:13Z]   Total events captured this run: 5
[2026-07-31T01:10:24Z]   ✓ TENNIS_WTA_WASHINGTON_OPEN CLOSING captured: Elina Svitolina @ Polina Kudermetova (+10m to start, event 454657f5)
[2026-07-31T01:10:25Z]   ✓ MLB pre-game captured: Boston Red Sox @ Athletics (+31m to start, event e29b6d58)
[2026-07-31T01:10:25Z]   ✓ MLB pre-game captured: San Francisco Giants @ San Diego Padres (+31m to start, event 58ab19b6)
[2026-07-31T01:10:26Z]   ✓ MLB pre-game captured: Seattle Mariners @ Los Angeles Dodgers (+61m to start, event 443672ce)
[2026-07-31T01:10:26Z]   ✓ WNBA pre-game captured: New York Liberty @ Las Vegas Aces (+60m to start, event 86a42225)
[2026-07-31T01:10:28Z]   ✓ GOLF pre-tee: golf_masters_tournament_winner (97 players, +362030m to tee)
[2026-07-31T01:10:28Z]   ✓ GOLF pre-tee: golf_pga_championship_winner (79 players, +422510m to tee)
[2026-07-31T01:10:28Z]   ✓ GOLF pre-tee: golf_the_open_championship_winner (92 players, +502825m to tee)
[2026-07-31T01:10:28Z]   ✓ GOLF pre-tee: golf_us_open_winner (98 players, +462770m to tee)
[2026-07-31T01:10:28Z]   Total events captured this run: 9
[2026-07-31T04:46:56Z]   WARN: only 235 Odds API requests remaining — this run may exhaust the budget mid-slate.
[2026-07-31T04:46:58Z]   ✓ GOLF pre-tee: golf_masters_tournament_winner (97 players, +361813m to tee)
[2026-07-31T04:46:58Z]   ✓ GOLF pre-tee: golf_pga_championship_winner (79 players, +422293m to tee)
[2026-07-31T04:46:58Z]   ✓ GOLF pre-tee: golf_the_open_championship_winner (92 players, +502608m to tee)
[2026-07-31T04:46:58Z]   ✓ GOLF pre-tee: golf_us_open_winner (98 players, +462553m to tee)
[2026-07-31T04:46:58Z]   Total events captured this run: 4
[2026-07-31T07:39:31Z]   ✓ GOLF pre-tee: golf_masters_tournament_winner (97 players, +361640m to tee)
[2026-07-31T07:39:31Z]   ✓ GOLF pre-tee: golf_pga_championship_winner (79 players, +422120m to tee)
[2026-07-31T07:39:31Z]   ✓ GOLF pre-tee: golf_the_open_championship_winner (92 players, +502435m to tee)
[2026-07-31T07:39:31Z]   ✓ GOLF pre-tee: golf_us_open_winner (98 players, +462380m to tee)
[2026-07-31T07:39:31Z]   Total events captured this run: 4
