
══════════════════════════════════════════════════════════════════════
  CAPTIONS — APRIL 17, 2026
  Source: output/picks/baseball_mlb/20260417
══════════════════════════════════════════════════════════════════════

── NRFI / YRFI ───────────────────────────────────────────────────────

Books misprice first innings more than any other market. Here's what we found.

Apr 17 NRFI / YRFI Plays 🎯
━━━━━━━━━━━━━━━
🔒 Kansas City Royals @ New York Yankees — NRFI  proj 53% NRFI
📌 San Diego Padres @ Los Angeles Angels — NRFI  proj 52% NRFI
📌 Chicago White Sox @ Athletics — YRFI  proj 48% NRFI
• Texas Rangers @ Seattle Mariners — YRFI  proj 47% NRFI
• Los Angeles Dodgers @ Colorado Rockies — YRFI  proj 46% NRFI
━━━━━━━━━━━━━━━

Model uses pitcher ERA, K/9 rate, and last 10 starts to project first-inning run probability for both teams. NRFI = neither team scores in the 1st.

Not financial advice. Bet responsibly. 21+

#sportsbetting #mlbpicks #baseballbetting #bettingtips #freepicks #positiveev #kellycriterion #bettingmodel #AIbetting #datadrivenbetting #nrfi #yrfi #firstinning #nrfibets #mlbprops

── MONEYLINE PICKS ───────────────────────────────────────────────────

Sharp money targets for today. Model-verified, book-beatable.

Apr 17 MLB Picks 🔥
━━━━━━━━━━━━━━━
🔒 Atlanta Braves -104 — +12% edge [FanDuel]
📌 Kansas City Royals +145 — +10% edge [BetRivers]
📌 Washington Nationals +138 — +9% edge [FanDuel]
• Cincinnati Reds +155 — +5% edge [BetMGM]
━━━━━━━━━━━━━━━

All picks generated by our ensemble model (XGBoost + Pythagorean). We track every result publicly — link in bio.

Not financial advice. Bet responsibly. 21+

#sportsbetting #mlbpicks #baseballbetting #bettingtips #freepicks #positiveev #kellycriterion #bettingmodel #AIbetting #datadrivenbetting

── PROPS ─────────────────────────────────────────────────────────────

Found some fat lines in today's player props. Model says bet these.

Apr 17 Player Props 🧮
━━━━━━━━━━━━━━━
⚡ Strikeouts:
  • Chris Bassitt UNDER 3.5 Ks (proj 2.5) +108 [DraftKings]
  • Cam Schlittler OVER 5.5 Ks (proj 7.8) -112 [FanDuel]
  • Taijuan Walker OVER 2.5 Ks (proj 4.6) -168 [DraftKings]
━━━━━━━━━━━━━━━

Model projects expected Ks using pitcher K/9 rate, last 10 starts, and opposing lineup OPS. We only post when we find real edge vs the book line.

Full slate in the props card above. Swipe for game picks 👆

Not financial advice. Bet responsibly. 21+

#sportsbetting #mlbpicks #baseballbetting #bettingtips #freepicks #positiveev #kellycriterion #bettingmodel #AIbetting #datadrivenbetting #playerpropbets #propbets #mlbprops #strikeoutprop #nhlpicks

── TOTALS ────────────────────────────────────────────────────────────

Sharp money targets for today. Model-verified, book-beatable.

Apr 17 MLB Picks 🔥
━━━━━━━━━━━━━━━
🔒 OVER 8.0 (Detroit Tigers @ Boston Red Sox) -102 — +2.0 run edge [DraftKings]
📌 UNDER 10.5 (New York Mets @ Chicago Cubs) +108 — +2.7 run edge [FanDuel]
📌 UNDER 9.0 (Chicago White Sox @ Athletics) -102 — +1.6 run edge [DraftKings]
━━━━━━━━━━━━━━━

All picks generated by our ensemble model (XGBoost + Pythagorean). We track every result publicly — link in bio.

Not financial advice. Bet responsibly. 21+

#sportsbetting #mlbpicks #baseballbetting #bettingtips #freepicks #positiveev #kellycriterion #bettingmodel #AIbetting #datadrivenbetting

── RUN LINE ──────────────────────────────────────────────────────────

Sharp money targets for today. Model-verified, book-beatable.

Apr 17 MLB Picks 🔥
━━━━━━━━━━━━━━━
🔒 Colorado Rockies (Los Angeles Dodgers @ Colorado Rockies) +150 — +3.0 run edge [FanDuel]
📌 Texas Rangers (Texas Rangers @ Seattle Mariners) -210 — +2.1 run edge [BetMGM]
📌 Tampa Bay Rays (Tampa Bay Rays @ Pittsburgh Pirates) -181 — +1.9 run edge [DraftKings]
• Baltimore Orioles (Baltimore Orioles @ Cleveland Guardians) -186 — +1.1 run edge [DraftKings]
━━━━━━━━━━━━━━━

All picks generated by our ensemble model (XGBoost + Pythagorean). We track every result publicly — link in bio.

Not financial advice. Bet responsibly. 21+

#sportsbetting #mlbpicks #baseballbetting #bettingtips #freepicks #positiveev #kellycriterion #bettingmodel #AIbetting #datadrivenbetting

══════════════════════════════════════════════════════════════════════
  Cards (PNG): output/picks/baseball_mlb/20260417/*.png
══════════════════════════════════════════════════════════════════════


══════════════════════════════════════════════════════════════════════
  CAPTIONS — APRIL 18, 2026
  Source: output/picks/baseball_mlb/20260418
══════════════════════════════════════════════════════════════════════

── NRFI / YRFI ───────────────────────────────────────────────────────

NRFI bets hit at 42% historically. Model says these games are above that. 📊

Apr 18 NRFI / YRFI Plays 🎯
━━━━━━━━━━━━━━━
🔒 Baltimore Orioles @ Cleveland Guardians — NRFI  proj 52% NRFI
📌 Atlanta Braves @ Philadelphia Phillies — YRFI  proj 50% NRFI
📌 Tampa Bay Rays @ Pittsburgh Pirates — YRFI  proj 48% NRFI
• Kansas City Royals @ New York Yankees — YRFI  proj 46% NRFI
• Cincinnati Reds @ Minnesota Twins — YRFI  proj 44% NRFI
━━━━━━━━━━━━━━━

Model uses pitcher ERA, K/9 rate, and last 10 starts to project first-inning run probability for both teams. NRFI = neither team scores in the 1st.

Not financial advice. Bet responsibly. 21+

#sportsbetting #mlbpicks #baseballbetting #bettingtips #freepicks #baseballpicks #mlbtoday #baseballfan #baseballlife #mlbgames #nrfi #yrfi #firstinning #nrfibets #mlbprops

── MONEYLINE PICKS ───────────────────────────────────────────────────

Today's slate is live. Model flagged these 5 as best value.

Apr 18 MLB Picks 🔥
━━━━━━━━━━━━━━━
🔒 Tampa Bay Rays +140 — +17% edge [BetRivers]
📌 Colorado Rockies +245 — +15% edge [BetRivers]
📌 Chicago White Sox +140 — +10% edge [BetMGM]
• St. Louis Cardinals +124 — +6% edge [FanDuel]
• Minnesota Twins -132 — +4% edge [FanDuel]
━━━━━━━━━━━━━━━

All picks generated by our ensemble model (XGBoost + Pythagorean). We track every result publicly — link in bio.

Not financial advice. Bet responsibly. 21+

#sportsbetting #mlbpicks #baseballbetting #bettingtips #freepicks #baseballpicks #mlbtoday #baseballfan #baseballlife #mlbgames

── PROPS ─────────────────────────────────────────────────────────────

Sportsbooks mispriced these props today. We found them first.

Apr 18 Player Props 🧮
━━━━━━━━━━━━━━━
⚡ Strikeouts:
  • Dean Kremer OVER 4.5 Ks (proj 9.9) +114 [DraftKings]
  • Tarik Skubal UNDER 7.5 Ks (proj 5.2) -125 [BetMGM]
  • Chris Sale UNDER 7.5 Ks (proj 5.5) -125 [BetMGM]
━━━━━━━━━━━━━━━

Model projects expected Ks using pitcher K/9 rate, last 10 starts, and opposing lineup OPS. We only post when we find real edge vs the book line.

Full slate in the props card above. Swipe for game picks 👆

Not financial advice. Bet responsibly. 21+

#sportsbetting #mlbpicks #baseballbetting #bettingtips #freepicks #baseballpicks #mlbtoday #baseballfan #baseballlife #mlbgames #playerpropbets #propbets #mlbprops #strikeoutprop #nhlpicks

── TOTALS ────────────────────────────────────────────────────────────

Today's slate is live. Model flagged these 5 as best value.

Apr 18 MLB Picks 🔥
━━━━━━━━━━━━━━━
🔒 OVER 7.0 (Detroit Tigers @ Boston Red Sox) +100 — +2.8 run edge [BetMGM]
📌 UNDER 9.0 (Toronto Blue Jays @ Arizona Diamondbacks) -105 — +1.9 run edge [DraftKings]
━━━━━━━━━━━━━━━

All picks generated by our ensemble model (XGBoost + Pythagorean). We track every result publicly — link in bio.

Not financial advice. Bet responsibly. 21+

#sportsbetting #mlbpicks #baseballbetting #bettingtips #freepicks #baseballpicks #mlbtoday #baseballfan #baseballlife #mlbgames

── RUN LINE ──────────────────────────────────────────────────────────

Today's slate is live. Model flagged these 5 as best value.

Apr 18 MLB Picks 🔥
━━━━━━━━━━━━━━━
🔒 Atlanta Braves (Atlanta Braves @ Philadelphia Phillies) +168 — +2.0 run edge [DraftKings]
📌 Washington Nationals (San Francisco Giants @ Washington Nationals) -162 — +2.0 run edge [FanDuel]
📌 Los Angeles Angels (San Diego Padres @ Los Angeles Angels) -165 — +1.2 run edge [BetMGM]
• Miami Marlins (Milwaukee Brewers @ Miami Marlins) -183 — +1.5 run edge [DraftKings]
• Chicago Cubs (New York Mets @ Chicago Cubs) -181 — +1.4 run edge [DraftKings]
━━━━━━━━━━━━━━━

All picks generated by our ensemble model (XGBoost + Pythagorean). We track every result publicly — link in bio.

Not financial advice. Bet responsibly. 21+

#sportsbetting #mlbpicks #baseballbetting #bettingtips #freepicks #baseballpicks #mlbtoday #baseballfan #baseballlife #mlbgames

══════════════════════════════════════════════════════════════════════
  Cards (PNG): output/picks/baseball_mlb/20260418/*.png
══════════════════════════════════════════════════════════════════════


══════════════════════════════════════════════════════════════════════
  CAPTIONS — APRIL 19, 2026
  Source: output/picks/baseball_mlb/20260419
══════════════════════════════════════════════════════════════════════

── NRFI / YRFI ───────────────────────────────────────────────────────

First pitch edge. Model projects first-inning run probability for every game.

Apr 19 NRFI / YRFI Plays 🎯
━━━━━━━━━━━━━━━
🔒 Texas Rangers @ Seattle Mariners — YRFI  proj 49% NRFI
📌 Toronto Blue Jays @ Arizona Diamondbacks — YRFI  proj 48% NRFI
📌 Baltimore Orioles @ Cleveland Guardians — YRFI  proj 47% NRFI
• San Diego Padres @ Los Angeles Angels — YRFI  proj 46% NRFI
• San Francisco Giants @ Washington Nationals — YRFI  proj 45% NRFI
━━━━━━━━━━━━━━━

Model uses pitcher ERA, K/9 rate, and last 10 starts to project first-inning run probability for both teams. NRFI = neither team scores in the 1st.

Not financial advice. Bet responsibly. 21+

#sportsbetting #mlbpicks #baseballbetting #bettingtips #freepicks #bettingcommunity #sharpbetting #valuebet #edgebetting #mlbodds #nrfi #yrfi #firstinning #nrfibets #mlbprops

── MONEYLINE PICKS ───────────────────────────────────────────────────

The algorithm doesn't guess. It found edge on these today 📊

Apr 19 MLB Picks 🔥
━━━━━━━━━━━━━━━
🔒 Detroit Tigers +124 — +16% edge [FanDuel]
📌 Colorado Rockies +220 — +12% edge [BetMGM]
📌 Kansas City Royals +138 — +5% edge [BetRivers]
• Texas Rangers +125 — +5% edge [BetMGM]
━━━━━━━━━━━━━━━

All picks generated by our ensemble model (XGBoost + Pythagorean). We track every result publicly — link in bio.

Not financial advice. Bet responsibly. 21+

#sportsbetting #mlbpicks #baseballbetting #bettingtips #freepicks #bettingcommunity #sharpbetting #valuebet #edgebetting #mlbodds

── PROPS ─────────────────────────────────────────────────────────────

Today's player props with model edge — pitcher Ks, hits, and more.

Apr 19 Player Props 🧮
━━━━━━━━━━━━━━━
⚡ Strikeouts:
  • Framber Valdez UNDER 5.5 Ks (proj 3.0) -140 [DraftKings]
  • Kevin Gausman OVER 5.5 Ks (proj 7.7) +115 [BetMGM]
  • Ryan Weathers OVER 5.5 Ks (proj 7.3) +116 [FanDuel]
━━━━━━━━━━━━━━━

Model projects expected Ks using pitcher K/9 rate, last 10 starts, and opposing lineup OPS. We only post when we find real edge vs the book line.

Full slate in the props card above. Swipe for game picks 👆

Not financial advice. Bet responsibly. 21+

#sportsbetting #mlbpicks #baseballbetting #bettingtips #freepicks #bettingcommunity #sharpbetting #valuebet #edgebetting #mlbodds #playerpropbets #propbets #mlbprops #strikeoutprop #nhlpicks

── TOTALS ────────────────────────────────────────────────────────────

The algorithm doesn't guess. It found edge on these today 📊

Apr 19 MLB Picks 🔥
━━━━━━━━━━━━━━━
🔒 OVER 8.0 (New York Mets @ Chicago Cubs) +105 — +2.9 run edge [Hard Rock Bet]
📌 UNDER 9.5 (Chicago White Sox @ Athletics) -104 — +2.1 run edge [FanDuel]
━━━━━━━━━━━━━━━

All picks generated by our ensemble model (XGBoost + Pythagorean). We track every result publicly — link in bio.

Not financial advice. Bet responsibly. 21+

#sportsbetting #mlbpicks #baseballbetting #bettingtips #freepicks #bettingcommunity #sharpbetting #valuebet #edgebetting #mlbodds

── RUN LINE ──────────────────────────────────────────────────────────

The algorithm doesn't guess. It found edge on these today 📊

Apr 19 MLB Picks 🔥
━━━━━━━━━━━━━━━
🔒 Atlanta Braves (Atlanta Braves @ Philadelphia Phillies) +165 — +2.6 run edge [BetMGM]
📌 Pittsburgh Pirates (Tampa Bay Rays @ Pittsburgh Pirates) -181 — +2.5 run edge [DraftKings]
📌 St. Louis Cardinals (St. Louis Cardinals @ Houston Astros) -168 — +1.8 run edge [DraftKings]
• Los Angeles Angels (San Diego Padres @ Los Angeles Angels) -171 — +1.3 run edge [DraftKings]
• Arizona Diamondbacks (Toronto Blue Jays @ Arizona Diamondbacks) -182 — +1.6 run edge [Bally Bet]
━━━━━━━━━━━━━━━

All picks generated by our ensemble model (XGBoost + Pythagorean). We track every result publicly — link in bio.

Not financial advice. Bet responsibly. 21+

#sportsbetting #mlbpicks #baseballbetting #bettingtips #freepicks #bettingcommunity #sharpbetting #valuebet #edgebetting #mlbodds

══════════════════════════════════════════════════════════════════════
  Cards (PNG): output/picks/baseball_mlb/20260419/*.png
══════════════════════════════════════════════════════════════════════


══════════════════════════════════════════════════════════════════════
  CAPTIONS — APRIL 20, 2026
  Source: output/picks/baseball_mlb/20260420
══════════════════════════════════════════════════════════════════════

── NRFI / YRFI ───────────────────────────────────────────────────────

The sharp play on first innings — NRFI or YRFI, model picks the edge side.

Apr 20 NRFI / YRFI Plays 🎯
━━━━━━━━━━━━━━━
🔒 Toronto Blue Jays @ Los Angeles Angels — NRFI  proj 51% NRFI
📌 Houston Astros @ Cleveland Guardians — YRFI  proj 48% NRFI
📌 Athletics @ Seattle Mariners — YRFI  proj 46% NRFI
• Atlanta Braves @ Washington Nationals — YRFI  proj 45% NRFI
• Baltimore Orioles @ Kansas City Royals — YRFI  proj 45% NRFI
━━━━━━━━━━━━━━━

Model uses pitcher ERA, K/9 rate, and last 10 starts to project first-inning run probability for both teams. NRFI = neither team scores in the 1st.

Not financial advice. Bet responsibly. 21+

#sportsbetting #mlbpicks #baseballbetting #bettingtips #freepicks #bettingcommunity #sharpbetting #valuebet #edgebetting #mlbodds #nrfi #yrfi #firstinning #nrfibets #mlbprops

── MONEYLINE PICKS ───────────────────────────────────────────────────

Free picks for today's MLB slate. Backed by data, not feelings.

Apr 20 MLB Picks 🔥
━━━━━━━━━━━━━━━
🔒 Colorado Rockies +200 — +8% edge [Fliff]
📌 Cincinnati Reds +105 — +5% edge [theScore Bet]
━━━━━━━━━━━━━━━

All picks generated by our ensemble model (XGBoost + Pythagorean). We track every result publicly — link in bio.

Not financial advice. Bet responsibly. 21+

#sportsbetting #mlbpicks #baseballbetting #bettingtips #freepicks #bettingcommunity #sharpbetting #valuebet #edgebetting #mlbodds

── PROPS ─────────────────────────────────────────────────────────────

Props slate for today. AI projected vs book line, pick the overs.

Apr 20 Player Props 🧮
━━━━━━━━━━━━━━━
⚡ Strikeouts:
  • Spencer Arrighetti OVER 5.5 Ks (proj 9.2) +120 [BetMGM]
  • Jake Irvin OVER 3.5 Ks (proj 6.1) -132 [FanDuel]
  • Bryce Elder OVER 4.5 Ks (proj 5.5) +132 [DraftKings]
━━━━━━━━━━━━━━━

Model projects expected Ks using pitcher K/9 rate, last 10 starts, and opposing lineup OPS. We only post when we find real edge vs the book line.

Full slate in the props card above. Swipe for game picks 👆

Not financial advice. Bet responsibly. 21+

#sportsbetting #mlbpicks #baseballbetting #bettingtips #freepicks #bettingcommunity #sharpbetting #valuebet #edgebetting #mlbodds #playerpropbets #propbets #mlbprops #strikeoutprop #nhlpicks

── TOTALS ────────────────────────────────────────────────────────────

Free picks for today's MLB slate. Backed by data, not feelings.

Apr 20 MLB Picks 🔥
━━━━━━━━━━━━━━━
🔒 OVER 8.0 (Atlanta Braves @ Washington Nationals) +105 — +2.4 run edge [theScore Bet]
📌 OVER 7.5 (Houston Astros @ Cleveland Guardians) +102 — +2.9 run edge [DraftKings]
━━━━━━━━━━━━━━━

All picks generated by our ensemble model (XGBoost + Pythagorean). We track every result publicly — link in bio.

Not financial advice. Bet responsibly. 21+

#sportsbetting #mlbpicks #baseballbetting #bettingtips #freepicks #bettingcommunity #sharpbetting #valuebet #edgebetting #mlbodds

── RUN LINE ──────────────────────────────────────────────────────────

Free picks for today's MLB slate. Backed by data, not feelings.

Apr 20 MLB Picks 🔥
━━━━━━━━━━━━━━━
🔒 Chicago Cubs (Philadelphia Phillies @ Chicago Cubs) -183 — +3.0 run edge [DraftKings]
📌 St. Louis Cardinals (St. Louis Cardinals @ Miami Marlins) -180 — +2.0 run edge [theScore Bet]
📌 Kansas City Royals (Baltimore Orioles @ Kansas City Royals) -162 — +2.5 run edge [Bally Bet]
• Los Angeles Angels (Toronto Blue Jays @ Los Angeles Angels) -165 — +1.4 run edge [theScore Bet]
• Athletics (Athletics @ Seattle Mariners) -160 — +1.0 run edge [Hard Rock Bet]
━━━━━━━━━━━━━━━

All picks generated by our ensemble model (XGBoost + Pythagorean). We track every result publicly — link in bio.

Not financial advice. Bet responsibly. 21+

#sportsbetting #mlbpicks #baseballbetting #bettingtips #freepicks #bettingcommunity #sharpbetting #valuebet #edgebetting #mlbodds

══════════════════════════════════════════════════════════════════════
  Cards (PNG): output/picks/baseball_mlb/20260420/*.png
══════════════════════════════════════════════════════════════════════


══════════════════════════════════════════════════════════════════════
  CAPTIONS — APRIL 21, 2026
  Source: output/picks/baseball_mlb/20260421
══════════════════════════════════════════════════════════════════════

── NRFI / YRFI ───────────────────────────────────────────────────────

Starting pitcher K/9 and ERA point to these first-inning plays today.

Apr 21 NRFI / YRFI Plays 🎯
━━━━━━━━━━━━━━━
🔒 Los Angeles Dodgers @ San Francisco Giants — YRFI  proj 49% NRFI
📌 Atlanta Braves @ Washington Nationals — YRFI  proj 47% NRFI
📌 Pittsburgh Pirates @ Texas Rangers — YRFI  proj 46% NRFI
• Cincinnati Reds @ Tampa Bay Rays — YRFI  proj 46% NRFI
• San Diego Padres @ Colorado Rockies — YRFI  proj 46% NRFI
━━━━━━━━━━━━━━━

Model uses pitcher ERA, K/9 rate, and last 10 starts to project first-inning run probability for both teams. NRFI = neither team scores in the 1st.

Not financial advice. Bet responsibly. 21+

#sportsbetting #mlbpicks #baseballbetting #bettingtips #freepicks #positiveev #kellycriterion #bettingmodel #AIbetting #datadrivenbetting #nrfi #yrfi #firstinning #nrfibets #mlbprops

── MONEYLINE PICKS ───────────────────────────────────────────────────

Model just finished processing today's lines. Here's the output:

Apr 21 MLB Picks 🔥
━━━━━━━━━━━━━━━
🔒 Chicago Cubs -124 — +7% edge [Bally Bet]
📌 Athletics +140 — +7% edge [FanDuel]
📌 Minnesota Twins +150 — +7% edge [Bally Bet]
• Chicago White Sox +135 — +5% edge [theScore Bet]
• Cincinnati Reds -110 — +4% edge [Bally Bet]
━━━━━━━━━━━━━━━

All picks generated by our ensemble model (XGBoost + Pythagorean). We track every result publicly — link in bio.

Not financial advice. Bet responsibly. 21+

#sportsbetting #mlbpicks #baseballbetting #bettingtips #freepicks #positiveev #kellycriterion #bettingmodel #AIbetting #datadrivenbetting

── PROPS ─────────────────────────────────────────────────────────────

The props market moves slower than moneylines. That's where edge hides.

Apr 21 Player Props 🧮
━━━━━━━━━━━━━━━
⚡ Strikeouts:
  • Ryan Weiss OVER 3.5 Ks (proj 7.0) +123 [DraftKings]
  • Simeon Woods Richardson UNDER 4.5 Ks (proj 3.0) -154 [FanDuel]
  • Shota Imanaga OVER 6.5 Ks (proj 7.7) +116 [FanDuel]
━━━━━━━━━━━━━━━

Model projects expected Ks using pitcher K/9 rate, last 10 starts, and opposing lineup OPS. We only post when we find real edge vs the book line.

Full slate in the props card above. Swipe for game picks 👆

Not financial advice. Bet responsibly. 21+

#sportsbetting #mlbpicks #baseballbetting #bettingtips #freepicks #positiveev #kellycriterion #bettingmodel #AIbetting #datadrivenbetting #playerpropbets #propbets #mlbprops #strikeoutprop #nhlpicks

── TOTALS ────────────────────────────────────────────────────────────

Model just finished processing today's lines. Here's the output:

Apr 21 MLB Picks 🔥
━━━━━━━━━━━━━━━
🔒 OVER 8.5 (Atlanta Braves @ Washington Nationals) -105 — +1.9 run edge [DraftKings]
📌 UNDER 9.0 (Baltimore Orioles @ Kansas City Royals) +110 — +1.8 run edge [theScore Bet]
━━━━━━━━━━━━━━━

All picks generated by our ensemble model (XGBoost + Pythagorean). We track every result publicly — link in bio.

Not financial advice. Bet responsibly. 21+

#sportsbetting #mlbpicks #baseballbetting #bettingtips #freepicks #positiveev #kellycriterion #bettingmodel #AIbetting #datadrivenbetting

── RUN LINE ──────────────────────────────────────────────────────────

Model just finished processing today's lines. Here's the output:

Apr 21 MLB Picks 🔥
━━━━━━━━━━━━━━━
🔒 Pittsburgh Pirates (Pittsburgh Pirates @ Texas Rangers) +165 — +2.5 run edge [theScore Bet]
📌 Los Angeles Angels (Toronto Blue Jays @ Los Angeles Angels) -174 — +2.2 run edge [DraftKings]
📌 Detroit Tigers (Milwaukee Brewers @ Detroit Tigers) -179 — +1.3 run edge [DraftKings]
• Miami Marlins (St. Louis Cardinals @ Miami Marlins) -185 — +1.3 run edge [DraftKings]
• Boston Red Sox (New York Yankees @ Boston Red Sox) +168 — +1.0 run edge [FanDuel]
━━━━━━━━━━━━━━━

All picks generated by our ensemble model (XGBoost + Pythagorean). We track every result publicly — link in bio.

Not financial advice. Bet responsibly. 21+

#sportsbetting #mlbpicks #baseballbetting #bettingtips #freepicks #positiveev #kellycriterion #bettingmodel #AIbetting #datadrivenbetting

══════════════════════════════════════════════════════════════════════
  Cards (PNG): output/picks/baseball_mlb/20260421/*.png
══════════════════════════════════════════════════════════════════════


══════════════════════════════════════════════════════════════════════
  CAPTIONS — APRIL 22, 2026
  Source: output/picks/baseball_mlb/20260422
══════════════════════════════════════════════════════════════════════

── NRFI / YRFI ───────────────────────────────────────────────────────

First inning is where the edge is. Model found these NRFI/YRFI plays 🔒

Apr 22 NRFI / YRFI Plays 🎯
━━━━━━━━━━━━━━━
🔒 Athletics @ Seattle Mariners — NRFI  proj 67% NRFI
📌 Milwaukee Brewers @ Detroit Tigers — NRFI  proj 67% NRFI
📌 New York Yankees @ Boston Red Sox — NRFI  proj 67% NRFI
• Minnesota Twins @ New York Mets — NRFI  proj 67% NRFI
• Philadelphia Phillies @ Chicago Cubs — NRFI  proj 67% NRFI
━━━━━━━━━━━━━━━

Model uses pitcher ERA, K/9 rate, and last 10 starts to project first-inning run probability for both teams. NRFI = neither team scores in the 1st.

Not financial advice. Bet responsibly. 21+

#sportsbetting #mlbpicks #baseballbetting #bettingtips #freepicks #baseballpicks #mlbtoday #baseballfan #baseballlife #mlbgames #nrfi #yrfi #firstinning #nrfibets #mlbprops

── MONEYLINE PICKS ───────────────────────────────────────────────────

The model ran all night. Here's what it found 👇

Apr 22 MLB Picks 🔥
━━━━━━━━━━━━━━━
🔒 Athletics +164 — +13% edge [FanDuel]
📌 Minnesota Twins +135 — +7% edge [DraftKings]
📌 Chicago White Sox +135 — +4% edge [Hard Rock Bet]
• Los Angeles Angels -145 — +3% edge [BetMGM]
━━━━━━━━━━━━━━━

All picks generated by our ensemble model (XGBoost + Pythagorean). We track every result publicly — link in bio.

Not financial advice. Bet responsibly. 21+

#sportsbetting #mlbpicks #baseballbetting #bettingtips #freepicks #baseballpicks #mlbtoday #baseballfan #baseballlife #mlbgames

── PROPS ─────────────────────────────────────────────────────────────

Props sheet is up. These pitcher & batter lines have real edge 🎯

Apr 22 Player Props 🧮
━━━━━━━━━━━━━━━
⚡ Strikeouts:
  • Matthew Boyd OVER 5.5 Ks (proj 10.3) +118 [FanDuel]
  • Chad Patrick UNDER 4.5 Ks (proj 2.6) -158 [FanDuel]
  • Chris Bassitt UNDER 3.5 Ks (proj 2.4) -112 [FanDuel]
━━━━━━━━━━━━━━━

Model projects expected Ks using pitcher K/9 rate, last 10 starts, and opposing lineup OPS. We only post when we find real edge vs the book line.

Full slate in the props card above. Swipe for game picks 👆

Not financial advice. Bet responsibly. 21+

#sportsbetting #mlbpicks #baseballbetting #bettingtips #freepicks #baseballpicks #mlbtoday #baseballfan #baseballlife #mlbgames #playerpropbets #propbets #mlbprops #strikeoutprop #nhlpicks

── TOTALS ────────────────────────────────────────────────────────────

The model ran all night. Here's what it found 👇

Apr 22 MLB Picks 🔥
━━━━━━━━━━━━━━━
🔒 OVER 9.0 (Atlanta Braves @ Washington Nationals) +110 — +2.9 run edge [Fliff]
📌 UNDER 12.5 (San Diego Padres @ Colorado Rockies) -102 — +2.6 run edge [FanDuel]
📌 OVER 7.5 (Pittsburgh Pirates @ Texas Rangers) +100 — +1.7 run edge [FanDuel]
• OVER 7.5 (New York Yankees @ Boston Red Sox) -115 — +1.6 run edge [FanDuel]
• UNDER 9.5 (Baltimore Orioles @ Kansas City Royals) -105 — +2.1 run edge [FanDuel]
━━━━━━━━━━━━━━━

All picks generated by our ensemble model (XGBoost + Pythagorean). We track every result publicly — link in bio.

Not financial advice. Bet responsibly. 21+

#sportsbetting #mlbpicks #baseballbetting #bettingtips #freepicks #baseballpicks #mlbtoday #baseballfan #baseballlife #mlbgames

── RUN LINE ──────────────────────────────────────────────────────────

The model ran all night. Here's what it found 👇

Apr 22 MLB Picks 🔥
━━━━━━━━━━━━━━━
🔒 Milwaukee Brewers (Milwaukee Brewers @ Detroit Tigers) -184 — +2.4 run edge [FanDuel]
📌 Los Angeles Dodgers (Los Angeles Dodgers @ San Francisco Giants) -122 — +1.4 run edge [FanDuel]
━━━━━━━━━━━━━━━

All picks generated by our ensemble model (XGBoost + Pythagorean). We track every result publicly — link in bio.

Not financial advice. Bet responsibly. 21+

#sportsbetting #mlbpicks #baseballbetting #bettingtips #freepicks #baseballpicks #mlbtoday #baseballfan #baseballlife #mlbgames

══════════════════════════════════════════════════════════════════════
  Cards (PNG): output/picks/baseball_mlb/20260422/*.png
══════════════════════════════════════════════════════════════════════


══════════════════════════════════════════════════════════════════════
  CAPTIONS — APRIL 24, 2026
  Source: output/picks/baseball_mlb/20260424
══════════════════════════════════════════════════════════════════════

── NRFI / YRFI ───────────────────────────────────────────────────────

NRFI bets hit at 42% historically. Model says these games are above that. 📊

Apr 24 NRFI / YRFI Plays 🎯
━━━━━━━━━━━━━━━
🔒 Minnesota Twins @ Tampa Bay Rays — NRFI  proj 67% NRFI
📌 Philadelphia Phillies @ Atlanta Braves — NRFI  proj 67% NRFI
📌 Pittsburgh Pirates @ Milwaukee Brewers — NRFI  proj 67% NRFI
• Seattle Mariners @ St. Louis Cardinals — NRFI  proj 65% NRFI
• New York Yankees @ Houston Astros — NRFI  proj 64% NRFI
━━━━━━━━━━━━━━━

Model uses pitcher ERA, K/9 rate, and last 10 starts to project first-inning run probability for both teams. NRFI = neither team scores in the 1st.

Not financial advice. Bet responsibly. 21+

#sportsbetting #mlbpicks #baseballbetting #bettingtips #freepicks #positiveev #kellycriterion #bettingmodel #AIbetting #datadrivenbetting #nrfi #yrfi #firstinning #nrfibets #mlbprops

── MONEYLINE PICKS ───────────────────────────────────────────────────

Dropping today's picks. Model found +EV on these lines 🔒

Apr 24 MLB Picks 🔥
━━━━━━━━━━━━━━━
🔒 Chicago Cubs +140 — +11% edge [FanDuel]
📌 Miami Marlins -112 — +9% edge [FanDuel]
📌 Cleveland Guardians -125 — +8% edge [BetMGM]
• Colorado Rockies +188 — +8% edge [FanDuel]
• Chicago White Sox -125 — +5% edge [theScore Bet]
━━━━━━━━━━━━━━━

All picks generated by our ensemble model (XGBoost + Pythagorean). We track every result publicly — link in bio.

Not financial advice. Bet responsibly. 21+

#sportsbetting #mlbpicks #baseballbetting #bettingtips #freepicks #positiveev #kellycriterion #bettingmodel #AIbetting #datadrivenbetting

── PROPS ─────────────────────────────────────────────────────────────

Sportsbooks mispriced these props today. We found them first.

Apr 24 Player Props 🧮
━━━━━━━━━━━━━━━
⚡ Strikeouts:
  • Brandon Young UNDER 3.5 Ks (proj 2.2) +102 [FanDuel]
  • Framber Valdez UNDER 5.5 Ks (proj 3.7) -110 [BetMGM]
  • Gavin Williams OVER 5.5 Ks (proj 7.5) +109 [DraftKings]
━━━━━━━━━━━━━━━

Model projects expected Ks using pitcher K/9 rate, last 10 starts, and opposing lineup OPS. We only post when we find real edge vs the book line.

Full slate in the props card above. Swipe for game picks 👆

Not financial advice. Bet responsibly. 21+

#sportsbetting #mlbpicks #baseballbetting #bettingtips #freepicks #positiveev #kellycriterion #bettingmodel #AIbetting #datadrivenbetting #playerpropbets #propbets #mlbprops #strikeoutprop #nhlpicks

── TOTALS ────────────────────────────────────────────────────────────

Dropping today's picks. Model found +EV on these lines 🔒

Apr 24 MLB Picks 🔥
━━━━━━━━━━━━━━━
🔒 OVER 9.0 (New York Yankees @ Houston Astros) -102 — +2.5 run edge [FanDuel]
━━━━━━━━━━━━━━━

All picks generated by our ensemble model (XGBoost + Pythagorean). We track every result publicly — link in bio.

Not financial advice. Bet responsibly. 21+

#sportsbetting #mlbpicks #baseballbetting #bettingtips #freepicks #positiveev #kellycriterion #bettingmodel #AIbetting #datadrivenbetting

── RUN LINE ──────────────────────────────────────────────────────────

Dropping today's picks. Model found +EV on these lines 🔒

Apr 24 MLB Picks 🔥
━━━━━━━━━━━━━━━
🔒 Minnesota Twins (Minnesota Twins @ Tampa Bay Rays) +175 — +2.7 run edge [Bally Bet]
📌 Milwaukee Brewers (Pittsburgh Pirates @ Milwaukee Brewers) -157 — +1.7 run edge [Bally Bet]
📌 Kansas City Royals (Los Angeles Angels @ Kansas City Royals) -184 — +1.0 run edge [FanDuel]
• St. Louis Cardinals (Seattle Mariners @ St. Louis Cardinals) -130 — +0.8 run edge [FanDuel]
• Athletics (Athletics @ Texas Rangers) -165 — +0.9 run edge [theScore Bet]
━━━━━━━━━━━━━━━

All picks generated by our ensemble model (XGBoost + Pythagorean). We track every result publicly — link in bio.

Not financial advice. Bet responsibly. 21+

#sportsbetting #mlbpicks #baseballbetting #bettingtips #freepicks #positiveev #kellycriterion #bettingmodel #AIbetting #datadrivenbetting

══════════════════════════════════════════════════════════════════════
  Cards (PNG): output/picks/baseball_mlb/20260424/*.png
══════════════════════════════════════════════════════════════════════


══════════════════════════════════════════════════════════════════════
  CAPTIONS — APRIL 25, 2026
  Source: output/picks/baseball_mlb/20260425
══════════════════════════════════════════════════════════════════════

── NRFI / YRFI ───────────────────────────────────────────────────────

First pitch edge. Model projects first-inning run probability for every game.

Apr 25 NRFI / YRFI Plays 🎯
━━━━━━━━━━━━━━━
🔒 Cleveland Guardians @ Toronto Blue Jays — NRFI -120 proj 67% NRFI
📌 Miami Marlins @ San Francisco Giants — NRFI -120 proj 67% NRFI
📌 Athletics @ Texas Rangers — NRFI -120 proj 67% NRFI
• Pittsburgh Pirates @ Milwaukee Brewers — NRFI -120 proj 67% NRFI
• Philadelphia Phillies @ Atlanta Braves — NRFI -120 proj 67% NRFI
━━━━━━━━━━━━━━━

Model uses pitcher ERA, K/9 rate, and last 10 starts to project first-inning run probability for both teams. NRFI = neither team scores in the 1st.

Not financial advice. Bet responsibly. 21+

#sportsbetting #mlbpicks #baseballbetting #bettingtips #freepicks #baseballpicks #mlbtoday #baseballfan #baseballlife #mlbgames #nrfi #yrfi #firstinning #nrfibets #mlbprops

── MONEYLINE PICKS ───────────────────────────────────────────────────

Sharp money targets for today. Model-verified, book-beatable.

Apr 25 MLB Picks 🔥
━━━━━━━━━━━━━━━
🔒 Los Angeles Angels +135 — +18% edge [BetMGM]
📌 Atlanta Braves -125 — +11% edge [Hard Rock Bet]
📌 Washington Nationals +128 — +9% edge [Bally Bet]
• Detroit Tigers -110 — +7% edge [FanDuel]
• Cleveland Guardians +125 — +5% edge [Hard Rock Bet]
━━━━━━━━━━━━━━━

All picks generated by our ensemble model (XGBoost + Pythagorean). We track every result publicly — link in bio.

Not financial advice. Bet responsibly. 21+

#sportsbetting #mlbpicks #baseballbetting #bettingtips #freepicks #baseballpicks #mlbtoday #baseballfan #baseballlife #mlbgames

── PROPS ─────────────────────────────────────────────────────────────

Today's player props with model edge — pitcher Ks, hits, and more.

Apr 25 Player Props 🧮
━━━━━━━━━━━━━━━
⚡ Strikeouts:
  • Walbert Urena OVER 3.5 Ks (proj 7.6) -111 [DraftKings]
  • Zack Wheeler UNDER 5.5 Ks (proj 2.8) -145 [DraftKings]
  • Joey Cantillo OVER 4.5 Ks (proj 6.8) +103 [DraftKings]
━━━━━━━━━━━━━━━

Model projects expected Ks using pitcher K/9 rate, last 10 starts, and opposing lineup OPS. We only post when we find real edge vs the book line.

Full slate in the props card above. Swipe for game picks 👆

Not financial advice. Bet responsibly. 21+

#sportsbetting #mlbpicks #baseballbetting #bettingtips #freepicks #baseballpicks #mlbtoday #baseballfan #baseballlife #mlbgames #playerpropbets #propbets #mlbprops #strikeoutprop #nhlpicks

── TOTALS ────────────────────────────────────────────────────────────

Sharp money targets for today. Model-verified, book-beatable.

Apr 25 MLB Picks 🔥
━━━━━━━━━━━━━━━
🔒 OVER 9.0 (New York Yankees @ Houston Astros) +105 — +2.5 run edge [theScore Bet]
━━━━━━━━━━━━━━━

All picks generated by our ensemble model (XGBoost + Pythagorean). We track every result publicly — link in bio.

Not financial advice. Bet responsibly. 21+

#sportsbetting #mlbpicks #baseballbetting #bettingtips #freepicks #baseballpicks #mlbtoday #baseballfan #baseballlife #mlbgames

── RUN LINE ──────────────────────────────────────────────────────────

Sharp money targets for today. Model-verified, book-beatable.

Apr 25 MLB Picks 🔥
━━━━━━━━━━━━━━━
🔒 Chicago Cubs (Chicago Cubs @ Los Angeles Dodgers) -165 — +2.9 run edge [Hard Rock Bet]
📌 Minnesota Twins (Minnesota Twins @ Tampa Bay Rays) -184 — +2.4 run edge [FanDuel]
📌 Athletics (Athletics @ Texas Rangers) -184 — +1.7 run edge [FanDuel]
• St. Louis Cardinals (Seattle Mariners @ St. Louis Cardinals) -136 — +1.1 run edge [DraftKings]
• San Francisco Giants (Miami Marlins @ San Francisco Giants) -188 — +1.4 run edge [DraftKings]
━━━━━━━━━━━━━━━

All picks generated by our ensemble model (XGBoost + Pythagorean). We track every result publicly — link in bio.

Not financial advice. Bet responsibly. 21+

#sportsbetting #mlbpicks #baseballbetting #bettingtips #freepicks #baseballpicks #mlbtoday #baseballfan #baseballlife #mlbgames

══════════════════════════════════════════════════════════════════════
  Cards (PNG): output/picks/baseball_mlb/20260425/*.png
══════════════════════════════════════════════════════════════════════


══════════════════════════════════════════════════════════════════════
  CAPTIONS — APRIL 26, 2026
  Source: output/picks/baseball_mlb/20260426
══════════════════════════════════════════════════════════════════════

── NRFI / YRFI ───────────────────────────────────────────────────────

The sharp play on first innings — NRFI or YRFI, model picks the edge side.

Apr 26 NRFI / YRFI Plays 🎯
━━━━━━━━━━━━━━━
🔒 Boston Red Sox @ Baltimore Orioles — NRFI -120 proj 67% NRFI
📌 Detroit Tigers @ Cincinnati Reds — NRFI -120 proj 67% NRFI
📌 Washington Nationals @ Chicago White Sox — NRFI -120 proj 67% NRFI
• Pittsburgh Pirates @ Milwaukee Brewers — NRFI -120 proj 67% NRFI
• Athletics @ Texas Rangers — NRFI -120 proj 67% NRFI
━━━━━━━━━━━━━━━

Model uses pitcher ERA, K/9 rate, and last 10 starts to project first-inning run probability for both teams. NRFI = neither team scores in the 1st.

Not financial advice. Bet responsibly. 21+

#sportsbetting #mlbpicks #baseballbetting #bettingtips #freepicks #bettingcommunity #sharpbetting #valuebet #edgebetting #mlbodds #nrfi #yrfi #firstinning #nrfibets #mlbprops

── MONEYLINE PICKS ───────────────────────────────────────────────────

Today's slate is live. Model flagged these 5 as best value.

Apr 26 MLB Picks 🔥
━━━━━━━━━━━━━━━
🔒 San Diego Padres -130 — +8% edge [theScore Bet]
📌 Philadelphia Phillies +185 — +4% edge [BetMGM]
━━━━━━━━━━━━━━━

All picks generated by our ensemble model (XGBoost + Pythagorean). We track every result publicly — link in bio.

Not financial advice. Bet responsibly. 21+

#sportsbetting #mlbpicks #baseballbetting #bettingtips #freepicks #bettingcommunity #sharpbetting #valuebet #edgebetting #mlbodds

── PROPS ─────────────────────────────────────────────────────────────

Props slate for today. AI projected vs book line, pick the overs.

Apr 26 Player Props 🧮
━━━━━━━━━━━━━━━
⚡ Strikeouts:
  • Ryne Nelson OVER 3.5 Ks (proj 5.7) +138 [FanDuel]
  • Justin Wrobleski UNDER 3.5 Ks (proj 2.1) +104 [FanDuel]
  • Max Meyer OVER 4.5 Ks (proj 6.3) +107 [DraftKings]
━━━━━━━━━━━━━━━

Model projects expected Ks using pitcher K/9 rate, last 10 starts, and opposing lineup OPS. We only post when we find real edge vs the book line.

Full slate in the props card above. Swipe for game picks 👆

Not financial advice. Bet responsibly. 21+

#sportsbetting #mlbpicks #baseballbetting #bettingtips #freepicks #bettingcommunity #sharpbetting #valuebet #edgebetting #mlbodds #playerpropbets #propbets #mlbprops #strikeoutprop #nhlpicks

── TOTALS ────────────────────────────────────────────────────────────

Today's slate is live. Model flagged these 5 as best value.

Apr 26 MLB Picks 🔥
━━━━━━━━━━━━━━━
🔒 OVER 9.5 (New York Yankees @ Houston Astros) -109 — +1.8 run edge [Bally Bet]
📌 OVER 7.5 (Washington Nationals @ Chicago White Sox) +100 — +1.8 run edge [theScore Bet]
━━━━━━━━━━━━━━━

All picks generated by our ensemble model (XGBoost + Pythagorean). We track every result publicly — link in bio.

Not financial advice. Bet responsibly. 21+

#sportsbetting #mlbpicks #baseballbetting #bettingtips #freepicks #bettingcommunity #sharpbetting #valuebet #edgebetting #mlbodds

── RUN LINE ──────────────────────────────────────────────────────────

Today's slate is live. Model flagged these 5 as best value.

Apr 26 MLB Picks 🔥
━━━━━━━━━━━━━━━
🔒 Colorado Rockies (Colorado Rockies @ New York Mets) -113 — +2.9 run edge [DraftKings]
📌 Boston Red Sox (Boston Red Sox @ Baltimore Orioles) -180 — +1.9 run edge [Hard Rock Bet]
📌 Kansas City Royals (Los Angeles Angels @ Kansas City Royals) -200 — +2.5 run edge [BetMGM]
• Pittsburgh Pirates (Pittsburgh Pirates @ Milwaukee Brewers) +175 — +1.4 run edge [BetRivers]
• Cincinnati Reds (Detroit Tigers @ Cincinnati Reds) -169 — +1.2 run edge [DraftKings]
━━━━━━━━━━━━━━━

All picks generated by our ensemble model (XGBoost + Pythagorean). We track every result publicly — link in bio.

Not financial advice. Bet responsibly. 21+

#sportsbetting #mlbpicks #baseballbetting #bettingtips #freepicks #bettingcommunity #sharpbetting #valuebet #edgebetting #mlbodds

══════════════════════════════════════════════════════════════════════
  Cards (PNG): output/picks/baseball_mlb/20260426/*.png
══════════════════════════════════════════════════════════════════════


══════════════════════════════════════════════════════════════════════
  CAPTIONS — APRIL 27, 2026
  Source: output/picks/baseball_mlb/20260427
══════════════════════════════════════════════════════════════════════

── NRFI / YRFI ───────────────────────────────────────────────────────

Starting pitcher K/9 and ERA point to these first-inning plays today.

Apr 27 NRFI / YRFI Plays 🎯
━━━━━━━━━━━━━━━
🔒 Chicago Cubs @ San Diego Padres — NRFI -120 proj 67% NRFI
📌 New York Yankees @ Texas Rangers — NRFI -120 proj 67% NRFI
📌 Tampa Bay Rays @ Cleveland Guardians — NRFI -120 proj 66% NRFI
• Boston Red Sox @ Toronto Blue Jays — NRFI -120 proj 66% NRFI
• Seattle Mariners @ Minnesota Twins — NRFI -120 proj 66% NRFI
━━━━━━━━━━━━━━━

Model uses pitcher ERA, K/9 rate, and last 10 starts to project first-inning run probability for both teams. NRFI = neither team scores in the 1st.

Not financial advice. Bet responsibly. 21+

#sportsbetting #mlbpicks #baseballbetting #bettingtips #freepicks #bettingcommunity #sharpbetting #valuebet #edgebetting #mlbodds #nrfi #yrfi #firstinning #nrfibets #mlbprops

── MONEYLINE PICKS ───────────────────────────────────────────────────

The algorithm doesn't guess. It found edge on these today 📊

Apr 27 MLB Picks 🔥
━━━━━━━━━━━━━━━
🔒 Minnesota Twins +115 — +7% edge [theScore Bet]
📌 Miami Marlins +250 — +7% edge [Fliff]
📌 Los Angeles Angels -115 — +7% edge [Bally Bet]
━━━━━━━━━━━━━━━

All picks generated by our ensemble model (XGBoost + Pythagorean). We track every result publicly — link in bio.

Not financial advice. Bet responsibly. 21+

#sportsbetting #mlbpicks #baseballbetting #bettingtips #freepicks #bettingcommunity #sharpbetting #valuebet #edgebetting #mlbodds

── PROPS ─────────────────────────────────────────────────────────────

The props market moves slower than moneylines. That's where edge hides.

Apr 27 Player Props 🧮
━━━━━━━━━━━━━━━
⚡ Strikeouts:
  • Connor Prielipp OVER 4.5 Ks (proj 8.2) -125 [BetMGM]
  • Steven Matz OVER 4.5 Ks (proj 5.7) +130 [FanDuel]
  • Dylan Cease OVER 7.5 Ks (proj 9.6) -108 [FanDuel]
━━━━━━━━━━━━━━━

Model projects expected Ks using pitcher K/9 rate, last 10 starts, and opposing lineup OPS. We only post when we find real edge vs the book line.

Full slate in the props card above. Swipe for game picks 👆

Not financial advice. Bet responsibly. 21+

#sportsbetting #mlbpicks #baseballbetting #bettingtips #freepicks #bettingcommunity #sharpbetting #valuebet #edgebetting #mlbodds #playerpropbets #propbets #mlbprops #strikeoutprop #nhlpicks

── RUN LINE ──────────────────────────────────────────────────────────

The algorithm doesn't guess. It found edge on these today 📊

Apr 27 MLB Picks 🔥
━━━━━━━━━━━━━━━
🔒 San Diego Padres (Chicago Cubs @ San Diego Padres) -184 — +2.3 run edge [DraftKings]
📌 New York Yankees (New York Yankees @ Texas Rangers) +100 — +0.5 run edge [FanDuel]
📌 Boston Red Sox (Boston Red Sox @ Toronto Blue Jays) -184 — +0.8 run edge [FanDuel]
• St. Louis Cardinals (St. Louis Cardinals @ Pittsburgh Pirates) -180 — +0.5 run edge [theScore Bet]
━━━━━━━━━━━━━━━

All picks generated by our ensemble model (XGBoost + Pythagorean). We track every result publicly — link in bio.

Not financial advice. Bet responsibly. 21+

#sportsbetting #mlbpicks #baseballbetting #bettingtips #freepicks #bettingcommunity #sharpbetting #valuebet #edgebetting #mlbodds

══════════════════════════════════════════════════════════════════════
  Cards (PNG): output/picks/baseball_mlb/20260427/*.png
══════════════════════════════════════════════════════════════════════


══════════════════════════════════════════════════════════════════════
  CAPTIONS — APRIL 28, 2026
  Source: output/picks/baseball_mlb/20260428
══════════════════════════════════════════════════════════════════════

── NRFI / YRFI ───────────────────────────────────────────────────────

First inning is where the edge is. Model found these NRFI/YRFI plays 🔒

Apr 28 NRFI / YRFI Plays 🎯
━━━━━━━━━━━━━━━
🔒 Boston Red Sox @ Toronto Blue Jays — NRFI -120 proj 67% NRFI
📌 Detroit Tigers @ Atlanta Braves — NRFI -120 proj 67% NRFI
📌 Los Angeles Angels @ Chicago White Sox — NRFI -120 proj 67% NRFI
• New York Yankees @ Texas Rangers — NRFI -120 proj 67% NRFI
• Colorado Rockies @ Cincinnati Reds — NRFI -120 proj 67% NRFI
━━━━━━━━━━━━━━━

Model uses pitcher ERA, K/9 rate, and last 10 starts to project first-inning run probability for both teams. NRFI = neither team scores in the 1st.

Not financial advice. Bet responsibly. 21+

#sportsbetting #mlbpicks #baseballbetting #bettingtips #freepicks #positiveev #kellycriterion #bettingmodel #AIbetting #datadrivenbetting #nrfi #yrfi #firstinning #nrfibets #mlbprops

── MONEYLINE PICKS ───────────────────────────────────────────────────

Free picks for today's MLB slate. Backed by data, not feelings.

Apr 28 MLB Picks 🔥
━━━━━━━━━━━━━━━
🔒 San Francisco Giants +145 — +13% edge [theScore Bet]
📌 Chicago Cubs -115 — +8% edge [theScore Bet]
📌 Miami Marlins +240 — +6% edge [Hard Rock Bet]
• Boston Red Sox -102 — +5% edge [FanDuel]
• Colorado Rockies +180 — +5% edge [Bally Bet]
━━━━━━━━━━━━━━━

All picks generated by our ensemble model (XGBoost + Pythagorean). We track every result publicly — link in bio.

Not financial advice. Bet responsibly. 21+

#sportsbetting #mlbpicks #baseballbetting #bettingtips #freepicks #positiveev #kellycriterion #bettingmodel #AIbetting #datadrivenbetting

── PROPS ─────────────────────────────────────────────────────────────

Props sheet is up. These pitcher & batter lines have real edge 🎯

Apr 28 Player Props 🧮
━━━━━━━━━━━━━━━
⚡ Strikeouts:
  • Trey Yesavage UNDER 5.5 Ks (proj 2.8) -114 [FanDuel]
  • Payton Tolle OVER 4.5 Ks (proj 10.1) -140 [BetMGM]
  • Chad Patrick UNDER 4.5 Ks (proj 2.6) -174 [FanDuel]
━━━━━━━━━━━━━━━

Model projects expected Ks using pitcher K/9 rate, last 10 starts, and opposing lineup OPS. We only post when we find real edge vs the book line.

Full slate in the props card above. Swipe for game picks 👆

Not financial advice. Bet responsibly. 21+

#sportsbetting #mlbpicks #baseballbetting #bettingtips #freepicks #positiveev #kellycriterion #bettingmodel #AIbetting #datadrivenbetting #playerpropbets #propbets #mlbprops #strikeoutprop #nhlpicks

── RUN LINE ──────────────────────────────────────────────────────────

Free picks for today's MLB slate. Backed by data, not feelings.

Apr 28 MLB Picks 🔥
━━━━━━━━━━━━━━━
🔒 Milwaukee Brewers (Arizona Diamondbacks @ Milwaukee Brewers) -184 — +3.2 run edge [DraftKings]
📌 Houston Astros (Houston Astros @ Baltimore Orioles) -166 — +2.8 run edge [FanDuel]
📌 Tampa Bay Rays (Tampa Bay Rays @ Cleveland Guardians) -188 — +2.6 run edge [FanDuel]
• Minnesota Twins (Seattle Mariners @ Minnesota Twins) -162 — +2.0 run edge [BetRivers]
• Athletics (Kansas City Royals @ Athletics) -160 — +1.7 run edge [theScore Bet]
━━━━━━━━━━━━━━━

All picks generated by our ensemble model (XGBoost + Pythagorean). We track every result publicly — link in bio.

Not financial advice. Bet responsibly. 21+

#sportsbetting #mlbpicks #baseballbetting #bettingtips #freepicks #positiveev #kellycriterion #bettingmodel #AIbetting #datadrivenbetting

══════════════════════════════════════════════════════════════════════
  Cards (PNG): output/picks/baseball_mlb/20260428/*.png
══════════════════════════════════════════════════════════════════════


══════════════════════════════════════════════════════════════════════
  CAPTIONS — APRIL 29, 2026
  Source: output/picks/baseball_mlb/20260429
══════════════════════════════════════════════════════════════════════

── NRFI / YRFI ───────────────────────────────────────────────────────

Books misprice first innings more than any other market. Here's what we found.

Apr 29 NRFI / YRFI Plays 🎯
━━━━━━━━━━━━━━━
🔒 Tampa Bay Rays @ Cleveland Guardians — NRFI -120 proj 67% NRFI
📌 Seattle Mariners @ Minnesota Twins — NRFI -120 proj 67% NRFI
📌 Detroit Tigers @ Atlanta Braves — NRFI -120 proj 67% NRFI
• Miami Marlins @ Los Angeles Dodgers — NRFI -120 proj 67% NRFI
• San Francisco Giants @ Philadelphia Phillies — NRFI -120 proj 66% NRFI
━━━━━━━━━━━━━━━

Model uses pitcher ERA, K/9 rate, and last 10 starts to project first-inning run probability for both teams. NRFI = neither team scores in the 1st.

Not financial advice. Bet responsibly. 21+

#sportsbetting #mlbpicks #baseballbetting #bettingtips #freepicks #baseballpicks #mlbtoday #baseballfan #baseballlife #mlbgames #nrfi #yrfi #firstinning #nrfibets #mlbprops

── MONEYLINE PICKS ───────────────────────────────────────────────────

Model just finished processing today's lines. Here's the output:

Apr 29 MLB Picks 🔥
━━━━━━━━━━━━━━━

━━━━━━━━━━━━━━━

All picks generated by our ensemble model (XGBoost + Pythagorean). We track every result publicly — link in bio.

Not financial advice. Bet responsibly. 21+

#sportsbetting #mlbpicks #baseballbetting #bettingtips #freepicks #baseballpicks #mlbtoday #baseballfan #baseballlife #mlbgames

── PROPS ─────────────────────────────────────────────────────────────

Found some fat lines in today's player props. Model says bet these.

Apr 29 Player Props 🧮
━━━━━━━━━━━━━━━
⚡ Strikeouts:
  • Peter Lambert OVER 4.5 Ks (proj 8.0) +108 [FanDuel]
  • Chris Bassitt UNDER 4.5 Ks (proj 2.7) -143 [DraftKings]
  • Cade Cavalli OVER 4.5 Ks (proj 6.3) +100 [BetMGM]
━━━━━━━━━━━━━━━

Model projects expected Ks using pitcher K/9 rate, last 10 starts, and opposing lineup OPS. We only post when we find real edge vs the book line.

Full slate in the props card above. Swipe for game picks 👆

Not financial advice. Bet responsibly. 21+

#sportsbetting #mlbpicks #baseballbetting #bettingtips #freepicks #baseballpicks #mlbtoday #baseballfan #baseballlife #mlbgames #playerpropbets #propbets #mlbprops #strikeoutprop #nhlpicks

── TOTALS ────────────────────────────────────────────────────────────

Model just finished processing today's lines. Here's the output:

Apr 29 MLB Picks 🔥
━━━━━━━━━━━━━━━
🔒 OVER 6.5 (Tampa Bay Rays @ Cleveland Guardians) -110 — +1.6 run edge [theScore Bet]
📌 OVER 7.0 (San Francisco Giants @ Philadelphia Phillies) +115 — +2.5 run edge [Hard Rock Bet]
━━━━━━━━━━━━━━━

All picks generated by our ensemble model (XGBoost + Pythagorean). We track every result publicly — link in bio.

Not financial advice. Bet responsibly. 21+

#sportsbetting #mlbpicks #baseballbetting #bettingtips #freepicks #baseballpicks #mlbtoday #baseballfan #baseballlife #mlbgames

── RUN LINE ──────────────────────────────────────────────────────────

Model just finished processing today's lines. Here's the output:

Apr 29 MLB Picks 🔥
━━━━━━━━━━━━━━━
🔒 Houston Astros (Houston Astros @ Baltimore Orioles) +160 — +3.4 run edge [Hard Rock Bet]
📌 Arizona Diamondbacks (Arizona Diamondbacks @ Milwaukee Brewers) +172 — +2.1 run edge [FanDuel]
📌 Colorado Rockies (Colorado Rockies @ Cincinnati Reds) -160 — +1.4 run edge [BetMGM]
• Chicago White Sox (Los Angeles Angels @ Chicago White Sox) -160 — +2.3 run edge [theScore Bet]
• Minnesota Twins (Seattle Mariners @ Minnesota Twins) -155 — +1.9 run edge [Hard Rock Bet]
━━━━━━━━━━━━━━━

All picks generated by our ensemble model (XGBoost + Pythagorean). We track every result publicly — link in bio.

Not financial advice. Bet responsibly. 21+

#sportsbetting #mlbpicks #baseballbetting #bettingtips #freepicks #baseballpicks #mlbtoday #baseballfan #baseballlife #mlbgames

══════════════════════════════════════════════════════════════════════
  Cards (PNG): output/picks/baseball_mlb/20260429/*.png
══════════════════════════════════════════════════════════════════════


══════════════════════════════════════════════════════════════════════
  CAPTIONS — MAY 01, 2026
  Source: output/picks/baseball_mlb/20260501
══════════════════════════════════════════════════════════════════════

── NRFI / YRFI ───────────────────────────────────────────────────────

First pitch edge. Model projects first-inning run probability for every game.

May 1 NRFI / YRFI Plays 🎯
━━━━━━━━━━━━━━━
🔒 San Francisco Giants @ Tampa Bay Rays — NRFI -120 proj 67% NRFI
📌 Cleveland Guardians @ Athletics — NRFI -120 proj 67% NRFI
📌 Baltimore Orioles @ New York Yankees — NRFI -120 proj 67% NRFI
• Philadelphia Phillies @ Miami Marlins — NRFI -120 proj 67% NRFI
• Milwaukee Brewers @ Washington Nationals — NRFI -120 proj 66% NRFI
━━━━━━━━━━━━━━━

Model uses pitcher ERA, K/9 rate, and last 10 starts to project first-inning run probability for both teams. NRFI = neither team scores in the 1st.

Not financial advice. Bet responsibly. 21+

#sportsbetting #mlbpicks #baseballbetting #bettingtips #freepicks #positiveev #kellycriterion #bettingmodel #AIbetting #datadrivenbetting #nrfi #yrfi #firstinning #nrfibets #mlbprops

── MONEYLINE PICKS ───────────────────────────────────────────────────

AI ran the numbers on today's slate. These 5 games have edge.

May 1 MLB Picks 🔥
━━━━━━━━━━━━━━━
🔒 San Francisco Giants +125 — +7% edge [theScore Bet]
📌 Chicago White Sox +129 — +4% edge [DraftKings]
━━━━━━━━━━━━━━━

All picks generated by our ensemble model (XGBoost + Pythagorean). We track every result publicly — link in bio.

Not financial advice. Bet responsibly. 21+

#sportsbetting #mlbpicks #baseballbetting #bettingtips #freepicks #positiveev #kellycriterion #bettingmodel #AIbetting #datadrivenbetting

── PROPS ─────────────────────────────────────────────────────────────

Today's player props with model edge — pitcher Ks, hits, and more.

May 1 Player Props 🧮
━━━━━━━━━━━━━━━
⚡ Strikeouts:
  • Jake Irvin OVER 4.5 Ks (proj 6.2) +100 [FanDuel]
  • Jack Flaherty OVER 5.5 Ks (proj 6.7) +126 [FanDuel]
  • MacKenzie Gore OVER 6.5 Ks (proj 7.6) +130 [BetMGM]
━━━━━━━━━━━━━━━

Model projects expected Ks using pitcher K/9 rate, last 10 starts, and opposing lineup OPS. We only post when we find real edge vs the book line.

Full slate in the props card above. Swipe for game picks 👆

Not financial advice. Bet responsibly. 21+

#sportsbetting #mlbpicks #baseballbetting #bettingtips #freepicks #positiveev #kellycriterion #bettingmodel #AIbetting #datadrivenbetting #playerpropbets #propbets #mlbprops #strikeoutprop #nhlpicks

── TOTALS ────────────────────────────────────────────────────────────

AI ran the numbers on today's slate. These 5 games have edge.

May 1 MLB Picks 🔥
━━━━━━━━━━━━━━━
🔒 OVER 8.0 (Milwaukee Brewers @ Washington Nationals) -105 — +3.3 run edge [FanDuel]
📌 OVER 7.0 (Arizona Diamondbacks @ Chicago Cubs) +120 — +3.2 run edge [theScore Bet]
━━━━━━━━━━━━━━━

All picks generated by our ensemble model (XGBoost + Pythagorean). We track every result publicly — link in bio.

Not financial advice. Bet responsibly. 21+

#sportsbetting #mlbpicks #baseballbetting #bettingtips #freepicks #positiveev #kellycriterion #bettingmodel #AIbetting #datadrivenbetting

── RUN LINE ──────────────────────────────────────────────────────────

AI ran the numbers on today's slate. These 5 games have edge.

May 1 MLB Picks 🔥
━━━━━━━━━━━━━━━
🔒 Los Angeles Angels (New York Mets @ Los Angeles Angels) -150 — +2.6 run edge [Hard Rock Bet]
📌 Miami Marlins (Philadelphia Phillies @ Miami Marlins) -167 — +2.3 run edge [Bally Bet]
📌 Minnesota Twins (Toronto Blue Jays @ Minnesota Twins) -173 — +1.2 run edge [DraftKings]
• Detroit Tigers (Texas Rangers @ Detroit Tigers) -186 — +1.5 run edge [DraftKings]
• Houston Astros (Houston Astros @ Boston Red Sox) +162 — +1.3 run edge [FanDuel]
━━━━━━━━━━━━━━━

All picks generated by our ensemble model (XGBoost + Pythagorean). We track every result publicly — link in bio.

Not financial advice. Bet responsibly. 21+

#sportsbetting #mlbpicks #baseballbetting #bettingtips #freepicks #positiveev #kellycriterion #bettingmodel #AIbetting #datadrivenbetting

══════════════════════════════════════════════════════════════════════
  Cards (PNG): output/picks/baseball_mlb/20260501/*.png
══════════════════════════════════════════════════════════════════════


══════════════════════════════════════════════════════════════════════
  CAPTIONS — MAY 02, 2026
  Source: output/picks/baseball_mlb/20260502
══════════════════════════════════════════════════════════════════════

── NRFI / YRFI ───────────────────────────────────────────────────────

The sharp play on first innings — NRFI or YRFI, model picks the edge side.

May 2 NRFI / YRFI Plays 🎯
━━━━━━━━━━━━━━━
🔒 Baltimore Orioles @ New York Yankees — NRFI -120 proj 67% NRFI
📌 Toronto Blue Jays @ Minnesota Twins — NRFI -120 proj 67% NRFI
📌 Milwaukee Brewers @ Washington Nationals — NRFI -120 proj 67% NRFI
• Houston Astros @ Boston Red Sox — NRFI -120 proj 67% NRFI
• Chicago White Sox @ San Diego Padres — NRFI -120 proj 67% NRFI
━━━━━━━━━━━━━━━

Model uses pitcher ERA, K/9 rate, and last 10 starts to project first-inning run probability for both teams. NRFI = neither team scores in the 1st.

Not financial advice. Bet responsibly. 21+

#sportsbetting #mlbpicks #baseballbetting #bettingtips #freepicks #baseballpicks #mlbtoday #baseballfan #baseballlife #mlbgames #nrfi #yrfi #firstinning #nrfibets #mlbprops

── MONEYLINE PICKS ───────────────────────────────────────────────────

Dropping today's picks. Model found +EV on these lines 🔒

May 2 MLB Picks 🔥
━━━━━━━━━━━━━━━
🔒 Chicago White Sox +160 — +6% edge [theScore Bet]
📌 St. Louis Cardinals +120 — +5% edge [Fliff]
📌 Minnesota Twins +120 — +5% edge [Fliff]
• Miami Marlins -127 — +4% edge [Bally Bet]
• Baltimore Orioles +150 — +4% edge [Fliff]
━━━━━━━━━━━━━━━

All picks generated by our ensemble model (XGBoost + Pythagorean). We track every result publicly — link in bio.

Not financial advice. Bet responsibly. 21+

#sportsbetting #mlbpicks #baseballbetting #bettingtips #freepicks #baseballpicks #mlbtoday #baseballfan #baseballlife #mlbgames

── PROPS ─────────────────────────────────────────────────────────────

Props slate for today. AI projected vs book line, pick the overs.

May 2 Player Props 🧮
━━━━━━━━━━━━━━━
⚡ Strikeouts:
  • Griffin Jax OVER 2.5 Ks (proj 5.9) -135 [DraftKings]
  • Connor Prielipp OVER 4.5 Ks (proj 6.7) +130 [DraftKings]
  • Kyle Harrison OVER 5.5 Ks (proj 7.1) +105 [BetMGM]
━━━━━━━━━━━━━━━

Model projects expected Ks using pitcher K/9 rate, last 10 starts, and opposing lineup OPS. We only post when we find real edge vs the book line.

Full slate in the props card above. Swipe for game picks 👆

Not financial advice. Bet responsibly. 21+

#sportsbetting #mlbpicks #baseballbetting #bettingtips #freepicks #baseballpicks #mlbtoday #baseballfan #baseballlife #mlbgames #playerpropbets #propbets #mlbprops #strikeoutprop #nhlpicks

── TOTALS ────────────────────────────────────────────────────────────

Dropping today's picks. Model found +EV on these lines 🔒

May 2 MLB Picks 🔥
━━━━━━━━━━━━━━━
🔒 OVER 7.5 (Milwaukee Brewers @ Washington Nationals) -112 — +3.1 run edge [Bally Bet]
📌 OVER 7.5 (Arizona Diamondbacks @ Chicago Cubs) +105 — +3.3 run edge [theScore Bet]
📌 OVER 7.5 (San Francisco Giants @ Tampa Bay Rays) -110 — +1.9 run edge [Fliff]
• UNDER 10.5 (Cleveland Guardians @ Athletics) -104 — +2.8 run edge [Bally Bet]
• OVER 8.0 (New York Mets @ Los Angeles Angels) -102 — +1.8 run edge [DraftKings]
━━━━━━━━━━━━━━━

All picks generated by our ensemble model (XGBoost + Pythagorean). We track every result publicly — link in bio.

Not financial advice. Bet responsibly. 21+

#sportsbetting #mlbpicks #baseballbetting #bettingtips #freepicks #baseballpicks #mlbtoday #baseballfan #baseballlife #mlbgames

── RUN LINE ──────────────────────────────────────────────────────────

Dropping today's picks. Model found +EV on these lines 🔒

May 2 MLB Picks 🔥
━━━━━━━━━━━━━━━
🔒 Houston Astros (Houston Astros @ Boston Red Sox) -180 — +2.1 run edge [theScore Bet]
📌 Cincinnati Reds (Cincinnati Reds @ Pittsburgh Pirates) -186 — +1.7 run edge [DraftKings]
📌 Texas Rangers (Texas Rangers @ Detroit Tigers) -190 — +1.5 run edge [theScore Bet]
• Kansas City Royals (Kansas City Royals @ Seattle Mariners) -178 — +1.2 run edge [FanDuel]
━━━━━━━━━━━━━━━

All picks generated by our ensemble model (XGBoost + Pythagorean). We track every result publicly — link in bio.

Not financial advice. Bet responsibly. 21+

#sportsbetting #mlbpicks #baseballbetting #bettingtips #freepicks #baseballpicks #mlbtoday #baseballfan #baseballlife #mlbgames

══════════════════════════════════════════════════════════════════════
  Cards (PNG): output/picks/baseball_mlb/20260502/*.png
══════════════════════════════════════════════════════════════════════


══════════════════════════════════════════════════════════════════════
  CAPTIONS — MAY 03, 2026
  Source: output/picks/baseball_mlb/20260503
══════════════════════════════════════════════════════════════════════

── NRFI / YRFI ───────────────────────────────────────────────────────

Starting pitcher K/9 and ERA point to these first-inning plays today.

May 3 NRFI / YRFI Plays 🎯
━━━━━━━━━━━━━━━
🔒 Toronto Blue Jays @ Minnesota Twins — NRFI -120 proj 67% NRFI
📌 Cincinnati Reds @ Pittsburgh Pirates — NRFI -120 proj 67% NRFI
📌 Baltimore Orioles @ New York Yankees — NRFI -120 proj 67% NRFI
• Atlanta Braves @ Colorado Rockies — NRFI -120 proj 67% NRFI
• Cleveland Guardians @ Athletics — NRFI -120 proj 67% NRFI
━━━━━━━━━━━━━━━

Model uses pitcher ERA, K/9 rate, and last 10 starts to project first-inning run probability for both teams. NRFI = neither team scores in the 1st.

Not financial advice. Bet responsibly. 21+

#sportsbetting #mlbpicks #baseballbetting #bettingtips #freepicks #bettingcommunity #sharpbetting #valuebet #edgebetting #mlbodds #nrfi #yrfi #firstinning #nrfibets #mlbprops

── MONEYLINE PICKS ───────────────────────────────────────────────────

Sharp money targets for today. Model-verified, book-beatable.

May 3 MLB Picks 🔥
━━━━━━━━━━━━━━━
🔒 Los Angeles Dodgers -145 — +9% edge [theScore Bet]
📌 Milwaukee Brewers -135 — +8% edge [theScore Bet]
📌 Miami Marlins +128 — +8% edge [Bally Bet]
• Chicago White Sox +155 — +7% edge [theScore Bet]
• Los Angeles Angels +115 — +6% edge [theScore Bet]
━━━━━━━━━━━━━━━

All picks generated by our ensemble model (XGBoost + Pythagorean). We track every result publicly — link in bio.

Not financial advice. Bet responsibly. 21+

#sportsbetting #mlbpicks #baseballbetting #bettingtips #freepicks #bettingcommunity #sharpbetting #valuebet #edgebetting #mlbodds

── PROPS ─────────────────────────────────────────────────────────────

The props market moves slower than moneylines. That's where edge hides.

May 3 Player Props 🧮
━━━━━━━━━━━━━━━
⚡ Strikeouts:
  • Matthew Boyd OVER 4.5 Ks (proj 7.9) +105 [DraftKings]
  • Spencer Strider UNDER 5.5 Ks (proj 2.8) -154 [FanDuel]
  • Trey Yesavage UNDER 5.5 Ks (proj 3.2) -180 [FanDuel]
━━━━━━━━━━━━━━━

Model projects expected Ks using pitcher K/9 rate, last 10 starts, and opposing lineup OPS. We only post when we find real edge vs the book line.

Full slate in the props card above. Swipe for game picks 👆

Not financial advice. Bet responsibly. 21+

#sportsbetting #mlbpicks #baseballbetting #bettingtips #freepicks #bettingcommunity #sharpbetting #valuebet #edgebetting #mlbodds #playerpropbets #propbets #mlbprops #strikeoutprop #nhlpicks

── TOTALS ────────────────────────────────────────────────────────────

Sharp money targets for today. Model-verified, book-beatable.

May 3 MLB Picks 🔥
━━━━━━━━━━━━━━━
🔒 UNDER 11.5 (Arizona Diamondbacks @ Chicago Cubs) -110 — +2.8 run edge [Fliff]
━━━━━━━━━━━━━━━

All picks generated by our ensemble model (XGBoost + Pythagorean). We track every result publicly — link in bio.

Not financial advice. Bet responsibly. 21+

#sportsbetting #mlbpicks #baseballbetting #bettingtips #freepicks #bettingcommunity #sharpbetting #valuebet #edgebetting #mlbodds

── RUN LINE ──────────────────────────────────────────────────────────

Sharp money targets for today. Model-verified, book-beatable.

May 3 MLB Picks 🔥
━━━━━━━━━━━━━━━
🔒 Kansas City Royals (Kansas City Royals @ Seattle Mariners) +172 — +2.9 run edge [FanDuel]
📌 Minnesota Twins (Toronto Blue Jays @ Minnesota Twins) -178 — +2.6 run edge [FanDuel]
📌 Houston Astros (Houston Astros @ Boston Red Sox) -155 — +0.6 run edge [Hard Rock Bet]
• Cincinnati Reds (Cincinnati Reds @ Pittsburgh Pirates) +176 — +0.6 run edge [FanDuel]
• Texas Rangers (Texas Rangers @ Detroit Tigers) +170 — +0.5 run edge [theScore Bet]
━━━━━━━━━━━━━━━

All picks generated by our ensemble model (XGBoost + Pythagorean). We track every result publicly — link in bio.

Not financial advice. Bet responsibly. 21+

#sportsbetting #mlbpicks #baseballbetting #bettingtips #freepicks #bettingcommunity #sharpbetting #valuebet #edgebetting #mlbodds

══════════════════════════════════════════════════════════════════════
  Cards (PNG): output/picks/baseball_mlb/20260503/*.png
══════════════════════════════════════════════════════════════════════


══════════════════════════════════════════════════════════════════════
  CAPTIONS — MAY 06, 2026
  Source: output/picks/baseball_mlb/20260506
══════════════════════════════════════════════════════════════════════

── MONEYLINE PICKS ───────────────────────────────────────────────────

Free picks for today's MLB slate. Backed by data, not feelings.

May 6 MLB Picks 🔥
━━━━━━━━━━━━━━━

━━━━━━━━━━━━━━━

All picks generated by our ensemble model (XGBoost + Pythagorean). We track every result publicly — link in bio.

Not financial advice. Bet responsibly. 21+

#sportsbetting #mlbpicks #baseballbetting #bettingtips #freepicks #baseballpicks #mlbtoday #baseballfan #baseballlife #mlbgames

══════════════════════════════════════════════════════════════════════
  Cards (PNG): output/picks/baseball_mlb/20260506/*.png
══════════════════════════════════════════════════════════════════════


══════════════════════════════════════════════════════════════════════
  CAPTIONS — MAY 07, 2026
  Source: output/picks/baseball_mlb/20260507
══════════════════════════════════════════════════════════════════════

── MONEYLINE PICKS ───────────────────────────────────────────────────

Model just finished processing today's lines. Here's the output:

May 7 MLB Picks 🔥
━━━━━━━━━━━━━━━

━━━━━━━━━━━━━━━

All picks generated by our ensemble model (XGBoost + Pythagorean). We track every result publicly — link in bio.

Not financial advice. Bet responsibly. 21+

#sportsbetting #mlbpicks #baseballbetting #bettingtips #freepicks #bettingcommunity #sharpbetting #valuebet #edgebetting #mlbodds

══════════════════════════════════════════════════════════════════════
  Cards (PNG): output/picks/baseball_mlb/20260507/*.png
══════════════════════════════════════════════════════════════════════


══════════════════════════════════════════════════════════════════════
  CAPTIONS — MAY 08, 2026
  Source: output/picks/baseball_mlb/20260508
══════════════════════════════════════════════════════════════════════

── MONEYLINE PICKS ───────────────────────────────────────────────────

The model ran all night. Here's what it found 👇

May 8 MLB Picks 🔥
━━━━━━━━━━━━━━━

━━━━━━━━━━━━━━━

All picks generated by our ensemble model (XGBoost + Pythagorean). We track every result publicly — link in bio.

Not financial advice. Bet responsibly. 21+

#sportsbetting #mlbpicks #baseballbetting #bettingtips #freepicks #positiveev #kellycriterion #bettingmodel #AIbetting #datadrivenbetting

══════════════════════════════════════════════════════════════════════
  Cards (PNG): output/picks/baseball_mlb/20260508/*.png
══════════════════════════════════════════════════════════════════════


══════════════════════════════════════════════════════════════════════
  CAPTIONS — MAY 12, 2026
  Source: output/picks/baseball_mlb/20260512
══════════════════════════════════════════════════════════════════════

── NRFI / YRFI ───────────────────────────────────────────────────────

NRFI bets hit at 42% historically. Model says these games are above that. 📊

May 12 NRFI / YRFI Plays 🎯
━━━━━━━━━━━━━━━
🔒 Tampa Bay Rays @ Toronto Blue Jays — NRFI -120 proj 67% NRFI
📌 Philadelphia Phillies @ Boston Red Sox — NRFI -120 proj 67% NRFI
📌 Detroit Tigers @ New York Mets — NRFI -120 proj 66% NRFI
• Miami Marlins @ Minnesota Twins — NRFI -120 proj 66% NRFI
• Chicago Cubs @ Atlanta Braves — NRFI -120 proj 65% NRFI
━━━━━━━━━━━━━━━

Model uses pitcher ERA, K/9 rate, and last 10 starts to project first-inning run probability for both teams. NRFI = neither team scores in the 1st.

Not financial advice. Bet responsibly. 21+

#sportsbetting #mlbpicks #baseballbetting #bettingtips #freepicks #positiveev #kellycriterion #bettingmodel #AIbetting #datadrivenbetting #nrfi #yrfi #firstinning #nrfibets #mlbprops

── MONEYLINE PICKS ───────────────────────────────────────────────────

Today's slate is live. Model flagged these 5 as best value.

May 12 MLB Picks 🔥
━━━━━━━━━━━━━━━
🔒 Houston Astros +142 — +9% edge [FanDuel]
━━━━━━━━━━━━━━━

All picks generated by our ensemble model (XGBoost + Pythagorean). We track every result publicly — link in bio.

Not financial advice. Bet responsibly. 21+

#sportsbetting #mlbpicks #baseballbetting #bettingtips #freepicks #positiveev #kellycriterion #bettingmodel #AIbetting #datadrivenbetting

── PROPS ─────────────────────────────────────────────────────────────

Sportsbooks mispriced these props today. We found them first.

May 12 Player Props 🧮
━━━━━━━━━━━━━━━
⚡ Strikeouts:
  • Jack Flaherty OVER 6.5 Ks (proj 7.5) +175 [BetRivers]
  • Will Warren OVER 6.5 Ks (proj 7.7) +130 [theScore Bet]
  • Stephen Kolek UNDER 4.5 Ks (proj 2.8) -200 [theScore Bet]
💣 Home Runs:
  • Kyle Schwarber UNDER 0.5 HR -390 [theScore Bet]
  • James Wood UNDER 0.5 HR -390 [theScore Bet]
━━━━━━━━━━━━━━━

Model projects expected Ks using pitcher K/9 rate, last 10 starts, and opposing lineup OPS. We only post when we find real edge vs the book line.

Full slate in the props card above. Swipe for game picks 👆

Not financial advice. Bet responsibly. 21+

#sportsbetting #mlbpicks #baseballbetting #bettingtips #freepicks #positiveev #kellycriterion #bettingmodel #AIbetting #datadrivenbetting #playerpropbets #propbets #mlbprops #strikeoutprop #nhlpicks

── TOTALS ────────────────────────────────────────────────────────────

Today's slate is live. Model flagged these 5 as best value.

May 12 MLB Picks 🔥
━━━━━━━━━━━━━━━
🔒 UNDER 10.0 (St. Louis Cardinals @ Athletics) +100 — +2.5 run edge [Fliff]
📌 OVER 8.5 (Chicago Cubs @ Atlanta Braves) -110 — +2.3 run edge [theScore Bet]
━━━━━━━━━━━━━━━

All picks generated by our ensemble model (XGBoost + Pythagorean). We track every result publicly — link in bio.

Not financial advice. Bet responsibly. 21+

#sportsbetting #mlbpicks #baseballbetting #bettingtips #freepicks #positiveev #kellycriterion #bettingmodel #AIbetting #datadrivenbetting

── RUN LINE ──────────────────────────────────────────────────────────

Today's slate is live. Model flagged these 5 as best value.

May 12 MLB Picks 🔥
━━━━━━━━━━━━━━━
🔒 Los Angeles Angels (Los Angeles Angels @ Cleveland Guardians) -180 — +2.9 run edge [Hard Rock Bet]
📌 Minnesota Twins (Miami Marlins @ Minnesota Twins) -174 — +2.2 run edge [DraftKings]
📌 Chicago White Sox (Kansas City Royals @ Chicago White Sox) -150 — +1.6 run edge [theScore Bet]
• Boston Red Sox (Philadelphia Phillies @ Boston Red Sox) -132 — +0.9 run edge [BetRivers]
• Arizona Diamondbacks (Arizona Diamondbacks @ Texas Rangers) -193 — +1.4 run edge [DraftKings]
━━━━━━━━━━━━━━━

All picks generated by our ensemble model (XGBoost + Pythagorean). We track every result publicly — link in bio.

Not financial advice. Bet responsibly. 21+

#sportsbetting #mlbpicks #baseballbetting #bettingtips #freepicks #positiveev #kellycriterion #bettingmodel #AIbetting #datadrivenbetting

══════════════════════════════════════════════════════════════════════
  Cards (PNG): output/picks/baseball_mlb/20260512/*.png
══════════════════════════════════════════════════════════════════════


══════════════════════════════════════════════════════════════════════
  CAPTIONS — MAY 13, 2026
  Source: output/picks/baseball_mlb/20260513
══════════════════════════════════════════════════════════════════════

── NRFI / YRFI ───────────────────────────────────────────────────────

First pitch edge. Model projects first-inning run probability for every game.

May 13 NRFI / YRFI Plays 🎯
━━━━━━━━━━━━━━━
🔒 Chicago Cubs @ Atlanta Braves — NRFI -120 proj 67% NRFI
📌 San Diego Padres @ Milwaukee Brewers — NRFI -120 proj 67% NRFI
📌 San Francisco Giants @ Los Angeles Dodgers — NRFI -120 proj 67% NRFI
• Detroit Tigers @ New York Mets — NRFI -120 proj 66% NRFI
• Kansas City Royals @ Chicago White Sox — NRFI -120 proj 66% NRFI
━━━━━━━━━━━━━━━

Model uses pitcher ERA, K/9 rate, and last 10 starts to project first-inning run probability for both teams. NRFI = neither team scores in the 1st.

Not financial advice. Bet responsibly. 21+

#sportsbetting #mlbpicks #baseballbetting #bettingtips #freepicks #baseballpicks #mlbtoday #baseballfan #baseballlife #mlbgames #nrfi #yrfi #firstinning #nrfibets #mlbprops

── MONEYLINE PICKS ───────────────────────────────────────────────────

The algorithm doesn't guess. It found edge on these today 📊

May 13 MLB Picks 🔥
━━━━━━━━━━━━━━━
🔒 Washington Nationals +140 — +19% edge [BetMGM]
📌 Colorado Rockies +155 — +17% edge [Fliff]
📌 Tampa Bay Rays +132 — +16% edge [BetRivers]
• St. Louis Cardinals +128 — +15% edge [FanDuel]
• San Diego Padres +130 — +15% edge [BetRivers]
━━━━━━━━━━━━━━━

All picks generated by our ensemble model (XGBoost + Pythagorean). We track every result publicly — link in bio.

Not financial advice. Bet responsibly. 21+

#sportsbetting #mlbpicks #baseballbetting #bettingtips #freepicks #baseballpicks #mlbtoday #baseballfan #baseballlife #mlbgames

── PROPS ─────────────────────────────────────────────────────────────

Today's player props with model edge — pitcher Ks, hits, and more.

May 13 Player Props 🧮
━━━━━━━━━━━━━━━
⚡ Strikeouts:
  • Christian Scott OVER 5.5 Ks (proj 7.5) +150 [theScore Bet]
  • Nick Lodolo UNDER 6.5 Ks (proj 2.2) -300 [theScore Bet]
  • Sonny Gray UNDER 5.5 Ks (proj 2.6) -325 [theScore Bet]
💣 Home Runs:
  • Kyle Schwarber UNDER 0.5 HR -370 [theScore Bet]
  • Munetaka Murakami UNDER 0.5 HR -450 [theScore Bet]
━━━━━━━━━━━━━━━

Model projects expected Ks using pitcher K/9 rate, last 10 starts, and opposing lineup OPS. We only post when we find real edge vs the book line.

Full slate in the props card above. Swipe for game picks 👆

Not financial advice. Bet responsibly. 21+

#sportsbetting #mlbpicks #baseballbetting #bettingtips #freepicks #baseballpicks #mlbtoday #baseballfan #baseballlife #mlbgames #playerpropbets #propbets #mlbprops #strikeoutprop #nhlpicks

── RUN LINE ──────────────────────────────────────────────────────────

The algorithm doesn't guess. It found edge on these today 📊

May 13 MLB Picks 🔥
━━━━━━━━━━━━━━━
🔒 Minnesota Twins (Miami Marlins @ Minnesota Twins) -155 — +2.9 run edge [theScore Bet]
📌 Houston Astros (Seattle Mariners @ Houston Astros) -143 — +2.9 run edge [DraftKings]
📌 Atlanta Braves (Chicago Cubs @ Atlanta Braves) -139 — +2.7 run edge [BetRivers]
• Chicago White Sox (Kansas City Royals @ Chicago White Sox) -175 — +2.7 run edge [Hard Rock Bet]
• Texas Rangers (Arizona Diamondbacks @ Texas Rangers) -178 — +2.5 run edge [DraftKings]
━━━━━━━━━━━━━━━

All picks generated by our ensemble model (XGBoost + Pythagorean). We track every result publicly — link in bio.

Not financial advice. Bet responsibly. 21+

#sportsbetting #mlbpicks #baseballbetting #bettingtips #freepicks #baseballpicks #mlbtoday #baseballfan #baseballlife #mlbgames

══════════════════════════════════════════════════════════════════════
  Cards (PNG): output/picks/baseball_mlb/20260513/*.png
══════════════════════════════════════════════════════════════════════


══════════════════════════════════════════════════════════════════════
  CAPTIONS — MAY 14, 2026
  Source: output/picks/baseball_mlb/20260514
══════════════════════════════════════════════════════════════════════

── MONEYLINE PICKS ───────────────────────────────────────────────────

Free picks for today's MLB slate. Backed by data, not feelings.

May 14 MLB Picks 🔥
━━━━━━━━━━━━━━━

━━━━━━━━━━━━━━━

All picks generated by our ensemble model (XGBoost + Pythagorean). We track every result publicly — link in bio.

Not financial advice. Bet responsibly. 21+

#sportsbetting #mlbpicks #baseballbetting #bettingtips #freepicks #bettingcommunity #sharpbetting #valuebet #edgebetting #mlbodds

══════════════════════════════════════════════════════════════════════
  Cards (PNG): output/picks/baseball_mlb/20260514/*.png
══════════════════════════════════════════════════════════════════════


══════════════════════════════════════════════════════════════════════
  CAPTIONS — MAY 15, 2026
  Source: output/picks/baseball_mlb/20260515
══════════════════════════════════════════════════════════════════════

── NRFI / YRFI ───────────────────────────────────────────────────────

Starting pitcher K/9 and ERA point to these first-inning plays today.

May 15 NRFI / YRFI Plays 🎯
━━━━━━━━━━━━━━━
🔒 Toronto Blue Jays @ Detroit Tigers — NRFI -120 proj 67% NRFI
📌 Miami Marlins @ Tampa Bay Rays — NRFI -120 proj 67% NRFI
📌 Boston Red Sox @ Atlanta Braves — NRFI -120 proj 67% NRFI
• New York Yankees @ New York Mets — NRFI -120 proj 67% NRFI
• San Diego Padres @ Seattle Mariners — NRFI -120 proj 67% NRFI
━━━━━━━━━━━━━━━

Model uses pitcher ERA, K/9 rate, and last 10 starts to project first-inning run probability for both teams. NRFI = neither team scores in the 1st.

Not financial advice. Bet responsibly. 21+

#sportsbetting #mlbpicks #baseballbetting #bettingtips #freepicks #positiveev #kellycriterion #bettingmodel #AIbetting #datadrivenbetting #nrfi #yrfi #firstinning #nrfibets #mlbprops

── MONEYLINE PICKS ───────────────────────────────────────────────────

Model just finished processing today's lines. Here's the output:

May 15 MLB Picks 🔥
━━━━━━━━━━━━━━━
🔒 Boston Red Sox +138 — +14% edge [Betfair]
📌 San Diego Padres +120 — +13% edge [theScore Bet]
📌 Philadelphia Phillies +124 — +13% edge [Betfair]
• Cincinnati Reds +126 — +12% edge [Betfair]
• Miami Marlins +105 — +12% edge [Fliff]
━━━━━━━━━━━━━━━

All picks generated by our ensemble model (XGBoost + Pythagorean). We track every result publicly — link in bio.

Not financial advice. Bet responsibly. 21+

#sportsbetting #mlbpicks #baseballbetting #bettingtips #freepicks #positiveev #kellycriterion #bettingmodel #AIbetting #datadrivenbetting

── PROPS ─────────────────────────────────────────────────────────────

The props market moves slower than moneylines. That's where edge hides.

May 15 Player Props 🧮
━━━━━━━━━━━━━━━
⚡ Strikeouts:
  • Ty Madden OVER 4.5 Ks (proj 6.0) +126 [DraftKings]
  • Spencer Strider OVER 6.5 Ks (proj 8.5) +110 [FanDuel]
  • Tanner Bibee UNDER 6.5 Ks (proj 5.5) -130 [Hard Rock Bet]
━━━━━━━━━━━━━━━

Model projects expected Ks using pitcher K/9 rate, last 10 starts, and opposing lineup OPS. We only post when we find real edge vs the book line.

Full slate in the props card above. Swipe for game picks 👆

Not financial advice. Bet responsibly. 21+

#sportsbetting #mlbpicks #baseballbetting #bettingtips #freepicks #positiveev #kellycriterion #bettingmodel #AIbetting #datadrivenbetting #playerpropbets #propbets #mlbprops #strikeoutprop #nhlpicks

── RUN LINE ──────────────────────────────────────────────────────────

Model just finished processing today's lines. Here's the output:

May 15 MLB Picks 🔥
━━━━━━━━━━━━━━━
🔒 Detroit Tigers (Toronto Blue Jays @ Detroit Tigers) -155 — +2.7 run edge [Hard Rock Bet]
📌 Los Angeles Angels (Los Angeles Dodgers @ Los Angeles Angels) +116 — +2.7 run edge [BetRivers]
📌 Minnesota Twins (Milwaukee Brewers @ Minnesota Twins) -165 — +2.7 run edge [theScore Bet]
• New York Mets (New York Yankees @ New York Mets) -138 — +2.7 run edge [FanDuel]
• Chicago White Sox (Chicago Cubs @ Chicago White Sox) -130 — +2.7 run edge [FanDuel]
━━━━━━━━━━━━━━━

All picks generated by our ensemble model (XGBoost + Pythagorean). We track every result publicly — link in bio.

Not financial advice. Bet responsibly. 21+

#sportsbetting #mlbpicks #baseballbetting #bettingtips #freepicks #positiveev #kellycriterion #bettingmodel #AIbetting #datadrivenbetting

══════════════════════════════════════════════════════════════════════
  Cards (PNG): output/picks/baseball_mlb/20260515/*.png
══════════════════════════════════════════════════════════════════════


══════════════════════════════════════════════════════════════════════
  CAPTIONS — MAY 17, 2026
  Source: output/picks/baseball_mlb/20260517
══════════════════════════════════════════════════════════════════════

── MONEYLINE PICKS ───────────────────────────────────────────────────

AI ran the numbers on today's slate. These 5 games have edge.

May 17 MLB Picks 🔥
━━━━━━━━━━━━━━━
🔒 San Diego Padres +139 — +15% edge [DraftKings]
📌 Cincinnati Reds +136 — +14% edge [FanDuel]
📌 Boston Red Sox +135 — +12% edge [LeoVegas (SE)]
• New York Yankees +105 — +12% edge [theScore Bet]
• San Francisco Giants +132 — +11% edge [Betfair]
━━━━━━━━━━━━━━━

All picks generated by our ensemble model (XGBoost + Pythagorean). We track every result publicly — link in bio.

Not financial advice. Bet responsibly. 21+

#sportsbetting #mlbpicks #baseballbetting #bettingtips #freepicks #bettingcommunity #sharpbetting #valuebet #edgebetting #mlbodds

── PROPS ─────────────────────────────────────────────────────────────

Found some fat lines in today's player props. Model says bet these.

May 17 Player Props 🧮
━━━━━━━━━━━━━━━
⚡ Strikeouts:
  • Jack Flaherty OVER 6.5 Ks (proj 7.2) +275 [BetRivers]
  • Robert Gasser UNDER 3.5 Ks (proj 2.8) -105 [BetMGM]
  • Andre Pallante OVER 4.5 Ks (proj 4.9) +195 [BetRivers]
━━━━━━━━━━━━━━━

Model projects expected Ks using pitcher K/9 rate, last 10 starts, and opposing lineup OPS. We only post when we find real edge vs the book line.

Full slate in the props card above. Swipe for game picks 👆

Not financial advice. Bet responsibly. 21+

#sportsbetting #mlbpicks #baseballbetting #bettingtips #freepicks #bettingcommunity #sharpbetting #valuebet #edgebetting #mlbodds #playerpropbets #propbets #mlbprops #strikeoutprop #nhlpicks

── RUN LINE ──────────────────────────────────────────────────────────

AI ran the numbers on today's slate. These 5 games have edge.

May 17 MLB Picks 🔥
━━━━━━━━━━━━━━━
🔒 Los Angeles Angels (Los Angeles Dodgers @ Los Angeles Angels) -130 — +2.7 run edge [Fliff]
📌 Detroit Tigers (Toronto Blue Jays @ Detroit Tigers) -160 — +2.6 run edge [Hard Rock Bet]
📌 Colorado Rockies (Arizona Diamondbacks @ Colorado Rockies) -125 — +2.6 run edge [BetMGM]
• Minnesota Twins (Milwaukee Brewers @ Minnesota Twins) -150 — +2.6 run edge [Hard Rock Bet]
• Chicago White Sox (Chicago Cubs @ Chicago White Sox) -143 — +2.6 run edge [BetRivers]
━━━━━━━━━━━━━━━

All picks generated by our ensemble model (XGBoost + Pythagorean). We track every result publicly — link in bio.

Not financial advice. Bet responsibly. 21+

#sportsbetting #mlbpicks #baseballbetting #bettingtips #freepicks #bettingcommunity #sharpbetting #valuebet #edgebetting #mlbodds

══════════════════════════════════════════════════════════════════════
  Cards (PNG): output/picks/baseball_mlb/20260517/*.png
══════════════════════════════════════════════════════════════════════


══════════════════════════════════════════════════════════════════════
  CAPTIONS — MAY 18, 2026
  Source: output/picks/baseball_mlb/20260518
══════════════════════════════════════════════════════════════════════

── MONEYLINE PICKS ───────────────────────────────────────────────────

Dropping today's picks. Model found +EV on these lines 🔒

May 18 MLB Picks 🔥
━━━━━━━━━━━━━━━
🔒 Toronto Blue Jays +166 — +17% edge [FanDuel]
📌 Chicago White Sox +146 — +16% edge [FanDuel]
📌 Milwaukee Brewers +148 — +14% edge [Pinnacle]
• Cleveland Guardians +128 — +14% edge [FanDuel]
• Cincinnati Reds +110 — +12% edge [theScore Bet]
━━━━━━━━━━━━━━━

All picks generated by our ensemble model (XGBoost + Pythagorean). We track every result publicly — link in bio.

Not financial advice. Bet responsibly. 21+

#sportsbetting #mlbpicks #baseballbetting #bettingtips #freepicks #bettingcommunity #sharpbetting #valuebet #edgebetting #mlbodds

── PROPS ─────────────────────────────────────────────────────────────

Sportsbooks mispriced these props today. We found them first.

May 18 Player Props 🧮
━━━━━━━━━━━━━━━
⚡ Strikeouts:
  • Sonny Gray UNDER 5.5 Ks (proj 3.2) -400 [theScore Bet]
  • Brandon Sproat OVER 4.5 Ks (proj 5.7) +140 [theScore Bet]
  • Nick Lodolo UNDER 6.5 Ks (proj 4.8) -240 [theScore Bet]
━━━━━━━━━━━━━━━

Model projects expected Ks using pitcher K/9 rate, last 10 starts, and opposing lineup OPS. We only post when we find real edge vs the book line.

Full slate in the props card above. Swipe for game picks 👆

Not financial advice. Bet responsibly. 21+

#sportsbetting #mlbpicks #baseballbetting #bettingtips #freepicks #bettingcommunity #sharpbetting #valuebet #edgebetting #mlbodds #playerpropbets #propbets #mlbprops #strikeoutprop #nhlpicks

── TOTALS ────────────────────────────────────────────────────────────

Dropping today's picks. Model found +EV on these lines 🔒

May 18 MLB Picks 🔥
━━━━━━━━━━━━━━━
🔒 OVER 9.5 (Texas Rangers @ Colorado Rockies) -109 — +1.9 run edge [DraftKings]
━━━━━━━━━━━━━━━

All picks generated by our ensemble model (XGBoost + Pythagorean). We track every result publicly — link in bio.

Not financial advice. Bet responsibly. 21+

#sportsbetting #mlbpicks #baseballbetting #bettingtips #freepicks #bettingcommunity #sharpbetting #valuebet #edgebetting #mlbodds

── RUN LINE ──────────────────────────────────────────────────────────

Dropping today's picks. Model found +EV on these lines 🔒

May 18 MLB Picks 🔥
━━━━━━━━━━━━━━━
🔒 Los Angeles Angels (Athletics @ Los Angeles Angels) -149 — +2.2 run edge [DraftKings]
━━━━━━━━━━━━━━━

All picks generated by our ensemble model (XGBoost + Pythagorean). We track every result publicly — link in bio.

Not financial advice. Bet responsibly. 21+

#sportsbetting #mlbpicks #baseballbetting #bettingtips #freepicks #bettingcommunity #sharpbetting #valuebet #edgebetting #mlbodds

══════════════════════════════════════════════════════════════════════
  Cards (PNG): output/picks/baseball_mlb/20260518/*.png
══════════════════════════════════════════════════════════════════════


══════════════════════════════════════════════════════════════════════
  CAPTIONS — MAY 19, 2026
  Source: output/picks/baseball_mlb/20260519
══════════════════════════════════════════════════════════════════════

── MONEYLINE PICKS ───────────────────────────────────────────────────

Sharp money targets for today. Model-verified, book-beatable.

May 19 MLB Picks 🔥
━━━━━━━━━━━━━━━
🔒 Cincinnati Reds +125 — +16% edge [theScore Bet]
📌 Chicago White Sox +129 — +14% edge [DraftKings]
📌 Athletics +115 — +13% edge [theScore Bet]
• Texas Rangers -108 — +12% edge [FanDuel]
• San Francisco Giants +105 — +10% edge [theScore Bet]
━━━━━━━━━━━━━━━

All picks generated by our ensemble model (XGBoost + Pythagorean). We track every result publicly — link in bio.

Not financial advice. Bet responsibly. 21+

#sportsbetting #mlbpicks #baseballbetting #bettingtips #freepicks #positiveev #kellycriterion #bettingmodel #AIbetting #datadrivenbetting

── PROPS ─────────────────────────────────────────────────────────────

Today's player props with model edge — pitcher Ks, hits, and more.

May 19 Player Props 🧮
━━━━━━━━━━━━━━━
⚡ Strikeouts:
  • Bailey Falter OVER 1.5 Ks (proj 4.3) -125 [Fliff]
  • Zebby Matthews UNDER 6.5 Ks (proj 3.9) -400 [theScore Bet]
  • Matthew Liberatore UNDER 5.5 Ks (proj 4.5) -240 [theScore Bet]
━━━━━━━━━━━━━━━

Model projects expected Ks using pitcher K/9 rate, last 10 starts, and opposing lineup OPS. We only post when we find real edge vs the book line.

Full slate in the props card above. Swipe for game picks 👆

Not financial advice. Bet responsibly. 21+

#sportsbetting #mlbpicks #baseballbetting #bettingtips #freepicks #positiveev #kellycriterion #bettingmodel #AIbetting #datadrivenbetting #playerpropbets #propbets #mlbprops #strikeoutprop #nhlpicks

── TOTALS ────────────────────────────────────────────────────────────

Sharp money targets for today. Model-verified, book-beatable.

May 19 MLB Picks 🔥
━━━━━━━━━━━━━━━
🔒 OVER 9.0 (New York Mets @ Washington Nationals) -102 — +1.8 run edge [DraftKings]
━━━━━━━━━━━━━━━

All picks generated by our ensemble model (XGBoost + Pythagorean). We track every result publicly — link in bio.

Not financial advice. Bet responsibly. 21+

#sportsbetting #mlbpicks #baseballbetting #bettingtips #freepicks #positiveev #kellycriterion #bettingmodel #AIbetting #datadrivenbetting

── RUN LINE ──────────────────────────────────────────────────────────

Sharp money targets for today. Model-verified, book-beatable.

May 19 MLB Picks 🔥
━━━━━━━━━━━━━━━
🔒 Los Angeles Dodgers (Los Angeles Dodgers @ San Diego Padres) +110 — +0.2 run edge [FanDuel]
📌 Atlanta Braves (Atlanta Braves @ Miami Marlins) +125 — +0.1 run edge [theScore Bet]
📌 Texas Rangers (Texas Rangers @ Colorado Rockies) +145 — +0.1 run edge [theScore Bet]
• Boston Red Sox (Boston Red Sox @ Kansas City Royals) +136 — +0.1 run edge [FanDuel]
• Minnesota Twins (Houston Astros @ Minnesota Twins) +160 — +0.1 run edge [BetRivers]
━━━━━━━━━━━━━━━

All picks generated by our ensemble model (XGBoost + Pythagorean). We track every result publicly — link in bio.

Not financial advice. Bet responsibly. 21+

#sportsbetting #mlbpicks #baseballbetting #bettingtips #freepicks #positiveev #kellycriterion #bettingmodel #AIbetting #datadrivenbetting

══════════════════════════════════════════════════════════════════════
  Cards (PNG): output/picks/baseball_mlb/20260519/*.png
══════════════════════════════════════════════════════════════════════


════════════════════════════════════════════════════════════════════════
  CAPTIONS — MAY 20, 2026
════════════════════════════════════════════════════════════════════════

────────────────────────────────────────────────────────────────────────
  MLB
  Source: output/picks/baseball_mlb/20260520
────────────────────────────────────────────────────────────────────────

  ── Instagram ──────────────────────────────────────────────────────────

  MLB — May 20 PICKS
  
  BEST BET
  OVER 9.5  -110 @ theScore Bet
  Model edge: +3.1%
  New York Mets @ Washington Nationals
  
  Also:
  - Cincinnati Reds (Reds @ Phillies)  -158 @ DraftKings  |  +2.6%
  
  Season Totals: 15-3 (83.3% WR)
  Picks timestamped before first pitch. Record in bio.
  
  Not financial advice. Bet responsibly. 21+
  
  #MLB #MLBpicks #sportsbetting #baseballbetting #sharpbetting #valuebet #totals #DraftKings #FanDuel #BetMGM #edgebetting #bettingmodel #freepicks #dailypicks #sportsbettingtips

  ── X / Twitter ────────────────────────────────────────────────────────

  MLB — May 20 | BEST BET
  OVER 9.5 (Mets @ Nationals)  -110 @theScoreBet
  Model edge: +3.1%
  Season Totals: 15-3 (83.3% WR)
  Not financial advice. Bet responsibly. 21+  #MLB #sportsbetting
  
  ---
  
  Full card:
  - Cincinnati Reds  -158 @DraftKings  (+2.6%)

  ── Reddit ─────────────────────────────────────────────────────────────

  **ChefTonyBets AI Model — MLB MAY 20, 2026**
  
  Running XGBoost + Pythagorean ensemble on MLB team stats. All picks logged with timestamp before first pitch.
  
  ---
  
  **Season Totals: 15-3 (83.3% WR)**
  
  **🔒 Totals (model's strongest market)**
  
  | Game | Bet | Odds | Edge | Book |
  |------|-----|------|------|------|
  | New York Mets @ Washington Nationals | OVER 9.5 | -110 | +3.1% | theScore Bet |
  
  **Other Edges**
  
  | Bet | Odds | Edge | Book |
  |-----|------|------|------|
  | Los Angeles Dodgers | -175 | +19.0% | DraftKings |
  | Atlanta Braves | -194 | +16.0% | FanDuel |
  | San Francisco Giants | +115 | +15.0% | theScore Bet |
  | Boston Red Sox | +100 | +12.4% | FanDuel |
  
  ---
  
  *Results posted daily. All picks logged before game time. No paid shills.*
  
  *Not financial advice. Bet responsibly. 21+*

  ── Parlay Instagram ───────────────────────────────────────────────────

  ⚾ May 20 SAME-GAME PARLAY — MLB
  
  🎰 3-Leg SAME-GAME PARLAY on FanDuel
  Combined odds: +597  |  $100 wins $597
  
    1. Atlanta Braves ML -194
    2. Boston Red Sox ML +100
    3. Chicago White Sox ML +130
  
  🎁 New to FanDuel? Sign up & bet $5+ → get $50 in Bonus Bets
  👉 Sign up link in bio 🔗
  
  Not financial advice. Bet responsibly. 21+
  
  #MLB #sportsbetting #MLBpicks #parlay #sharpbetting #valuebet #DraftKings #FanDuel #BetMGM #bettingmodel

  ── Parlay Reddit ──────────────────────────────────────────────────────

  **ChefTonyBets AI — MLB SAME-GAME PARLAY · MAY 20, 2026**
  
  AI model identified 3 correlated edges — built into a 3-leg same-game parlay on **FanDuel**.
  
  **Combined odds: +597** | $100 wins **$597**
  
  | # | Bet | Odds |
  |---|-----|------|
  | 1 | Atlanta Braves ML -194 | -194 |
  | 2 | Boston Red Sox ML +100 | +100 |
  | 3 | Chicago White Sox ML +130 | +130 |
  
  **Sign up via my referral (FanDuel):** Sign up & bet $5+ → get $50 in Bonus Bets — [Sign up here](https://fndl.co/92pew6d)
  
  ---
  
  *All picks timestamped before tip-off/first pitch. Results posted daily.*
  
  *Not financial advice. Bet responsibly. 21+*

  ── Parlay Twitter ─────────────────────────────────────────────────────

  ⚾ May 20 | 3-LEG SAME-GAME PARLAY · MLB
  🔒 Atlanta Braves ML -194
  🔒 Boston Red Sox ML +100
  🔒 Chicago White Sox ML +130
  Combined: +597  ($100 → $597)
  Not financial advice. Bet responsibly. 21+  #MLB #parlay
  
  ---
  
  👇 New to FanDuel? Sign up & bet $5+ → get $50 in Bonus Bets
  Sign up with my link: https://fndl.co/92pew6d

  ── Reddit Mlb Picks ───────────────────────────────────────────────────

  **ChefTonyBets AI — MLB Picks · 5/20/26 (Wednesday)**
  
  XGBoost + Pythagorean ensemble | Walk-forward validated | **Season: 28-26 (51.9% WR, +0.0u)**
  
  All picks timestamped before first pitch. No retroactive edits.
  
  ---
  
  **💰 Moneyline Edges**
  
  | Game | Odds | Edge | Book |
  |------|------|------|------|
  | Los Angeles Dodgers vs  | -175 | +19.0% | DraftKings |
  | Atlanta Braves vs  | -194 | +16.0% | FanDuel |
  | San Francisco Giants vs  | +115 | +15.0% | theScore Bet |
  | Baltimore Orioles vs  | +115 | +14.4% | Pinnacle |
  | Boston Red Sox vs  | +100 | +12.4% | FanDuel |
  
  **⚡ NRFI Plays**
  
  | Game | Bet | Proj% | Book |
  |------|-----|-------|------|
  | Toronto Blue Jays @ New York Yankees NRFI (Trey Yesavage vs Cam Schlittler) | NRFI -120 | 67% | – |
  | Los Angeles Dodgers @ San Diego Padres NRFI (Shohei Ohtani vs Randy Vásquez) | NRFI -120 | 67% | – |
  | Boston Red Sox @ Kansas City Royals NRFI (Connelly Early vs Michael Wacha) | NRFI -120 | 67% | – |
  | Atlanta Braves @ Miami Marlins NRFI (Chris Sale vs Janson Junk) | NRFI -120 | 67% | – |
  | Milwaukee Brewers @ Chicago Cubs NRFI (Kyle Harrison vs Edward Cabrera) | NRFI -120 | 66% | – |
  
  ---
  
  **Model overview:** Ensemble of XGBoost (pitcher ERA, FIP, xFIP, bullpen REST, lineup wRC+) and Pythagorean expectation. Edge = model win prob minus sportsbook implied prob after vig removal. Only plays where both methods agree are posted as card picks.
  
  Drop questions in the comments — happy to explain any pick.
  
  *Not financial advice. Bet responsibly. 21+*

  ── Reddit Mlb Props ───────────────────────────────────────────────────

  **ChefTonyBets AI — MLB Props · 5/20/26 (Wednesday)**
  
  Running XGBoost prop model on pitcher K-rate, batter contact, park factors, and weather. 14 edges found today.
  
  **Season Record (props):** 28-26 (51.9% WR, +0.0u)
  
  ---
  
  **🎯 Pitcher Strikeouts**
  
  | Player | Bet | Odds | Edge | Book |
  |--------|-----|------|------|------|
  | Zach Thornton | UNDER Strikeouts 4.5 | -286 | +22.2% (proj: 2.8) | BetRivers |
  | Merrill Kelly | UNDER Strikeouts 5.5 | -425 | +15.6% (proj: 3.7) | theScore Bet |
  | Chris Sale | UNDER Strikeouts 8.5 | -260 | +15.1% (proj: 6.8) | theScore Bet |
  | Andrew Abbott | UNDER Strikeouts 5.5 | -325 | +13.8% (proj: 4.0) | theScore Bet |
  | Joe Ryan | UNDER Strikeouts 7.5 | -350 | +13.3% (proj: 5.7) | theScore Bet |
  | Sean Burke | UNDER Strikeouts 6.5 | -400 | +13.3% (proj: 4.7) | theScore Bet |
  | Michael Wacha | UNDER Strikeouts 5.5 | -260 | +10.4% (proj: 4.4) | theScore Bet |
  | Tanner Bibee | UNDER Strikeouts 5.5 | -180 | +9.7% (proj: 4.9) | theScore Bet |
  
  ---
  
  **How the prop model works:** Projects pitcher strikeout totals using K/9, opposing team K%, umpire tendencies, and ballpark factors. Batter props use wOBA, hard-hit rate, and matchup data vs. starter handedness.
  
  All picks logged before first pitch. Verified record in post history.
  
  *Not financial advice. Bet responsibly. 21+*

  ── Reddit Potd ────────────────────────────────────────────────────────

  **ChefTonyBets AI — Pick of the Day · 5/20/26 (Wednesday)**
  
  **Sport:** MLB
  **Pick:** Los Angeles Dodgers Moneyline -175 @ DraftKings
  **Event:** Los Angeles Dodgers
  **Bet Size:** 1.0 units
  
  ---
  
  **Model Edge:** +19.0% (model: 0.0% vs market: 63.6%)
  **Season Record:** 28-26 (51.9% WR, +0.0u)
  
  ---
  
  **About the Model**
  
  XGBoost + Pythagorean expectation ensemble trained on 10 years of MLB/NBA data. Walk-forward validated on held-out seasons. Edges calculated by comparing model win probability to sportsbook implied probability after vig removal. Kelly criterion used for sizing.
  
  The model runs daily before first pitch/tip-off. All picks are timestamped and logged publicly — you can verify the record at any point. No retroactive changes.
  
  This pick was selected as POTD because it has the highest positive expected value among today's plays within the -200/+200 odds requirement.
  
  ---
  
  *Not financial advice. Bet responsibly. 21+*

  ── MONEYLINE PICKS ────────────────────────────────────────────────────

  Today's slate is live. Model flagged these 5 as best value.
  
  May 20 MLB Picks 🔥
  ━━━━━━━━━━━━━━━
  🔒 Los Angeles Dodgers -175 — +19% edge [DraftKings]
  📌 Atlanta Braves -194 — +16% edge [FanDuel]
  📌 San Francisco Giants +115 — +15% edge [theScore Bet]
  • Baltimore Orioles +115 — +14% edge [Pinnacle]
  • Boston Red Sox +100 — +12% edge [FanDuel]
  ━━━━━━━━━━━━━━━
  
  All picks generated by our ensemble model (XGBoost + Pythagorean). We track every result publicly — link in bio.
  
  Not financial advice. Bet responsibly. 21+
  
  #sportsbetting #mlbpicks #baseballbetting #bettingtips #freepicks #baseballpicks #mlbtoday #baseballfan #baseballlife #mlbgames

  ── PROPS ──────────────────────────────────────────────────────────────

  Props slate for today. AI projected vs book line, pick the overs.
  
  May 20 Player Props 🧮
  ━━━━━━━━━━━━━━━
  ⚡ Strikeouts:
    • Zach Thornton UNDER 4.5 Ks (proj 2.8) -286 [BetRivers]
    • Merrill Kelly UNDER 5.5 Ks (proj 3.7) -425 [theScore Bet]
    • Chris Sale UNDER 8.5 Ks (proj 6.8) -260 [theScore Bet]
  ━━━━━━━━━━━━━━━
  
  Model projects expected Ks using pitcher K/9 rate, last 10 starts, and opposing lineup OPS. We only post when we find real edge vs the book line.
  
  Full slate in the props card above. Swipe for game picks 👆
  
  Not financial advice. Bet responsibly. 21+
  
  #sportsbetting #mlbpicks #baseballbetting #bettingtips #freepicks #baseballpicks #mlbtoday #baseballfan #baseballlife #mlbgames #playerpropbets #propbets #mlbprops #strikeoutprop #nhlpicks

  ── TOTALS ─────────────────────────────────────────────────────────────

  Today's slate is live. Model flagged these 5 as best value.
  
  May 20 MLB Picks 🔥
  ━━━━━━━━━━━━━━━
  🔒 OVER 9.5 (New York Mets @ Washington Nationals) -110 — +3.1 run edge [theScore Bet]
  ━━━━━━━━━━━━━━━
  
  All picks generated by our ensemble model (XGBoost + Pythagorean). We track every result publicly — link in bio.
  
  Not financial advice. Bet responsibly. 21+
  
  #sportsbetting #mlbpicks #baseballbetting #bettingtips #freepicks #baseballpicks #mlbtoday #baseballfan #baseballlife #mlbgames

  ── RUN LINE ───────────────────────────────────────────────────────────

  Today's slate is live. Model flagged these 5 as best value.
  
  May 20 MLB Picks 🔥
  ━━━━━━━━━━━━━━━
  🔒 Cincinnati Reds (Cincinnati Reds @ Philadelphia Phillies) -158 — +2.6 run edge [DraftKings]
  ━━━━━━━━━━━━━━━
  
  All picks generated by our ensemble model (XGBoost + Pythagorean). We track every result publicly — link in bio.
  
  Not financial advice. Bet responsibly. 21+
  
  #sportsbetting #mlbpicks #baseballbetting #bettingtips #freepicks #baseballpicks #mlbtoday #baseballfan #baseballlife #mlbgames

────────────────────────────────────────────────────────────────────────
  NBA
  Source: output/picks/basketball_nba/20260520
────────────────────────────────────────────────────────────────────────

  ── Instagram ──────────────────────────────────────────────────────────

  NBA — May 20 PICKS
  
  BEST BET
  OVER 216.5  -108 @ DraftKings
  Model edge: +14.2%
  San Antonio Spurs @ Oklahoma City Thunder
  
  Season Totals: 15-3 (83.3% WR)
  Picks timestamped before first pitch. Record in bio.
  
  Not financial advice. Bet responsibly. 21+
  
  #NBA #NBAPlayoffs #sportsbetting #NBApicks #sharpbetting #valuebet #edgebetting #DraftKings #FanDuel #BetMGM #bettingmodel #freepicks #dailypicks #NBAPlayoffs2026

  ── X / Twitter ────────────────────────────────────────────────────────

  NBA — May 20 | BEST BET
  OVER 216.5 (Spurs @ Thunder)  -108 @DraftKings
  Model edge: +14.2%
  Season Totals: 15-3 (83.3% WR)
  Not financial advice. Bet responsibly. 21+  #NBAPlayoffs #sportsbetting

  ── Reddit ─────────────────────────────────────────────────────────────

  **ChefTonyBets AI Model — NBA PLAYOFFS MAY 20, 2026**
  
  Running XGBoost on NBA efficiency ratings (ORtg/DRtg/Pace). Walk-forward validated on 2015-2026 games. All picks logged with timestamp before tip-off.
  
  ---
  
  **Season Totals: 15-3 (83.3% WR)**
  
  **🔒 Totals (model's strongest market)**
  
  | Game | Bet | Odds | Edge | Book |
  |------|-----|------|------|------|
  | San Antonio Spurs @ Oklahoma City Thunder | OVER 216.5 | -108 | +14.2% | DraftKings |
  
  ---
  
  *Results posted daily. All picks logged before game time. No paid shills.*
  
  *Not financial advice. Bet responsibly. 21+*

  ── Reddit Nba Picks ───────────────────────────────────────────────────

  **ChefTonyBets AI — NBA Picks · 5/20/26 (Wednesday)**
  
  XGBoost on ORtg/DRtg/Pace efficiency ratings | **Season: 12-3 (80.0% WR, +0.0u)**
  
  All picks timestamped before tip-off. Verified record in post history.
  
  ---
  
  **📊 Totals (O/U)**
  
  | Game | Bet | Edge | Book |
  |------|-----|------|------|
  | San Antonio Spurs @ Oklahoma City Thunder | OVER  -108 | +14.2% | DraftKings |
  
  ---
  
  **Model overview:** Trains on 10 years of NBA box scores. Features: offensive/defensive rating, pace, rest advantage, travel, home court, lineup injury adjustments. Walk-forward validated — no look-ahead bias. Edge = model probability minus sportsbook implied after vig removal.
  
  Drop any questions below.
  
  *Not financial advice. Bet responsibly. 21+*

  ── Reddit Potd ────────────────────────────────────────────────────────

  **ChefTonyBets AI — Pick of the Day · 5/20/26 (Wednesday)**
  
  **Sport:** NBA
  **Pick:** OVER 216.5 TOTAL -108 @ DraftKings
  **Event:** San Antonio Spurs @ Oklahoma City Thunder
  **Bet Size:** 1.0 units
  
  ---
  
  **Model Edge:** +14.2% (model: 0.0% vs market: 51.9%)
  **Season Record:** 12-3 (80.0% WR, +0.0u)
  
  ---
  
  **About the Model**
  
  XGBoost + Pythagorean expectation ensemble trained on 10 years of MLB/NBA data. Walk-forward validated on held-out seasons. Edges calculated by comparing model win probability to sportsbook implied probability after vig removal. Kelly criterion used for sizing.
  
  The model runs daily before first pitch/tip-off. All picks are timestamped and logged publicly — you can verify the record at any point. No retroactive changes.
  
  This pick was selected as POTD because it has the highest positive expected value among today's plays within the -200/+200 odds requirement.
  
  ---
  
  *Not financial advice. Bet responsibly. 21+*

  ── MONEYLINE PICKS ────────────────────────────────────────────────────

  Tonight's NBA slate — algorithm found the best value plays.
  
  May 20 NBA PLAYOFFS Picks 🔥
  ━━━━━━━━━━━━━━━
  🔒 OVER 216.5 (SAN vs OKL) -108 — +14.2% edge [DraftKings]
  ━━━━━━━━━━━━━━━
  
  Picks generated by our efficiency-rating model (ORtg/DRtg/Pace). We track every result publicly — link in bio.
  
  Not financial advice. Bet responsibly. 21+
  
  #NBA #NBAPlayoffs #sportsbetting #NBApicks #basketballpicks #NBAtoday #NBAbasketball #basketballbetting #NBAPlayoffs2026 #playoffs #NBAplayoff

  ── PROPS ──────────────────────────────────────────────────────────────

  Found fat lines in today's NBA props. Model says bet these.
  
  May 20 NBA Player Props 🧮
  ━━━━━━━━━━━━━━━
  🔥 Points:
    • Luguentz Dort UNDER 5.5 PTS (proj 7.9) -102 [FanDuel]
  💪 Rebounds:
    • Cason Wallace UNDER 2.5 REB +105 [Hard Rock Bet]
    • Jalen Williams UNDER 4.5 REB -104 [DraftKings]
  ━━━━━━━━━━━━━━━
  
  Model projects each stat using season averages + opponent defensive rating. Only posts when we find real edge vs the book line.
  
  Swipe for game picks 👆
  
  Not financial advice. Bet responsibly. 21+
  
  #NBA #NBAPlayoffs #sportsbetting #NBApicks #basketballpicks #NBAtoday #NBAbasketball #basketballbetting #NBAPlayoffs2026 #playoffs #NBAplayoff #NBApropbets #propbets #NBAprops #pointsprop #reboundsprop

  ── TOTALS ─────────────────────────────────────────────────────────────

  Model projected tonight's totals. These lines are off.
  
  May 20 NBA PLAYOFFS Totals 📊
  ━━━━━━━━━━━━━━━
  🔒 OVER 216.5 (San Antonio Spurs @ Oklahoma City Thunder) -108 — +14.2% edge [DraftKings]
  ━━━━━━━━━━━━━━━
  
  Pace + ORtg/DRtg model projects the final score of every game. Only posting where we find edge.
  
  Not financial advice. Bet responsibly. 21+
  
  #NBA #NBAPlayoffs #sportsbetting #NBApicks #basketballpicks #NBAtoday #NBAbasketball #basketballbetting #NBAPlayoffs2026 #playoffs #NBAplayoff #NBAtotals #NBAovers #NBAunders

────────────────────────────────────────────────────────────────────────
  Tennis — Roland-Garros (ATP)
  Source: output/picks/tennis_atp_french_open/20260520
────────────────────────────────────────────────────────────────────────

  ── Instagram ──────────────────────────────────────────────────────────

  🎾 FRENCH OPEN — May 20 PICKS
  
  Elo model scanning today's clay court matches.
  Picks logged before match time. Record in bio.
  
  Not financial advice. Bet responsibly. 21+
  
  #tennis #rolandgarros #ATP #sportsbetting #bettingmodel #freepicks

  ── X / Twitter ────────────────────────────────────────────────────────

  🎾 French Open — May 20
  No edges meet threshold today. Watching clay court action.
  Not financial advice. Bet responsibly. 21+

  ── Reddit ─────────────────────────────────────────────────────────────

  **ChefTonyBets Elo Model — French Open May 20, 2026**
  
  Surface: Clay
  
  Model methodology: Surface-specific Elo ratings built from ATP/WTA match history (Kovalchik 2016 / Angelini 2022 peer-reviewed framework). Ratings updated after every match. Edges calculated vs no-vig implied probability across FanDuel, DraftKings, BetMGM, Caesars, and Bet365.
  
  ---
  
  No edges meet minimum threshold today.
  
  ---
  
  *All picks logged with timestamp before match start. Results posted daily.*
  
  *Not financial advice. Bet responsibly. 21+*

  ── TikTok Script ──────────────────────────────────────────────────────

  [TALKING HEAD — Tennis Picks May 20]
  [DURATION: 30-45 seconds]
  
  [HOLD UP PHONE / STAND IN FRONT OF CAMERA]
  
  HOOK (0-5s):
  "My Elo model just found a Clay court edge at French Open. Here's the pick."
  
  [PAUSE]
  
  ELO EXPLAINER (5-15s):
  "So what's an Elo model? Think chess ratings — every tennis player gets a number
  based on who they beat and how. Beat a top-10 guy, your number shoots up.
  Lose to a qualifier, it tanks. My model tracks these ratings by surface,
  because a clay-court Elo and a grass-court Elo are completely different numbers."
  
  [PAUSE]
  
  THE PICK (15-25s):
  "Today's top play: no clear edge today  at .
  My model gives them a  edge over the book's number.
  That's meaningful on clay — it's a grind-it-out surface where Elo is most predictive."
  
  [SHOW SCREEN — caption or pick card]
  
  CTA (25-35s):
  "Full card's in the caption. Every pick gets logged before match time —
  you can verify the timestamp. Follow for the nightly recap."
  
  [PAUSE]
  
  OUTRO:
  "Not financial advice. Bet responsibly. 21+."
  
  [END]

────────────────────────────────────────────────────────────────────────
  Basketball Wnba
  Source: output/picks/basketball_wnba/20260520
────────────────────────────────────────────────────────────────────────

  ── Instagram ──────────────────────────────────────────────────────────

  NBA — May 20 PICKS
  
  BEST BET
  Indiana Fever  -115 @ Fliff
  Model edge: +50.6%
  Portland Fire @ Indiana Fever
  
  Also:
  - Indiana Fever (Fire @ Fever)  -110 @ BetRivers  |  +49.5%
  - Indiana Fever (Fire @ Fever)  -115 @ Hard Rock Bet  |  +47.9%
  
  Season Totals: 11-3 (78.6% WR)
  Picks timestamped before first pitch. Record in bio.
  
  Not financial advice. Bet responsibly. 21+
  
  #NBA #NBAPlayoffs #sportsbetting #NBApicks #sharpbetting #valuebet #edgebetting #DraftKings #FanDuel #BetMGM #bettingmodel #freepicks #dailypicks #NBAPlayoffs2026

  ── X / Twitter ────────────────────────────────────────────────────────

  NBA — May 20 | BEST BET
  Indiana Fever (Fire @ Fever)  -115 @Fliff
  Model edge: +50.6%
  Season Totals: 11-3 (78.6% WR)
  Not financial advice. Bet responsibly. 21+  #NBAPlayoffs #sportsbetting
  
  ---
  
  Full card:
  - Indiana Fever  -110 @BetRivers  (+49.5%)
  - Indiana Fever  -115 @HardRockBet  (+47.9%)
  - Seattle Storm  -110 @theScoreBet  (+31.6%)

  ── Reddit ─────────────────────────────────────────────────────────────

  **ChefTonyBets AI Model — NBA PLAYOFFS MAY 20, 2026**
  
  Running XGBoost on NBA efficiency ratings (ORtg/DRtg/Pace). Walk-forward validated on 2015-2026 games. All picks logged with timestamp before tip-off.
  
  ---
  
  **Season Totals: 11-3 (78.6% WR)**
  
  **🔒 Totals (model's strongest market)**
  
  | Game | Bet | Odds | Edge | Book |
  |------|-----|------|------|------|
  | Portland Fire @ Indiana Fever | UNDER 180.5 | -108 | +24.8% | FanDuel |
  | Portland Fire @ Indiana Fever | UNDER 179.5 | -105 | +23.4% | theScore Bet |
  | Connecticut Sun @ Seattle Storm | UNDER 168.5 | -110 | +23.4% | theScore Bet |
  | Connecticut Sun @ Seattle Storm | UNDER 167.5 | -105 | +22.4% | Hard Rock Bet |
  | Connecticut Sun @ Seattle Storm | UNDER 168.0 | -112 | +22.4% | BetRivers |
  
  **Other Edges**
  
  | Bet | Odds | Edge | Book |
  |-----|------|------|------|
  | Indiana Fever | -115 | +50.6% | Fliff |
  | Indiana Fever | -110 | +49.5% | BetRivers |
  | Indiana Fever | -115 | +47.9% | Hard Rock Bet |
  | Seattle Storm | -110 | +31.6% | theScore Bet |
  
  ---
  
  *Results posted daily. All picks logged before game time. No paid shills.*
  
  *Not financial advice. Bet responsibly. 21+*

════════════════════════════════════════════════════════════════════════


════════════════════════════════════════════════════════════════════════
  CAPTIONS — MAY 20, 2026
════════════════════════════════════════════════════════════════════════

────────────────────────────────────────────────────────────────────────
  MLB
  Source: output/picks/baseball_mlb/20260520
────────────────────────────────────────────────────────────────────────

  ── Instagram ──────────────────────────────────────────────────────────

  MLB — May 20 PICKS
  
  BEST BET
  OVER 9.5  -110 @ theScore Bet
  Model edge: +3.1%
  New York Mets @ Washington Nationals
  
  Also:
  - Cincinnati Reds (Reds @ Phillies)  -158 @ DraftKings  |  +2.6%
  
  Season Totals: 15-3 (83.3% WR)
  Picks timestamped before first pitch. Record in bio.
  
  Not financial advice. Bet responsibly. 21+
  
  #MLB #MLBpicks #sportsbetting #baseballbetting #sharpbetting #valuebet #totals #DraftKings #FanDuel #BetMGM #edgebetting #bettingmodel #freepicks #dailypicks #sportsbettingtips

  ── X / Twitter ────────────────────────────────────────────────────────

  MLB — May 20 | BEST BET
  OVER 9.5 (Mets @ Nationals)  -110 @theScoreBet
  Model edge: +3.1%
  Season Totals: 15-3 (83.3% WR)
  Not financial advice. Bet responsibly. 21+  #MLB #sportsbetting
  
  ---
  
  Full card:
  - Cincinnati Reds  -158 @DraftKings  (+2.6%)

  ── Reddit ─────────────────────────────────────────────────────────────

  **ChefTonyBets AI Model — MLB MAY 20, 2026**
  
  Running XGBoost + Pythagorean ensemble on MLB team stats. All picks logged with timestamp before first pitch.
  
  ---
  
  **Season Totals: 15-3 (83.3% WR)**
  
  **🔒 Totals (model's strongest market)**
  
  | Game | Bet | Odds | Edge | Book |
  |------|-----|------|------|------|
  | New York Mets @ Washington Nationals | OVER 9.5 | -110 | +3.1% | theScore Bet |
  
  **Other Edges**
  
  | Bet | Odds | Edge | Book |
  |-----|------|------|------|
  | Los Angeles Dodgers | -175 | +19.0% | DraftKings |
  | Atlanta Braves | -194 | +16.0% | FanDuel |
  | San Francisco Giants | +115 | +15.0% | theScore Bet |
  | Boston Red Sox | +100 | +12.4% | FanDuel |
  
  ---
  
  *Results posted daily. All picks logged before game time. No paid shills.*
  
  *Not financial advice. Bet responsibly. 21+*

  ── Parlay Instagram ───────────────────────────────────────────────────

  ⚾ May 20 SAME-GAME PARLAY — MLB
  
  🎰 3-Leg SAME-GAME PARLAY on FanDuel
  Combined odds: +597  |  $100 wins $597
  
    1. Atlanta Braves ML -194
    2. Boston Red Sox ML +100
    3. Chicago White Sox ML +130
  
  🎁 New to FanDuel? Sign up & bet $5+ → get $50 in Bonus Bets
  👉 Sign up link in bio 🔗
  
  Not financial advice. Bet responsibly. 21+
  
  #MLB #sportsbetting #MLBpicks #parlay #sharpbetting #valuebet #DraftKings #FanDuel #BetMGM #bettingmodel

  ── Parlay Reddit ──────────────────────────────────────────────────────

  **ChefTonyBets AI — MLB SAME-GAME PARLAY · MAY 20, 2026**
  
  AI model identified 3 correlated edges — built into a 3-leg same-game parlay on **FanDuel**.
  
  **Combined odds: +597** | $100 wins **$597**
  
  | # | Bet | Odds |
  |---|-----|------|
  | 1 | Atlanta Braves ML -194 | -194 |
  | 2 | Boston Red Sox ML +100 | +100 |
  | 3 | Chicago White Sox ML +130 | +130 |
  
  **Sign up via my referral (FanDuel):** Sign up & bet $5+ → get $50 in Bonus Bets — [Sign up here](https://fndl.co/92pew6d)
  
  ---
  
  *All picks timestamped before tip-off/first pitch. Results posted daily.*
  
  *Not financial advice. Bet responsibly. 21+*

  ── Parlay Twitter ─────────────────────────────────────────────────────

  ⚾ May 20 | 3-LEG SAME-GAME PARLAY · MLB
  🔒 Atlanta Braves ML -194
  🔒 Boston Red Sox ML +100
  🔒 Chicago White Sox ML +130
  Combined: +597  ($100 → $597)
  Not financial advice. Bet responsibly. 21+  #MLB #parlay
  
  ---
  
  👇 New to FanDuel? Sign up & bet $5+ → get $50 in Bonus Bets
  Sign up with my link: https://fndl.co/92pew6d

  ── Reddit Mlb Picks ───────────────────────────────────────────────────

  **ChefTonyBets AI — MLB Picks · 5/20/26 (Wednesday)**
  
  XGBoost + Pythagorean ensemble | Walk-forward validated | **Season: 28-26 (51.9% WR, +0.0u)**
  
  All picks timestamped before first pitch. No retroactive edits.
  
  ---
  
  **💰 Moneyline Edges**
  
  | Game | Odds | Edge | Book |
  |------|------|------|------|
  | Los Angeles Dodgers vs  | -175 | +19.0% | DraftKings |
  | Atlanta Braves vs  | -194 | +16.0% | FanDuel |
  | San Francisco Giants vs  | +115 | +15.0% | theScore Bet |
  | Baltimore Orioles vs  | +115 | +14.4% | Pinnacle |
  | Boston Red Sox vs  | +100 | +12.4% | FanDuel |
  
  **⚡ NRFI Plays**
  
  | Game | Bet | Proj% | Book |
  |------|-----|-------|------|
  | Toronto Blue Jays @ New York Yankees NRFI (Trey Yesavage vs Cam Schlittler) | NRFI -120 | 67% | – |
  | Los Angeles Dodgers @ San Diego Padres NRFI (Shohei Ohtani vs Randy Vásquez) | NRFI -120 | 67% | – |
  | Boston Red Sox @ Kansas City Royals NRFI (Connelly Early vs Michael Wacha) | NRFI -120 | 67% | – |
  | Atlanta Braves @ Miami Marlins NRFI (Chris Sale vs Janson Junk) | NRFI -120 | 67% | – |
  | Milwaukee Brewers @ Chicago Cubs NRFI (Kyle Harrison vs Edward Cabrera) | NRFI -120 | 66% | – |
  
  ---
  
  **Model overview:** Ensemble of XGBoost (pitcher ERA, FIP, xFIP, bullpen REST, lineup wRC+) and Pythagorean expectation. Edge = model win prob minus sportsbook implied prob after vig removal. Only plays where both methods agree are posted as card picks.
  
  Drop questions in the comments — happy to explain any pick.
  
  *Not financial advice. Bet responsibly. 21+*

  ── Reddit Mlb Props ───────────────────────────────────────────────────

  **ChefTonyBets AI — MLB Props · 5/20/26 (Wednesday)**
  
  Running XGBoost prop model on pitcher K-rate, batter contact, park factors, and weather. 14 edges found today.
  
  **Season Record (props):** 28-26 (51.9% WR, +0.0u)
  
  ---
  
  **🎯 Pitcher Strikeouts**
  
  | Player | Bet | Odds | Edge | Book |
  |--------|-----|------|------|------|
  | Zach Thornton | UNDER Strikeouts 4.5 | -286 | +22.2% (proj: 2.8) | BetRivers |
  | Merrill Kelly | UNDER Strikeouts 5.5 | -425 | +15.6% (proj: 3.7) | theScore Bet |
  | Chris Sale | UNDER Strikeouts 8.5 | -260 | +15.1% (proj: 6.8) | theScore Bet |
  | Andrew Abbott | UNDER Strikeouts 5.5 | -325 | +13.8% (proj: 4.0) | theScore Bet |
  | Joe Ryan | UNDER Strikeouts 7.5 | -350 | +13.3% (proj: 5.7) | theScore Bet |
  | Sean Burke | UNDER Strikeouts 6.5 | -400 | +13.3% (proj: 4.7) | theScore Bet |
  | Michael Wacha | UNDER Strikeouts 5.5 | -260 | +10.4% (proj: 4.4) | theScore Bet |
  | Tanner Bibee | UNDER Strikeouts 5.5 | -180 | +9.7% (proj: 4.9) | theScore Bet |
  
  ---
  
  **How the prop model works:** Projects pitcher strikeout totals using K/9, opposing team K%, umpire tendencies, and ballpark factors. Batter props use wOBA, hard-hit rate, and matchup data vs. starter handedness.
  
  All picks logged before first pitch. Verified record in post history.
  
  *Not financial advice. Bet responsibly. 21+*

  ── Reddit Potd ────────────────────────────────────────────────────────

  **ChefTonyBets AI — Pick of the Day · 5/20/26 (Wednesday)**
  
  **Sport:** MLB
  **Pick:** Los Angeles Dodgers Moneyline -175 @ DraftKings
  **Event:** Los Angeles Dodgers
  **Bet Size:** 1.0 units
  
  ---
  
  **Model Edge:** +19.0% (model: 0.0% vs market: 63.6%)
  **Season Record:** 28-26 (51.9% WR, +0.0u)
  
  ---
  
  **About the Model**
  
  XGBoost + Pythagorean expectation ensemble trained on 10 years of MLB/NBA data. Walk-forward validated on held-out seasons. Edges calculated by comparing model win probability to sportsbook implied probability after vig removal. Kelly criterion used for sizing.
  
  The model runs daily before first pitch/tip-off. All picks are timestamped and logged publicly — you can verify the record at any point. No retroactive changes.
  
  This pick was selected as POTD because it has the highest positive expected value among today's plays within the -200/+200 odds requirement.
  
  ---
  
  *Not financial advice. Bet responsibly. 21+*

  ── MONEYLINE PICKS ────────────────────────────────────────────────────

  Today's slate is live. Model flagged these 5 as best value.
  
  May 20 MLB Picks 🔥
  ━━━━━━━━━━━━━━━
  🔒 Los Angeles Dodgers -175 — +19% edge [DraftKings]
  📌 Atlanta Braves -194 — +16% edge [FanDuel]
  📌 San Francisco Giants +115 — +15% edge [theScore Bet]
  • Baltimore Orioles +115 — +14% edge [Pinnacle]
  • Boston Red Sox +100 — +12% edge [FanDuel]
  ━━━━━━━━━━━━━━━
  
  All picks generated by our ensemble model (XGBoost + Pythagorean). We track every result publicly — link in bio.
  
  Not financial advice. Bet responsibly. 21+
  
  #sportsbetting #mlbpicks #baseballbetting #bettingtips #freepicks #baseballpicks #mlbtoday #baseballfan #baseballlife #mlbgames

  ── PROPS ──────────────────────────────────────────────────────────────

  Props slate for today. AI projected vs book line, pick the overs.
  
  May 20 Player Props 🧮
  ━━━━━━━━━━━━━━━
  ⚡ Strikeouts:
    • Zach Thornton UNDER 4.5 Ks (proj 2.8) -286 [BetRivers]
    • Merrill Kelly UNDER 5.5 Ks (proj 3.7) -425 [theScore Bet]
    • Chris Sale UNDER 8.5 Ks (proj 6.8) -260 [theScore Bet]
  ━━━━━━━━━━━━━━━
  
  Model projects expected Ks using pitcher K/9 rate, last 10 starts, and opposing lineup OPS. We only post when we find real edge vs the book line.
  
  Full slate in the props card above. Swipe for game picks 👆
  
  Not financial advice. Bet responsibly. 21+
  
  #sportsbetting #mlbpicks #baseballbetting #bettingtips #freepicks #baseballpicks #mlbtoday #baseballfan #baseballlife #mlbgames #playerpropbets #propbets #mlbprops #strikeoutprop #nhlpicks

  ── TOTALS ─────────────────────────────────────────────────────────────

  Today's slate is live. Model flagged these 5 as best value.
  
  May 20 MLB Picks 🔥
  ━━━━━━━━━━━━━━━
  🔒 OVER 9.5 (New York Mets @ Washington Nationals) -110 — +3.1 run edge [theScore Bet]
  ━━━━━━━━━━━━━━━
  
  All picks generated by our ensemble model (XGBoost + Pythagorean). We track every result publicly — link in bio.
  
  Not financial advice. Bet responsibly. 21+
  
  #sportsbetting #mlbpicks #baseballbetting #bettingtips #freepicks #baseballpicks #mlbtoday #baseballfan #baseballlife #mlbgames

  ── RUN LINE ───────────────────────────────────────────────────────────

  Today's slate is live. Model flagged these 5 as best value.
  
  May 20 MLB Picks 🔥
  ━━━━━━━━━━━━━━━
  🔒 Cincinnati Reds (Cincinnati Reds @ Philadelphia Phillies) -158 — +2.6 run edge [DraftKings]
  ━━━━━━━━━━━━━━━
  
  All picks generated by our ensemble model (XGBoost + Pythagorean). We track every result publicly — link in bio.
  
  Not financial advice. Bet responsibly. 21+
  
  #sportsbetting #mlbpicks #baseballbetting #bettingtips #freepicks #baseballpicks #mlbtoday #baseballfan #baseballlife #mlbgames

────────────────────────────────────────────────────────────────────────
  NBA
  Source: output/picks/basketball_nba/20260520
────────────────────────────────────────────────────────────────────────

  ── Instagram ──────────────────────────────────────────────────────────

  NBA — May 20 PICKS
  
  BEST BET
  OVER 217.5  -108 @ DraftKings
  Model edge: +13.7%
  San Antonio Spurs @ Oklahoma City Thunder
  
  Season Totals: 11-3 (78.6% WR)
  Picks timestamped before first pitch. Record in bio.
  
  Not financial advice. Bet responsibly. 21+
  
  #NBA #NBAPlayoffs #sportsbetting #NBApicks #sharpbetting #valuebet #edgebetting #DraftKings #FanDuel #BetMGM #bettingmodel #freepicks #dailypicks #NBAPlayoffs2026

  ── X / Twitter ────────────────────────────────────────────────────────

  NBA — May 20 | BEST BET
  OVER 217.5 (Spurs @ Thunder)  -108 @DraftKings
  Model edge: +13.7%
  Season Totals: 11-3 (78.6% WR)
  Not financial advice. Bet responsibly. 21+  #NBAPlayoffs #sportsbetting

  ── Reddit ─────────────────────────────────────────────────────────────

  **ChefTonyBets AI Model — NBA PLAYOFFS MAY 20, 2026**
  
  Running XGBoost on NBA efficiency ratings (ORtg/DRtg/Pace). Walk-forward validated on 2015-2026 games. All picks logged with timestamp before tip-off.
  
  ---
  
  **Season Totals: 11-3 (78.6% WR)**
  
  **🔒 Totals (model's strongest market)**
  
  | Game | Bet | Odds | Edge | Book |
  |------|-----|------|------|------|
  | San Antonio Spurs @ Oklahoma City Thunder | OVER 217.5 | -108 | +13.7% | DraftKings |
  
  ---
  
  *Results posted daily. All picks logged before game time. No paid shills.*
  
  *Not financial advice. Bet responsibly. 21+*

  ── Reddit Nba Picks ───────────────────────────────────────────────────

  **ChefTonyBets AI — NBA Picks · 5/20/26 (Wednesday)**
  
  XGBoost on ORtg/DRtg/Pace efficiency ratings | **Season: 8-3 (72.7% WR, +0.0u)**
  
  All picks timestamped before tip-off. Verified record in post history.
  
  ---
  
  **📊 Totals (O/U)**
  
  | Game | Bet | Edge | Book |
  |------|-----|------|------|
  | San Antonio Spurs @ Oklahoma City Thunder | OVER  -108 | +13.7% | DraftKings |
  
  ---
  
  **Model overview:** Trains on 10 years of NBA box scores. Features: offensive/defensive rating, pace, rest advantage, travel, home court, lineup injury adjustments. Walk-forward validated — no look-ahead bias. Edge = model probability minus sportsbook implied after vig removal.
  
  Drop any questions below.
  
  *Not financial advice. Bet responsibly. 21+*

  ── Reddit Potd ────────────────────────────────────────────────────────

  **ChefTonyBets AI — Pick of the Day · 5/20/26 (Wednesday)**
  
  **Sport:** NBA
  **Pick:** OVER 217.5 TOTAL -108 @ DraftKings
  **Event:** San Antonio Spurs @ Oklahoma City Thunder
  **Bet Size:** 1.0 units
  
  ---
  
  **Model Edge:** +13.7% (model: 0.0% vs market: 51.9%)
  **Season Record:** 8-3 (72.7% WR, +0.0u)
  
  ---
  
  **About the Model**
  
  XGBoost + Pythagorean expectation ensemble trained on 10 years of MLB/NBA data. Walk-forward validated on held-out seasons. Edges calculated by comparing model win probability to sportsbook implied probability after vig removal. Kelly criterion used for sizing.
  
  The model runs daily before first pitch/tip-off. All picks are timestamped and logged publicly — you can verify the record at any point. No retroactive changes.
  
  This pick was selected as POTD because it has the highest positive expected value among today's plays within the -200/+200 odds requirement.
  
  ---
  
  *Not financial advice. Bet responsibly. 21+*

  ── MONEYLINE PICKS ────────────────────────────────────────────────────

  Tonight's NBA slate — algorithm found the best value plays.
  
  May 20 NBA PLAYOFFS Picks 🔥
  ━━━━━━━━━━━━━━━
  🔒 OVER 217.5 (SAN vs OKL) -108 — +13.7% edge [DraftKings]
  ━━━━━━━━━━━━━━━
  
  Picks generated by our efficiency-rating model (ORtg/DRtg/Pace). We track every result publicly — link in bio.
  
  Not financial advice. Bet responsibly. 21+
  
  #NBA #NBAPlayoffs #sportsbetting #NBApicks #basketballpicks #NBAtoday #NBAbasketball #basketballbetting #NBAPlayoffs2026 #playoffs #NBAplayoff

  ── PROPS ──────────────────────────────────────────────────────────────

  Found fat lines in today's NBA props. Model says bet these.
  
  May 20 NBA Player Props 🧮
  ━━━━━━━━━━━━━━━
  💪 Rebounds:
    • Cason Wallace UNDER 2.5 REB +106 [FanDuel]
    • Jalen Williams UNDER 4.5 REB -104 [DraftKings]
  ━━━━━━━━━━━━━━━
  
  Model projects each stat using season averages + opponent defensive rating. Only posts when we find real edge vs the book line.
  
  Swipe for game picks 👆
  
  Not financial advice. Bet responsibly. 21+
  
  #NBA #NBAPlayoffs #sportsbetting #NBApicks #basketballpicks #NBAtoday #NBAbasketball #basketballbetting #NBAPlayoffs2026 #playoffs #NBAplayoff #NBApropbets #propbets #NBAprops #pointsprop #reboundsprop

  ── TOTALS ─────────────────────────────────────────────────────────────

  Model projected tonight's totals. These lines are off.
  
  May 20 NBA PLAYOFFS Totals 📊
  ━━━━━━━━━━━━━━━
  🔒 OVER 217.5 (San Antonio Spurs @ Oklahoma City Thunder) -108 — +13.7% edge [DraftKings]
  ━━━━━━━━━━━━━━━
  
  Pace + ORtg/DRtg model projects the final score of every game. Only posting where we find edge.
  
  Not financial advice. Bet responsibly. 21+
  
  #NBA #NBAPlayoffs #sportsbetting #NBApicks #basketballpicks #NBAtoday #NBAbasketball #basketballbetting #NBAPlayoffs2026 #playoffs #NBAplayoff #NBAtotals #NBAovers #NBAunders

────────────────────────────────────────────────────────────────────────
  Tennis — Roland-Garros (ATP)
  Source: output/picks/tennis_atp_french_open/20260520
────────────────────────────────────────────────────────────────────────

  ── Instagram ──────────────────────────────────────────────────────────

  🎾 FRENCH OPEN — May 20 PICKS
  
  Elo model scanning today's clay court matches.
  Picks logged before match time. Record in bio.
  
  Not financial advice. Bet responsibly. 21+
  
  #tennis #rolandgarros #ATP #sportsbetting #bettingmodel #freepicks

  ── X / Twitter ────────────────────────────────────────────────────────

  🎾 French Open — May 20
  No edges meet threshold today. Watching clay court action.
  Not financial advice. Bet responsibly. 21+

  ── Reddit ─────────────────────────────────────────────────────────────

  **ChefTonyBets Elo Model — French Open May 20, 2026**
  
  Surface: Clay
  
  Model methodology: Surface-specific Elo ratings built from ATP/WTA match history (Kovalchik 2016 / Angelini 2022 peer-reviewed framework). Ratings updated after every match. Edges calculated vs no-vig implied probability across FanDuel, DraftKings, BetMGM, Caesars, and Bet365.
  
  ---
  
  No edges meet minimum threshold today.
  
  ---
  
  *All picks logged with timestamp before match start. Results posted daily.*
  
  *Not financial advice. Bet responsibly. 21+*

  ── TikTok Script ──────────────────────────────────────────────────────

  [TALKING HEAD — Tennis Picks May 20]
  [DURATION: 30-45 seconds]
  
  [HOLD UP PHONE / STAND IN FRONT OF CAMERA]
  
  HOOK (0-5s):
  "My Elo model just found a Clay court edge at French Open. Here's the pick."
  
  [PAUSE]
  
  ELO EXPLAINER (5-15s):
  "So what's an Elo model? Think chess ratings — every tennis player gets a number
  based on who they beat and how. Beat a top-10 guy, your number shoots up.
  Lose to a qualifier, it tanks. My model tracks these ratings by surface,
  because a clay-court Elo and a grass-court Elo are completely different numbers."
  
  [PAUSE]
  
  THE PICK (15-25s):
  "Today's top play: no clear edge today  at .
  My model gives them a  edge over the book's number.
  That's meaningful on clay — it's a grind-it-out surface where Elo is most predictive."
  
  [SHOW SCREEN — caption or pick card]
  
  CTA (25-35s):
  "Full card's in the caption. Every pick gets logged before match time —
  you can verify the timestamp. Follow for the nightly recap."
  
  [PAUSE]
  
  OUTRO:
  "Not financial advice. Bet responsibly. 21+."
  
  [END]

────────────────────────────────────────────────────────────────────────
  Basketball Wnba
  Source: output/picks/basketball_wnba/20260520
────────────────────────────────────────────────────────────────────────

  ── Instagram ──────────────────────────────────────────────────────────

  NBA — May 20 PICKS
  
  BEST BET
  Indiana Fever  -115 @ Fliff
  Model edge: +50.6%
  Portland Fire @ Indiana Fever
  
  Also:
  - Indiana Fever (Fire @ Fever)  -110 @ BetRivers  |  +49.5%
  - Indiana Fever (Fire @ Fever)  -115 @ Hard Rock Bet  |  +47.9%
  
  Season Totals: 46-22 (67.6% WR)
  Picks timestamped before first pitch. Record in bio.
  
  Not financial advice. Bet responsibly. 21+
  
  #NBA #NBAPlayoffs #sportsbetting #NBApicks #sharpbetting #valuebet #edgebetting #DraftKings #FanDuel #BetMGM #bettingmodel #freepicks #dailypicks #NBAPlayoffs2026

  ── X / Twitter ────────────────────────────────────────────────────────

  NBA — May 20 | BEST BET
  Indiana Fever (Fire @ Fever)  -115 @Fliff
  Model edge: +50.6%
  Season Totals: 46-22 (67.6% WR)
  Not financial advice. Bet responsibly. 21+  #NBAPlayoffs #sportsbetting
  
  ---
  
  Full card:
  - Indiana Fever  -110 @BetRivers  (+49.5%)
  - Indiana Fever  -115 @HardRockBet  (+47.9%)
  - Seattle Storm  -110 @theScoreBet  (+31.6%)

  ── Reddit ─────────────────────────────────────────────────────────────

  **ChefTonyBets AI Model — NBA PLAYOFFS MAY 20, 2026**
  
  Running XGBoost on NBA efficiency ratings (ORtg/DRtg/Pace). Walk-forward validated on 2015-2026 games. All picks logged with timestamp before tip-off.
  
  ---
  
  **Season Totals: 46-22 (67.6% WR)**
  
  **🔒 Totals (model's strongest market)**
  
  | Game | Bet | Odds | Edge | Book |
  |------|-----|------|------|------|
  | Portland Fire @ Indiana Fever | UNDER 180.5 | -113 | +24.0% | BetRivers |
  | Portland Fire @ Indiana Fever | UNDER 179.5 | -105 | +23.4% | theScore Bet |
  | Connecticut Sun @ Seattle Storm | UNDER 168.5 | -110 | +23.4% | theScore Bet |
  | Connecticut Sun @ Seattle Storm | UNDER 167.5 | -105 | +22.4% | Hard Rock Bet |
  | Connecticut Sun @ Seattle Storm | UNDER 168.0 | -112 | +22.4% | BetRivers |
  
  **Other Edges**
  
  | Bet | Odds | Edge | Book |
  |-----|------|------|------|
  | Indiana Fever | -115 | +50.6% | Fliff |
  | Indiana Fever | -110 | +49.5% | BetRivers |
  | Indiana Fever | -115 | +47.9% | Hard Rock Bet |
  | Seattle Storm | -110 | +31.6% | theScore Bet |
  
  ---
  
  *Results posted daily. All picks logged before game time. No paid shills.*
  
  *Not financial advice. Bet responsibly. 21+*

════════════════════════════════════════════════════════════════════════


════════════════════════════════════════════════════════════════════════
  CAPTIONS — MAY 21, 2026
════════════════════════════════════════════════════════════════════════

────────────────────────────────────────────────────────────────────────
  MLB
  Source: output/picks/baseball_mlb/20260521
────────────────────────────────────────────────────────────────────────

  ── Instagram ──────────────────────────────────────────────────────────

  MLB — May 21 PICKS
  
  BEST BET
  St. Louis Cardinals  -160 @ FanDuel
  Model edge: +2.2%
  Pittsburgh Pirates @ St. Louis Cardinals
  
  Also:
  - OVER 7.5 (Braves @ Marlins)  -103 @ DraftKings  |  +1.5%
  Picks timestamped before first pitch. Record in bio.
  
  Not financial advice. Bet responsibly. 21+
  
  #MLB #MLBpicks #sportsbetting #baseballbetting #sharpbetting #valuebet #totals #DraftKings #FanDuel #BetMGM #edgebetting #bettingmodel #freepicks #dailypicks #sportsbettingtips

  ── X / Twitter ────────────────────────────────────────────────────────

  MLB — May 21 | BEST BET
  St. Louis Cardinals (Pirates @ Cardinals)  -160 @FanDuel
  Model edge: +2.2%
  Not financial advice. Bet responsibly. 21+  #MLB #sportsbetting
  
  ---
  
  Full card:
  - OVER 7.5  -103 @DraftKings  (+1.5%)

  ── Reddit ─────────────────────────────────────────────────────────────

  **ChefTonyBets AI Model — MLB MAY 21, 2026**
  
  Running XGBoost + Pythagorean ensemble on MLB team stats. All picks logged with timestamp before first pitch.
  
  ---
  
  **🔒 Totals (model's strongest market)**
  
  | Game | Bet | Odds | Edge | Book |
  |------|-----|------|------|------|
  | Atlanta Braves @ Miami Marlins | OVER 7.5 | -103 | +1.5% | DraftKings |
  
  **Other Edges**
  
  | Bet | Odds | Edge | Book |
  |-----|------|------|------|
  | Toronto Blue Jays | +130 | +12.3% | theScore Bet |
  | Athletics | -105 | +11.6% | theScore Bet |
  | Cleveland Guardians | +105 | +11.4% | theScore Bet |
  | St. Louis Cardinals | -160 | +2.2% | FanDuel |
  
  ---
  
  *Results posted daily. All picks logged before game time. No paid shills.*
  
  *Not financial advice. Bet responsibly. 21+*

  ── Parlay Instagram ───────────────────────────────────────────────────

  ⚾ May 21 SAME-GAME PARLAY — MLB
  
  🎰 3-Leg SAME-GAME PARLAY on theScore Bet
  Combined odds: +821  |  $100 wins $821
  
    1. Toronto Blue Jays ML +130
    2. Athletics ML -105
    3. Cleveland Guardians ML +105
  
  🎁 New to theScore Bet? Bet $1, Get $200 in Bonus Bets
  
  Not financial advice. Bet responsibly. 21+
  
  #MLB #sportsbetting #MLBpicks #parlay #sharpbetting #valuebet #DraftKings #FanDuel #BetMGM #bettingmodel

  ── Parlay Reddit ──────────────────────────────────────────────────────

  **ChefTonyBets AI — MLB SAME-GAME PARLAY · MAY 21, 2026**
  
  AI model identified 3 correlated edges — built into a 3-leg same-game parlay on **theScore Bet**.
  
  **Combined odds: +821** | $100 wins **$821**
  
  | # | Bet | Odds |
  |---|-----|------|
  | 1 | Toronto Blue Jays ML +130 | +130 |
  | 2 | Athletics ML -105 | -105 |
  | 3 | Cleveland Guardians ML +105 | +105 |
  
  **Sign up via my referral (theScore Bet):** Bet $1, Get $200 in Bonus Bets
  
  ---
  
  *All picks timestamped before tip-off/first pitch. Results posted daily.*
  
  *Not financial advice. Bet responsibly. 21+*

  ── Parlay Twitter ─────────────────────────────────────────────────────

  ⚾ May 21 | 3-LEG SAME-GAME PARLAY · MLB
  🔒 Toronto Blue Jays ML +130
  🔒 Athletics ML -105
  🔒 Cleveland Guardians ML +105
  Combined: +821  ($100 → $821)
  Not financial advice. Bet responsibly. 21+  #MLB #parlay
  
  ---
  
  👇 New to theScore Bet? Bet $1, Get $200 in Bonus Bets
  Sign up and place this parlay today!

  ── Reddit Mlb Picks ───────────────────────────────────────────────────

  **ChefTonyBets AI — MLB Picks · 5/21/26 (Thursday)**
  
  XGBoost + Pythagorean ensemble | Walk-forward validated | **Season: 44-32 (57.9% WR)**
  
  All picks timestamped before first pitch. No retroactive edits.
  
  ---
  
  **💰 Moneyline Edges**
  
  | Game | Odds | Edge | Book |
  |------|------|------|------|
  | Toronto Blue Jays vs  | +130 | +12.3% | theScore Bet |
  | Athletics vs  | -105 | +11.6% | theScore Bet |
  | Cleveland Guardians vs  | +105 | +11.4% | theScore Bet |
  | New York Mets vs  | -104 | +10.6% | Betfair |
  
  **⚡ NRFI Plays**
  
  | Game | Bet | Proj% | Book |
  |------|-----|-------|------|
  | Athletics @ Los Angeles Angels NRFI (Luis Severino vs José Soriano) | NRFI -120 | 67% | – |
  | Cleveland Guardians @ Detroit Tigers NRFI (Joey Cantillo vs Casey Mize) | NRFI -120 | 67% | – |
  | Atlanta Braves @ Miami Marlins NRFI (Spencer Strider vs Sandy Alcantara) | NRFI -120 | 66% | – |
  | Pittsburgh Pirates @ St. Louis Cardinals NRFI (Braxton Ashcraft vs Dustin May) | NRFI -120 | 66% | – |
  | Toronto Blue Jays @ New York Yankees NRFI (Braydon Fisher vs Carlos Rodón) | NRFI -120 | 66% | – |
  
  ---
  
  **Model overview:** Ensemble of XGBoost (pitcher ERA, FIP, xFIP, bullpen REST, lineup wRC+) and Pythagorean expectation. Edge = model win prob minus sportsbook implied prob after vig removal. Only plays where both methods agree are posted as card picks.
  
  Drop questions in the comments — happy to explain any pick.
  
  *Not financial advice. Bet responsibly. 21+*

  ── Reddit Mlb Props ───────────────────────────────────────────────────

  **ChefTonyBets AI — MLB Props · 5/21/26 (Thursday)**
  
  Running XGBoost prop model on pitcher K-rate, batter contact, park factors, and weather. 5 edges found today.
  
  **Season Record (props):** 44-32 (57.9% WR)
  
  ---
  
  **🎯 Pitcher Strikeouts**
  
  | Player | Bet | Odds | Edge | Book |
  |--------|-----|------|------|------|
  | Dustin May | UNDER Strikeouts 4.5 | +103 | +25.0% (proj: 3.9) | DraftKings |
  | Joey Cantillo | UNDER Strikeouts 6.5 | -375 | +21.7% (proj: 4.0) | BetRivers |
  | David Peterson | OVER Strikeouts 4.5 | -110 | +18.6% (proj: 6.2) | BetMGM |
  | Sandy Alcantara | UNDER Strikeouts 4.5 | -105 | +18.4% (proj: 4.1) | BetMGM |
  | Braxton Ashcraft | UNDER Strikeouts 6.5 | -345 | +6.2% (proj: 5.3) | BetRivers |
  
  ---
  
  **How the prop model works:** Projects pitcher strikeout totals using K/9, opposing team K%, umpire tendencies, and ballpark factors. Batter props use wOBA, hard-hit rate, and matchup data vs. starter handedness.
  
  All picks logged before first pitch. Verified record in post history.
  
  *Not financial advice. Bet responsibly. 21+*

  ── Reddit Potd ────────────────────────────────────────────────────────

  **ChefTonyBets AI — Pick of the Day · 5/21/26 (Thursday)**
  
  **Sport:** MLB
  **Pick:** Toronto Blue Jays Moneyline +130 @ theScore Bet
  **Event:** Toronto Blue Jays
  **Bet Size:** 1.0 units
  
  ---
  
  **Model Edge:** +12.3% (model: 0.0% vs market: 43.5%)
  **Season Record:** 44-32 (57.9% WR)
  
  ---
  
  **About the Model**
  
  XGBoost + Pythagorean expectation ensemble trained on 10 years of MLB/NBA data. Walk-forward validated on held-out seasons. Edges calculated by comparing model win probability to sportsbook implied probability after vig removal. Kelly criterion used for sizing.
  
  The model runs daily before first pitch/tip-off. All picks are timestamped and logged publicly — you can verify the record at any point. No retroactive changes.
  
  This pick was selected as POTD because it has the highest positive expected value among today's plays within the -200/+200 odds requirement.
  
  ---
  
  *Not financial advice. Bet responsibly. 21+*

  ── MONEYLINE PICKS ────────────────────────────────────────────────────

  The algorithm doesn't guess. It found edge on these today 📊
  
  May 21 MLB Picks 🔥
  ━━━━━━━━━━━━━━━
  🔒 Toronto Blue Jays +130 — +12% edge [theScore Bet]
  📌 Athletics -105 — +12% edge [theScore Bet]
  📌 Cleveland Guardians +105 — +11% edge [theScore Bet]
  • New York Mets -104 — +11% edge [Betfair]
  ━━━━━━━━━━━━━━━
  
  All picks generated by our ensemble model (XGBoost + Pythagorean). We track every result publicly — link in bio.
  
  Not financial advice. Bet responsibly. 21+
  
  #sportsbetting #mlbpicks #baseballbetting #bettingtips #freepicks #bettingcommunity #sharpbetting #valuebet #edgebetting #mlbodds

  ── PROPS ──────────────────────────────────────────────────────────────

  The props market moves slower than moneylines. That's where edge hides.
  
  May 21 Player Props 🧮
  ━━━━━━━━━━━━━━━
  ⚡ Strikeouts:
    • Dustin May UNDER 4.5 Ks (proj 3.9) +103 [DraftKings]
    • Joey Cantillo UNDER 6.5 Ks (proj 4.0) -375 [BetRivers]
    • David Peterson OVER 4.5 Ks (proj 6.2) -110 [BetMGM]
  ━━━━━━━━━━━━━━━
  
  Model projects expected Ks using pitcher K/9 rate, last 10 starts, and opposing lineup OPS. We only post when we find real edge vs the book line.
  
  Full slate in the props card above. Swipe for game picks 👆
  
  Not financial advice. Bet responsibly. 21+
  
  #sportsbetting #mlbpicks #baseballbetting #bettingtips #freepicks #bettingcommunity #sharpbetting #valuebet #edgebetting #mlbodds #playerpropbets #propbets #mlbprops #strikeoutprop #nhlpicks

  ── TOTALS ─────────────────────────────────────────────────────────────

  The algorithm doesn't guess. It found edge on these today 📊
  
  May 21 MLB Picks 🔥
  ━━━━━━━━━━━━━━━
  🔒 OVER 7.5 (Atlanta Braves @ Miami Marlins) -103 — +1.5 run edge [DraftKings]
  ━━━━━━━━━━━━━━━
  
  All picks generated by our ensemble model (XGBoost + Pythagorean). We track every result publicly — link in bio.
  
  Not financial advice. Bet responsibly. 21+
  
  #sportsbetting #mlbpicks #baseballbetting #bettingtips #freepicks #bettingcommunity #sharpbetting #valuebet #edgebetting #mlbodds

  ── RUN LINE ───────────────────────────────────────────────────────────

  The algorithm doesn't guess. It found edge on these today 📊
  
  May 21 MLB Picks 🔥
  ━━━━━━━━━━━━━━━
  🔒 St. Louis Cardinals (Pittsburgh Pirates @ St. Louis Cardinals) -160 — +2.2 run edge [FanDuel]
  ━━━━━━━━━━━━━━━
  
  All picks generated by our ensemble model (XGBoost + Pythagorean). We track every result publicly — link in bio.
  
  Not financial advice. Bet responsibly. 21+
  
  #sportsbetting #mlbpicks #baseballbetting #bettingtips #freepicks #bettingcommunity #sharpbetting #valuebet #edgebetting #mlbodds

────────────────────────────────────────────────────────────────────────
  NBA
  Source: output/picks/basketball_nba/20260521
────────────────────────────────────────────────────────────────────────

  ── Instagram ──────────────────────────────────────────────────────────

  NBA — May 21 PICKS
  
  BEST BET
  OVER 216.5  -105 @ BetMGM
  Model edge: +16.1%
  Cleveland Cavaliers @ New York Knicks
  
  Season Totals: 46-22 (67.6% WR)
  Picks timestamped before first pitch. Record in bio.
  
  Not financial advice. Bet responsibly. 21+
  
  #NBA #NBAPlayoffs #sportsbetting #NBApicks #sharpbetting #valuebet #edgebetting #DraftKings #FanDuel #BetMGM #bettingmodel #freepicks #dailypicks #NBAPlayoffs2026

  ── X / Twitter ────────────────────────────────────────────────────────

  NBA — May 21 | BEST BET
  OVER 216.5 (Cavaliers @ Knicks)  -105 @BetMGM
  Model edge: +16.1%
  Season Totals: 46-22 (67.6% WR)
  Not financial advice. Bet responsibly. 21+  #NBAPlayoffs #sportsbetting

  ── Reddit ─────────────────────────────────────────────────────────────

  **ChefTonyBets AI Model — NBA PLAYOFFS MAY 21, 2026**
  
  Running XGBoost on NBA efficiency ratings (ORtg/DRtg/Pace). Walk-forward validated on 2015-2026 games. All picks logged with timestamp before tip-off.
  
  ---
  
  **Season Totals: 46-22 (67.6% WR)**
  
  **🔒 Totals (model's strongest market)**
  
  | Game | Bet | Odds | Edge | Book |
  |------|-----|------|------|------|
  | Cleveland Cavaliers @ New York Knicks | OVER 216.5 | -105 | +16.1% | BetMGM |
  
  **Other Edges**
  
  | Bet | Odds | Edge | Book |
  |-----|------|------|------|
  | Cleveland Cavaliers | +200 | +3.8% | DraftKings |
  
  ---
  
  *Results posted daily. All picks logged before game time. No paid shills.*
  
  *Not financial advice. Bet responsibly. 21+*

  ── Reddit Nba Picks ───────────────────────────────────────────────────

  **ChefTonyBets AI — NBA Picks · 5/21/26 (Thursday)**
  
  XGBoost on ORtg/DRtg/Pace efficiency ratings | **Season: 43-22 (66.2% WR, +0.0u)**
  
  All picks timestamped before tip-off. Verified record in post history.
  
  ---
  
  **🏀 Moneyline**
  
  | Pick | Odds | Edge | Book |
  |------|------|------|------|
  | Cleveland Cavaliers (Cleveland Cavaliers @ New York Knicks) | +200 | +3.8% | DraftKings |
  
  **📊 Totals (O/U)**
  
  | Game | Bet | Edge | Book |
  |------|-----|------|------|
  | Cleveland Cavaliers @ New York Knicks | OVER  -105 | +16.1% | BetMGM |
  
  ---
  
  **Model overview:** Trains on 10 years of NBA box scores. Features: offensive/defensive rating, pace, rest advantage, travel, home court, lineup injury adjustments. Walk-forward validated — no look-ahead bias. Edge = model probability minus sportsbook implied after vig removal.
  
  Drop any questions below.
  
  *Not financial advice. Bet responsibly. 21+*

  ── Reddit Potd ────────────────────────────────────────────────────────

  **ChefTonyBets AI — Pick of the Day · 5/21/26 (Thursday)**
  
  **Sport:** NBA
  **Pick:** OVER 216.5 TOTAL -105 @ BetMGM
  **Event:** Cleveland Cavaliers @ New York Knicks
  **Bet Size:** 1.0 units
  
  ---
  
  **Model Edge:** +16.1% (model: 0.0% vs market: 51.2%)
  **Season Record:** 43-22 (66.2% WR, +0.0u)
  
  ---
  
  **About the Model**
  
  XGBoost + Pythagorean expectation ensemble trained on 10 years of MLB/NBA data. Walk-forward validated on held-out seasons. Edges calculated by comparing model win probability to sportsbook implied probability after vig removal. Kelly criterion used for sizing.
  
  The model runs daily before first pitch/tip-off. All picks are timestamped and logged publicly — you can verify the record at any point. No retroactive changes.
  
  This pick was selected as POTD because it has the highest positive expected value among today's plays within the -200/+200 odds requirement.
  
  ---
  
  *Not financial advice. Bet responsibly. 21+*

  ── MONEYLINE PICKS ────────────────────────────────────────────────────

  Post-season intensity. Pre-game edge. These are the plays.
  
  May 21 NBA PLAYOFFS Picks 🔥
  ━━━━━━━━━━━━━━━
  🔒 OVER 216.5 (CLE vs NEW) -105 — +16.1% edge [BetMGM]
  📌 Cleveland Cavaliers ML +200 — +3.8% edge [DraftKings]
  ━━━━━━━━━━━━━━━
  
  Picks generated by our efficiency-rating model (ORtg/DRtg/Pace). We track every result publicly — link in bio.
  
  Not financial advice. Bet responsibly. 21+
  
  #NBA #NBAPlayoffs #sportsbetting #NBApicks #NBATwitter #sharpbetting #valuebet #edgebetting #NBAPlayoffs2026 #playoffs #NBAplayoff

  ── PROPS ──────────────────────────────────────────────────────────────

  Best player prop edges for tonight's NBA slate. Model-verified.
  
  May 21 NBA Player Props 🧮
  ━━━━━━━━━━━━━━━
  🔥 Points:
    • Josh Hart UNDER 11.5 PTS (proj 11.9) -109 [DraftKings]
  🎯 Assists:
    • Donovan Mitchell UNDER 3.5 AST +110 [Hard Rock Bet]
    • Max Strus UNDER 1.5 AST -109 [DraftKings]
  ━━━━━━━━━━━━━━━
  
  Model projects each stat using season averages + opponent defensive rating. Only posts when we find real edge vs the book line.
  
  Swipe for game picks 👆
  
  Not financial advice. Bet responsibly. 21+
  
  #NBA #NBAPlayoffs #sportsbetting #NBApicks #NBATwitter #sharpbetting #valuebet #edgebetting #NBAPlayoffs2026 #playoffs #NBAplayoff #NBApropbets #propbets #NBAprops #pointsprop #reboundsprop

  ── TOTALS ─────────────────────────────────────────────────────────────

  Model projected tonight's totals. These lines are off.
  
  May 21 NBA PLAYOFFS Totals 📊
  ━━━━━━━━━━━━━━━
  🔒 OVER 216.5 (Cleveland Cavaliers @ New York Knicks) -105 — +16.1% edge [BetMGM]
  ━━━━━━━━━━━━━━━
  
  Pace + ORtg/DRtg model projects the final score of every game. Only posting where we find edge.
  
  Not financial advice. Bet responsibly. 21+
  
  #NBA #NBAPlayoffs #sportsbetting #NBApicks #NBATwitter #sharpbetting #valuebet #edgebetting #NBAPlayoffs2026 #playoffs #NBAplayoff #NBAtotals #NBAovers #NBAunders

────────────────────────────────────────────────────────────────────────
  Basketball Wnba
  Source: output/picks/basketball_wnba/20260521
────────────────────────────────────────────────────────────────────────

  ── Instagram ──────────────────────────────────────────────────────────

  NBA — May 21 PICKS
  
  BEST BET
  Phoenix Mercury  -105 @ Hard Rock Bet
  Model edge: +44.5%
  Los Angeles Sparks @ Phoenix Mercury
  
  Also:
  - New York Liberty (Valkyries @ Liberty)  -105 @ theScore Bet  |  +42.5%
  - Phoenix Mercury (Sparks @ Mercury)  -113 @ BetRivers  |  +42.4%
  
  Season Totals: 46-22 (67.6% WR)
  Picks timestamped before first pitch. Record in bio.
  
  Not financial advice. Bet responsibly. 21+
  
  #NBA #NBAPlayoffs #sportsbetting #NBApicks #sharpbetting #valuebet #edgebetting #DraftKings #FanDuel #BetMGM #bettingmodel #freepicks #dailypicks #NBAPlayoffs2026

  ── X / Twitter ────────────────────────────────────────────────────────

  NBA — May 21 | BEST BET
  Phoenix Mercury (Sparks @ Mercury)  -105 @HardRockBet
  Model edge: +44.5%
  Season Totals: 46-22 (67.6% WR)
  Not financial advice. Bet responsibly. 21+  #NBAPlayoffs #sportsbetting
  
  ---
  
  Full card:
  - New York Liberty  -105 @theScoreBet  (+42.5%)
  - Phoenix Mercury  -113 @BetRivers  (+42.4%)
  - New York Liberty  -115 @BetRivers  (+39.8%)

  ── Reddit ─────────────────────────────────────────────────────────────

  **ChefTonyBets AI Model — NBA PLAYOFFS MAY 21, 2026**
  
  Running XGBoost on NBA efficiency ratings (ORtg/DRtg/Pace). Walk-forward validated on 2015-2026 games. All picks logged with timestamp before tip-off.
  
  ---
  
  **Season Totals: 46-22 (67.6% WR)**
  
  **🔒 Totals (model's strongest market)**
  
  | Game | Bet | Odds | Edge | Book |
  |------|-----|------|------|------|
  | Los Angeles Sparks @ Phoenix Mercury | UNDER 177.5 | -105 | +28.3% | BetMGM |
  | Toronto Tempo @ Minnesota Lynx | UNDER 173.5 | -112 | +6.6% | BetRivers |
  
  **Other Edges**
  
  | Bet | Odds | Edge | Book |
  |-----|------|------|------|
  | Phoenix Mercury | -105 | +44.5% | Hard Rock Bet |
  | New York Liberty | -105 | +42.5% | theScore Bet |
  | Phoenix Mercury | -113 | +42.4% | BetRivers |
  | New York Liberty | -115 | +39.8% | BetRivers |
  
  ---
  
  *Results posted daily. All picks logged before game time. No paid shills.*
  
  *Not financial advice. Bet responsibly. 21+*

════════════════════════════════════════════════════════════════════════


════════════════════════════════════════════════════════════════════════
  CAPTIONS — MAY 23, 2026
════════════════════════════════════════════════════════════════════════

────────────────────────────────────────────────────────────────────────
  MLB
  Source: output/picks/baseball_mlb/20260523
────────────────────────────────────────────────────────────────────────

  ── Instagram ──────────────────────────────────────────────────────────

  MLB — May 23 PICKS
  
  BEST BET
  Kansas City Royals  -139 @ BetRivers
  Model edge: +2.2%
  Seattle Mariners @ Kansas City Royals
  
  Also:
  - Los Angeles Angels (Rangers @ Angels)  -144 @ DraftKings  |  +2.2%
  - OVER 8.5 (Nationals @ Braves)  -103 @ BetRivers  |  +1.3%
  
  Season Totals: 52-23 (69.3% WR)
  Picks timestamped before first pitch. Record in bio.
  
  Not financial advice. Bet responsibly. 21+
  
  #MLB #MLBpicks #sportsbetting #baseballbetting #sharpbetting #valuebet #totals #DraftKings #FanDuel #BetMGM #edgebetting #bettingmodel #freepicks #dailypicks #sportsbettingtips

  ── X / Twitter ────────────────────────────────────────────────────────

  MLB — May 23 | BEST BET
  Kansas City Royals (Mariners @ Royals)  -139 @BetRivers
  Model edge: +2.2%
  Season Totals: 52-23 (69.3% WR)
  Not financial advice. Bet responsibly. 21+  #MLB #sportsbetting
  
  ---
  
  Full card:
  - Los Angeles Angels  -144 @DraftKings  (+2.2%)
  - OVER 8.5  -103 @BetRivers  (+1.3%)
  - UNDER 9.0  +100 @FanDuel  (+1.2%)

  ── Reddit ─────────────────────────────────────────────────────────────

  **ChefTonyBets AI Model — MLB MAY 23, 2026**
  
  Running XGBoost + Pythagorean ensemble on MLB team stats. All picks logged with timestamp before first pitch.
  
  ---
  
  **Season Totals: 52-23 (69.3% WR)**
  
  **🔒 Totals (model's strongest market)**
  
  | Game | Bet | Odds | Edge | Book |
  |------|-----|------|------|------|
  | Washington Nationals @ Atlanta Braves | OVER 8.5 | -103 | +1.3% | BetRivers |
  | Colorado Rockies @ Arizona Diamondbacks | UNDER 9.0 | +100 | +1.2% | FanDuel |
  
  **Other Edges**
  
  | Bet | Odds | Edge | Book |
  |-----|------|------|------|
  | Houston Astros | +130 | +19.4% | theScore Bet |
  | Cleveland Guardians | +160 | +14.1% | FanDuel |
  | Minnesota Twins | +101 | +12.3% | DraftKings |
  | St. Louis Cardinals | -110 | +11.1% | FanDuel |
  
  ---
  
  *Results posted daily. All picks logged before game time. No paid shills.*
  
  *Not financial advice. Bet responsibly. 21+*

  ── Parlay Instagram ───────────────────────────────────────────────────

  ⚾ May 23 SAME-GAME PARLAY — MLB
  
  🎰 3-Leg SAME-GAME PARLAY on FanDuel
  Combined odds: +856  |  $100 wins $856
  
    1. Cleveland Guardians ML +160
    2. St. Louis Cardinals ML -110
    3. Athletics ML -108
  
  🎁 New to FanDuel? Sign up & bet $5+ → get $50 in Bonus Bets
  👉 Sign up link in bio 🔗
  
  Not financial advice. Bet responsibly. 21+
  
  #MLB #sportsbetting #MLBpicks #parlay #sharpbetting #valuebet #DraftKings #FanDuel #BetMGM #bettingmodel

  ── Parlay Reddit ──────────────────────────────────────────────────────

  **ChefTonyBets AI — MLB SAME-GAME PARLAY · MAY 23, 2026**
  
  AI model identified 3 correlated edges — built into a 3-leg same-game parlay on **FanDuel**.
  
  **Combined odds: +856** | $100 wins **$856**
  
  | # | Bet | Odds |
  |---|-----|------|
  | 1 | Cleveland Guardians ML +160 | +160 |
  | 2 | St. Louis Cardinals ML -110 | -110 |
  | 3 | Athletics ML -108 | -108 |
  
  **Sign up via my referral (FanDuel):** Sign up & bet $5+ → get $50 in Bonus Bets — [Sign up here](https://fndl.co/92pew6d)
  
  ---
  
  *All picks timestamped before tip-off/first pitch. Results posted daily.*
  
  *Not financial advice. Bet responsibly. 21+*

  ── Parlay Twitter ─────────────────────────────────────────────────────

  ⚾ May 23 | 3-LEG SAME-GAME PARLAY · MLB
  🔒 Cleveland Guardians ML +160
  🔒 St. Louis Cardinals ML -110
  🔒 Athletics ML -108
  Combined: +856  ($100 → $856)
  Not financial advice. Bet responsibly. 21+  #MLB #parlay
  
  ---
  
  👇 New to FanDuel? Sign up & bet $5+ → get $50 in Bonus Bets
  Sign up with my link: https://fndl.co/92pew6d

  ── Reddit Mlb Picks ───────────────────────────────────────────────────

  **ChefTonyBets AI — MLB Picks · 5/23/26 (Saturday)**
  
  XGBoost + Pythagorean ensemble | Walk-forward validated | **Season: 27-13 (67.5% WR, +0.0u)**
  
  All picks timestamped before first pitch. No retroactive edits.
  
  ---
  
  **💰 Moneyline Edges**
  
  | Game | Odds | Edge | Book |
  |------|------|------|------|
  | Houston Astros vs  | +130 | +19.4% | theScore Bet |
  | St. Louis Cardinals vs  | -110 | +11.1% | FanDuel |
  | Cleveland Guardians vs  | +160 | +14.1% | FanDuel |
  | New York Mets vs  | +104 | +11.9% | 1xBet |
  | Athletics vs  | -108 | +10.2% | FanDuel |
  
  **⚡ NRFI Plays**
  
  | Game | Bet | Proj% | Book |
  |------|-----|-------|------|
  | Minnesota Twins @ Boston Red Sox NRFI (Taj Bradley vs Jovani Morán) | NRFI -120 | 67% | – |
  | New York Mets @ Miami Marlins NRFI (Freddy Peralta vs Max Meyer) | NRFI -120 | 67% | – |
  | Texas Rangers @ Los Angeles Angels NRFI (Nathan Eovaldi vs Walbert Ureña) | NRFI -120 | 67% | – |
  | Seattle Mariners @ Kansas City Royals NRFI (George Kirby vs Stephen Kolek) | NRFI -120 | 66% | – |
  | Cleveland Guardians @ Philadelphia Phillies NRFI (Slade Cecconi vs Zack Wheeler) | NRFI -120 | 65% | – |
  
  ---
  
  **Model overview:** Ensemble of XGBoost (pitcher ERA, FIP, xFIP, bullpen REST, lineup wRC+) and Pythagorean expectation. Edge = model win prob minus sportsbook implied prob after vig removal. Only plays where both methods agree are posted as card picks.
  
  Drop questions in the comments — happy to explain any pick.
  
  *Not financial advice. Bet responsibly. 21+*

  ── Reddit Mlb Props ───────────────────────────────────────────────────

  **ChefTonyBets AI — MLB Props · 5/23/26 (Saturday)**
  
  Running XGBoost prop model on pitcher K-rate, batter contact, park factors, and weather. 11 edges found today.
  
  **Season Record (props):** 27-13 (67.5% WR, +0.0u)
  
  ---
  
  **🎯 Pitcher Strikeouts**
  
  | Player | Bet | Odds | Edge | Book |
  |--------|-----|------|------|------|
  | Patrick Corbin | UNDER Strikeouts 5.5 | -275 | +25.7% (proj: 3.3) | theScore Bet |
  | Adrian Houser | UNDER Strikeouts 4.5 | -200 | +23.6% (proj: 3.1) | theScore Bet |
  | Zack Wheeler | UNDER Strikeouts 6.5 | -220 | +14.7% (proj: 5.3) | theScore Bet |
  | George Kirby | UNDER Strikeouts 5.5 | -200 | +10.6% (proj: 4.7) | theScore Bet |
  | Stephen Kolek | UNDER Strikeouts 5.5 | -525 | +10.2% (proj: 3.9) | theScore Bet |
  | Freddy Peralta | UNDER Strikeouts 6.5 | -275 | +9.0% (proj: 5.3) | theScore Bet |
  | Framber Valdez | UNDER Strikeouts 6.5 | -350 | +8.3% (proj: 5.2) | theScore Bet |
  | Paul Skenes | UNDER Strikeouts 7.5 | -230 | +8.1% (proj: 6.5) | BetRivers |
  
  ---
  
  **How the prop model works:** Projects pitcher strikeout totals using K/9, opposing team K%, umpire tendencies, and ballpark factors. Batter props use wOBA, hard-hit rate, and matchup data vs. starter handedness.
  
  All picks logged before first pitch. Verified record in post history.
  
  *Not financial advice. Bet responsibly. 21+*

  ── Reddit Potd ────────────────────────────────────────────────────────

  **ChefTonyBets AI — Pick of the Day · 5/23/26 (Saturday)**
  
  **Sport:** MLB
  **Pick:** Houston Astros Moneyline +130 @ theScore Bet
  **Event:** Houston Astros
  **Bet Size:** 1.0 units
  
  ---
  
  **Model Edge:** +19.4% (model: 0.0% vs market: 43.5%)
  **Season Record:** 27-13 (67.5% WR, +0.0u)
  
  ---
  
  **About the Model**
  
  XGBoost + Pythagorean expectation ensemble trained on 10 years of MLB/NBA data. Walk-forward validated on held-out seasons. Edges calculated by comparing model win probability to sportsbook implied probability after vig removal. Kelly criterion used for sizing.
  
  The model runs daily before first pitch/tip-off. All picks are timestamped and logged publicly — you can verify the record at any point. No retroactive changes.
  
  This pick was selected as POTD because it has the highest positive expected value among today's plays within the -200/+200 odds requirement.
  
  ---
  
  *Not financial advice. Bet responsibly. 21+*

  ── MONEYLINE PICKS ────────────────────────────────────────────────────

  Model just finished processing today's lines. Here's the output:
  
  May 23 MLB Picks 🔥
  ━━━━━━━━━━━━━━━
  🔒 Houston Astros +130 — +19% edge [theScore Bet]
  📌 St. Louis Cardinals -110 — +11% edge [FanDuel]
  📌 Cleveland Guardians +160 — +14% edge [FanDuel]
  • New York Mets +104 — +12% edge [1xBet]
  • Athletics -108 — +10% edge [FanDuel]
  ━━━━━━━━━━━━━━━
  
  All picks generated by our ensemble model (XGBoost + Pythagorean). We track every result publicly — link in bio.
  
  Not financial advice. Bet responsibly. 21+
  
  #sportsbetting #mlbpicks #baseballbetting #bettingtips #freepicks #baseballpicks #mlbtoday #baseballfan #baseballlife #mlbgames

  ── PROPS ──────────────────────────────────────────────────────────────

  Found some fat lines in today's player props. Model says bet these.
  
  May 23 Player Props 🧮
  ━━━━━━━━━━━━━━━
  ⚡ Strikeouts:
    • Patrick Corbin UNDER 5.5 Ks (proj 3.3) -275 [theScore Bet]
    • Adrian Houser UNDER 4.5 Ks (proj 3.1) -200 [theScore Bet]
    • Zack Wheeler UNDER 6.5 Ks (proj 5.3) -220 [theScore Bet]
  ━━━━━━━━━━━━━━━
  
  Model projects expected Ks using pitcher K/9 rate, last 10 starts, and opposing lineup OPS. We only post when we find real edge vs the book line.
  
  Full slate in the props card above. Swipe for game picks 👆
  
  Not financial advice. Bet responsibly. 21+
  
  #sportsbetting #mlbpicks #baseballbetting #bettingtips #freepicks #baseballpicks #mlbtoday #baseballfan #baseballlife #mlbgames #playerpropbets #propbets #mlbprops #strikeoutprop #nhlpicks

  ── TOTALS ─────────────────────────────────────────────────────────────

  Model just finished processing today's lines. Here's the output:
  
  May 23 MLB Picks 🔥
  ━━━━━━━━━━━━━━━
  🔒 OVER 8.5 (Washington Nationals @ Atlanta Braves) -103 — +1.3 run edge [BetRivers]
  📌 UNDER 9.0 (Colorado Rockies @ Arizona Diamondbacks) +100 — +1.2 run edge [FanDuel]
  ━━━━━━━━━━━━━━━
  
  All picks generated by our ensemble model (XGBoost + Pythagorean). We track every result publicly — link in bio.
  
  Not financial advice. Bet responsibly. 21+
  
  #sportsbetting #mlbpicks #baseballbetting #bettingtips #freepicks #baseballpicks #mlbtoday #baseballfan #baseballlife #mlbgames

  ── RUN LINE ───────────────────────────────────────────────────────────

  Model just finished processing today's lines. Here's the output:
  
  May 23 MLB Picks 🔥
  ━━━━━━━━━━━━━━━
  🔒 Kansas City Royals (Seattle Mariners @ Kansas City Royals) -139 — +2.2 run edge [BetRivers]
  📌 Los Angeles Angels (Texas Rangers @ Los Angeles Angels) -144 — +2.2 run edge [DraftKings]
  ━━━━━━━━━━━━━━━
  
  All picks generated by our ensemble model (XGBoost + Pythagorean). We track every result publicly — link in bio.
  
  Not financial advice. Bet responsibly. 21+
  
  #sportsbetting #mlbpicks #baseballbetting #bettingtips #freepicks #baseballpicks #mlbtoday #baseballfan #baseballlife #mlbgames

────────────────────────────────────────────────────────────────────────
  NBA
  Source: output/picks/basketball_nba/20260523
────────────────────────────────────────────────────────────────────────

  ── Instagram ──────────────────────────────────────────────────────────

  NBA — May 23 PICKS
  
  BEST BET
  OVER 215.5  -105 @ theScore Bet
  Model edge: +18.2%
  New York Knicks @ Cleveland Cavaliers
  
  Season Totals: 52-23 (69.3% WR)
  Picks timestamped before first pitch. Record in bio.
  
  Not financial advice. Bet responsibly. 21+
  
  #NBA #NBAPlayoffs #sportsbetting #NBApicks #sharpbetting #valuebet #edgebetting #DraftKings #FanDuel #BetMGM #bettingmodel #freepicks #dailypicks #NBAPlayoffs2026

  ── X / Twitter ────────────────────────────────────────────────────────

  NBA — May 23 | BEST BET
  OVER 215.5 (Knicks @ Cavaliers)  -105 @theScoreBet
  Model edge: +18.2%
  Season Totals: 52-23 (69.3% WR)
  Not financial advice. Bet responsibly. 21+  #NBAPlayoffs #sportsbetting

  ── Reddit ─────────────────────────────────────────────────────────────

  **ChefTonyBets AI Model — NBA PLAYOFFS MAY 23, 2026**
  
  Running XGBoost on NBA efficiency ratings (ORtg/DRtg/Pace). Walk-forward validated on 2015-2026 games. All picks logged with timestamp before tip-off.
  
  ---
  
  **Season Totals: 52-23 (69.3% WR)**
  
  **🔒 Totals (model's strongest market)**
  
  | Game | Bet | Odds | Edge | Book |
  |------|-----|------|------|------|
  | New York Knicks @ Cleveland Cavaliers | OVER 215.5 | -105 | +18.2% | theScore Bet |
  
  ---
  
  *Results posted daily. All picks logged before game time. No paid shills.*
  
  *Not financial advice. Bet responsibly. 21+*

  ── Reddit Nba Picks ───────────────────────────────────────────────────

  **ChefTonyBets AI — NBA Picks · 5/23/26 (Saturday)**
  
  XGBoost on ORtg/DRtg/Pace efficiency ratings | **Season: 48-23 (67.6% WR, +0.0u)**
  
  All picks timestamped before tip-off. Verified record in post history.
  
  ---
  
  **📊 Totals (O/U)**
  
  | Game | Bet | Edge | Book |
  |------|-----|------|------|
  | New York Knicks @ Cleveland Cavaliers | OVER  -105 | +18.2% | theScore Bet |
  
  ---
  
  **Model overview:** Trains on 10 years of NBA box scores. Features: offensive/defensive rating, pace, rest advantage, travel, home court, lineup injury adjustments. Walk-forward validated — no look-ahead bias. Edge = model probability minus sportsbook implied after vig removal.
  
  Drop any questions below.
  
  *Not financial advice. Bet responsibly. 21+*

  ── Reddit Potd ────────────────────────────────────────────────────────

  **ChefTonyBets AI — Pick of the Day · 5/23/26 (Saturday)**
  
  **Sport:** NBA
  **Pick:** OVER 215.5 TOTAL -105 @ theScore Bet
  **Event:** New York Knicks @ Cleveland Cavaliers
  **Bet Size:** 1.0 units
  
  ---
  
  **Model Edge:** +18.2% (model: 0.0% vs market: 51.2%)
  **Season Record:** 48-23 (67.6% WR, +0.0u)
  
  ---
  
  **About the Model**
  
  XGBoost + Pythagorean expectation ensemble trained on 10 years of MLB/NBA data. Walk-forward validated on held-out seasons. Edges calculated by comparing model win probability to sportsbook implied probability after vig removal. Kelly criterion used for sizing.
  
  The model runs daily before first pitch/tip-off. All picks are timestamped and logged publicly — you can verify the record at any point. No retroactive changes.
  
  This pick was selected as POTD because it has the highest positive expected value among today's plays within the -200/+200 odds requirement.
  
  ---
  
  *Not financial advice. Bet responsibly. 21+*

  ── MONEYLINE PICKS ────────────────────────────────────────────────────

  NBA picks are live. Backed by efficiency ratings, not opinions 💡
  
  May 23 NBA PLAYOFFS Picks 🔥
  ━━━━━━━━━━━━━━━
  🔒 OVER 215.5 (NEW vs CLE) -105 — +18.2% edge [theScore Bet]
  ━━━━━━━━━━━━━━━
  
  Picks generated by our efficiency-rating model (ORtg/DRtg/Pace). We track every result publicly — link in bio.
  
  Not financial advice. Bet responsibly. 21+
  
  #NBA #NBAPlayoffs #sportsbetting #NBApicks #basketballpicks #NBAtoday #NBAbasketball #basketballbetting #NBAPlayoffs2026 #playoffs #NBAplayoff

  ── PROPS ──────────────────────────────────────────────────────────────

  Sportsbooks mispriced these player props. We found them first.
  
  May 23 NBA Player Props 🧮
  ━━━━━━━━━━━━━━━
  🎯 Assists:
    • Max Strus UNDER 1.5 AST +105 [Hard Rock Bet]
  ━━━━━━━━━━━━━━━
  
  Model projects each stat using season averages + opponent defensive rating. Only posts when we find real edge vs the book line.
  
  Swipe for game picks 👆
  
  Not financial advice. Bet responsibly. 21+
  
  #NBA #NBAPlayoffs #sportsbetting #NBApicks #basketballpicks #NBAtoday #NBAbasketball #basketballbetting #NBAPlayoffs2026 #playoffs #NBAplayoff #NBApropbets #propbets #NBAprops #pointsprop #reboundsprop

  ── TOTALS ─────────────────────────────────────────────────────────────

  Model projected tonight's totals. These lines are off.
  
  May 23 NBA PLAYOFFS Totals 📊
  ━━━━━━━━━━━━━━━
  🔒 OVER 215.5 (New York Knicks @ Cleveland Cavaliers) -105 — +18.2% edge [theScore Bet]
  ━━━━━━━━━━━━━━━
  
  Pace + ORtg/DRtg model projects the final score of every game. Only posting where we find edge.
  
  Not financial advice. Bet responsibly. 21+
  
  #NBA #NBAPlayoffs #sportsbetting #NBApicks #basketballpicks #NBAtoday #NBAbasketball #basketballbetting #NBAPlayoffs2026 #playoffs #NBAplayoff #NBAtotals #NBAovers #NBAunders

────────────────────────────────────────────────────────────────────────
  Tennis — Roland-Garros (ATP)
  Source: output/picks/tennis_atp_french_open/20260523
────────────────────────────────────────────────────────────────────────

  ── Instagram ──────────────────────────────────────────────────────────

  🎾 FRENCH OPEN — May 23 PICKS
  
  Elo model scanning today's clay court matches.
  Picks logged before match time. Record in bio.
  
  Not financial advice. Bet responsibly. 21+
  
  #tennis #rolandgarros #sportsbetting #tennisbetting #freepicks #bettingmodel

  ── X / Twitter ────────────────────────────────────────────────────────

  🎾 French Open — May 23
  No edges meet threshold today. Watching clay court action.
  Not financial advice. Bet responsibly. 21+

  ── Reddit ─────────────────────────────────────────────────────────────

  **ChefTonyBets Elo Model — French Open May 23, 2026**
  
  Surface: Clay
  
  Model methodology: Surface-specific Elo ratings built from ATP/WTA match history (Kovalchik 2016 / Angelini 2022 peer-reviewed framework). Ratings updated after every match. Edges calculated vs no-vig implied probability across FanDuel, DraftKings, BetMGM, Caesars, and Bet365.
  
  ---
  
  No edges meet minimum threshold today.
  
  ---
  
  *All picks logged with timestamp before match start. Results posted daily.*
  
  *Not financial advice. Bet responsibly. 21+*

  ── TikTok Script ──────────────────────────────────────────────────────

  [TALKING HEAD — Tennis Picks May 23]
  [DURATION: 30-45 seconds]
  
  [HOLD UP PHONE / STAND IN FRONT OF CAMERA]
  
  HOOK (0-5s):
  "My Elo model just found a Clay court edge at French Open. Here's the pick."
  
  [PAUSE]
  
  ELO EXPLAINER (5-15s):
  "So what's an Elo model? Think chess ratings — every tennis player gets a number
  based on who they beat and how. Beat a top-10 guy, your number shoots up.
  Lose to a qualifier, it tanks. My model tracks these ratings by surface,
  because a clay-court Elo and a grass-court Elo are completely different numbers."
  
  [PAUSE]
  
  THE PICK (15-25s):
  "Today's top play: no clear edge today  at .
  My model gives them a  edge over the book's number.
  That's meaningful on clay — it's a grind-it-out surface where Elo is most predictive."
  
  [SHOW SCREEN — caption or pick card]
  
  CTA (25-35s):
  "Full card's in the caption. Every pick gets logged before match time —
  you can verify the timestamp. Follow for the nightly recap."
  
  [PAUSE]
  
  OUTRO:
  "Not financial advice. Bet responsibly. 21+."
  
  [END]

────────────────────────────────────────────────────────────────────────
  Soccer (All Leagues)
  Source: output/picks/soccer/20260523
────────────────────────────────────────────────────────────────────────

  ── Instagram ──────────────────────────────────────────────────────────

  ⚽ SOCCER — May 23 PICKS
  
  Dixon-Coles model found today's best edges.
  
  BEST BET
  UNDER 3.5  +117 @ Betrivers
  Model edge: +32.0%
  Orlando City SC @ FC Cincinnati
  [Soccer]
  
  Also:
  - UNDER 3.5  -120 @ Betmgm  |  +24.9%
  - Oviedo  +650 @ Fanduel  |  +22.6%
  Picks logged before kickoff. Record in bio.
  
  Not financial advice. Bet responsibly. 21+
  
  #soccer #EPL #LaLiga #sportsbetting #footballbetting #edgebetting

  ── X / Twitter ────────────────────────────────────────────────────────

  ⚽ Soccer picks — May 23
  Dixon-Coles model.  UNDER 3.5  +117 @BetRivers  edge: +32.0%
  Track record in bio.  Not financial advice. Bet responsibly. 21+  #soccer #sportsbetting
  
  ---
  
  Full card:
  - UNDER 3.5  -120 @BetMGM  (+24.9%)
  - Oviedo  +650 @FanDuel  (+22.6%)
  - UNDER 3.5  -141 @BetRivers  (+20.4%)

  ── Reddit ─────────────────────────────────────────────────────────────

  **ChefTonyBets Dixon-Coles Model — Soccer May 23, 2026**
  
  Model: Rolling Elo + 2-parameter Poisson (Dixon-Coles v2). Fit on 5 seasons of match data per league. Attack/defense ratings updated on a rolling 52-week window with recency weighting. Edges calculated as model probability minus no-vig implied probability.
  
  ---
  
  **Soccer**
  
  | Match | Bet | Odds | Model Prob | Edge | Book |
  |-------|-----|------|------------|------|------|
  | Orlando City SC @ FC Cincinnati | UNDER 3.5 | +117 | 75.3% | +32.0% | BetRivers |
  | New York Red Bulls @ Sporting Kansas City | UNDER 3.5 | -120 | 75.3% | +24.9% | BetMGM |
  | Oviedo @ Mallorca | Oviedo | +650 | 35.3% | +22.6% | FanDuel |
  | Vancouver Whitecaps FC @ San Diego FC | UNDER 3.5 | -141 | 75.3% | +20.4% | BetRivers |
  | Toronto FC @ Chicago Fire | Toronto FC | +500 | 35.3% | +19.9% | FanDuel |
  | Toronto FC @ Chicago Fire | UNDER 3.5 | -155 | 75.3% | +18.4% | BetRivers |
  | Pisa @ Lazio | Pisa | +390 | 35.3% | +16.0% | FanDuel |
  | Houston Dynamo @ LA Galaxy | UNDER 3.5 | -175 | 75.3% | +15.9% | BetRivers |
  | Austin FC @ St. Louis City SC | Austin FC | +380 | 35.3% | +15.8% | BetRivers |
  | CA Osasuna @ Getafe | OVER 1.5 | -165 | 73.0% | +15.2% | BetMGM |
  | FC Dallas @ Colorado Rapids | UNDER 2.5 | +138 | 53.9% | +14.4% | BetRivers |
  | Real Salt Lake @ Minnesota United FC | UNDER 2.5 | +135 | 53.9% | +14.1% | BetRivers |
  | Elche CF @ Girona | Elche CF | +330 | 35.3% | +13.3% | FanDuel |
  | Levante @ Real Betis | UNDER 2.5 | +130 | 53.9% | +13.3% | BetRivers |
  | Austin FC @ St. Louis City SC | UNDER 2.5 | +125 | 53.9% | +13.2% | BetMGM |
  | New England Revolution @ Charlotte FC | New England Revolution | +300 | 35.3% | +11.9% | BetRivers |
  | Sevilla @ Celta Vigo | Sevilla | +300 | 35.3% | +11.8% | FanDuel |
  | Elche CF @ Girona | UNDER 2.5 | +115 | 53.9% | +10.8% | BetMGM |
  | New England Revolution @ Charlotte FC | UNDER 2.5 | +117 | 53.9% | +10.6% | BetRivers |
  | CF Montreal @ D.C. United | CF Montreal | +275 | 35.3% | +10.4% | BetRivers |
  | Real Sociedad @ Espanyol | UNDER 2.5 | +105 | 53.9% | +8.7% | BetMGM |
  | Inter Milan @ Bologna | UNDER 2.5 | +106 | 53.9% | +8.5% | BetRivers |
  | CF Montreal @ D.C. United | UNDER 2.5 | +100 | 53.9% | +8.1% | BetMGM |
  | New York City FC @ Nashville SC | UNDER 2.5 | +105 | 53.9% | +8.0% | BetRivers |
  | Oviedo @ Mallorca | Draw | +340 | 29.4% | +7.9% | BetMGM |
  | Barcelona @ Valencia | Valencia | +230 | 35.3% | +7.8% | BetRivers |
  | Inter Milan @ Bologna | Bologna | +225 | 35.3% | +7.3% | BetRivers |
  | Houston Dynamo @ LA Galaxy | Houston Dynamo | +230 | 35.3% | +6.9% | FanDuel |
  | New York Red Bulls @ Sporting Kansas City | Draw | +310 | 29.4% | +6.5% | FanDuel |
  | Vancouver Whitecaps FC @ San Diego FC | Draw | +310 | 29.4% | +6.4% | FanDuel |
  | Real Salt Lake @ Minnesota United FC | Real Salt Lake | +220 | 35.3% | +6.2% | FanDuel |
  | Elche CF @ Girona | Draw | +300 | 29.4% | +5.8% | BetMGM |
  | San Jose Earthquakes @ Portland Timbers | Draw | +290 | 29.4% | +5.7% | DraftKings |
  | Barcelona @ Valencia | Draw | +300 | 29.4% | +5.7% | FanDuel |
  | Real Sociedad @ Espanyol | Real Sociedad | +220 | 35.3% | +5.7% | FanDuel |
  | New York City FC @ Nashville SC | Draw | +285 | 29.4% | +5.2% | BetRivers |
  | Oviedo @ Mallorca | UNDER 2.5 | -109 | 53.9% | +5.1% | BetRivers |
  | CA Osasuna @ Getafe | CA Osasuna | +210 | 35.3% | +5.0% | BetMGM |
  | Houston Dynamo @ LA Galaxy | Draw | +270 | 29.4% | +4.2% | BetRivers |
  | New York Red Bulls @ Sporting Kansas City | Sporting Kansas City | +200 | 35.3% | +4.1% | BetRivers |
  | CF Montreal @ D.C. United | Draw | +270 | 29.4% | +4.0% | FanDuel |
  
  ---
  
  *All picks logged before kickoff. Results posted same-day.*
  
  *Not financial advice. Bet responsibly. 21+*

  ── TikTok Script ──────────────────────────────────────────────────────

  [TALKING HEAD — Soccer Picks May 23]
  [DURATION: 30-45 seconds]
  
  [HOLD UP PHONE / STAND IN FRONT OF CAMERA]
  
  HOOK (0-5s):
  "My Dixon-Coles soccer model just fired on a Soccer match. Here's why."
  
  [PAUSE]
  
  MODEL EXPLAINER (5-18s):
  "Dixon-Coles is a 2-param Poisson model — fancy way of saying it predicts
  how many goals each team scores based on attack strength versus the other team's
  defense. It was literally published in a stats journal in the 90s and it's still
  one of the best soccer prediction models out there. I run it on 5 seasons of
  match data, updated every week."
  
  [PAUSE]
  
  THE PICK (18-28s):
  "Today's top play: UNDER 3.5 at Betrivers, +117.
  Orlando City SC @ FC Cincinnati
  Model gives +32.0% edge over the book's number."
  
  [SHOW SCREEN — caption or pick card]
  
  CTA (28-38s):
  "Full breakdown in the caption. Every pick timestamped before kickoff.
  Graded publicly. Follow for results tonight."
  
  [PAUSE]
  
  OUTRO:
  "Not financial advice. Bet responsibly. 21+."
  
  [END]

────────────────────────────────────────────────────────────────────────
  Basketball Wnba
  Source: output/picks/basketball_wnba/20260523
────────────────────────────────────────────────────────────────────────

  ── Instagram ──────────────────────────────────────────────────────────

  NBA — May 23 PICKS
  
  BEST BET
  Las Vegas Aces  +100 @ BetMGM
  Model edge: +49.7%
  Los Angeles Sparks @ Las Vegas Aces
  
  Also:
  - Las Vegas Aces (Sparks @ Aces)  -120 @ DraftKings  |  +44.6%
  - Toronto Tempo (Fire @ Tempo)  -102 @ DraftKings  |  +41.7%
  
  Season Totals: 52-23 (69.3% WR)
  Picks timestamped before first pitch. Record in bio.
  
  Not financial advice. Bet responsibly. 21+
  
  #NBA #NBAPlayoffs #sportsbetting #NBApicks #sharpbetting #valuebet #edgebetting #DraftKings #FanDuel #BetMGM #bettingmodel #freepicks #dailypicks #NBAPlayoffs2026

  ── X / Twitter ────────────────────────────────────────────────────────

  NBA — May 23 | BEST BET
  Las Vegas Aces (Sparks @ Aces)  +100 @BetMGM
  Model edge: +49.7%
  Season Totals: 52-23 (69.3% WR)
  Not financial advice. Bet responsibly. 21+  #NBAPlayoffs #sportsbetting
  
  ---
  
  Full card:
  - Las Vegas Aces  -120 @DraftKings  (+44.6%)
  - Toronto Tempo  -102 @DraftKings  (+41.7%)
  - UNDER 174.5  -113 @BetRivers  (+26.6%)

  ── Reddit ─────────────────────────────────────────────────────────────

  **ChefTonyBets AI Model — NBA PLAYOFFS MAY 23, 2026**
  
  Running XGBoost on NBA efficiency ratings (ORtg/DRtg/Pace). Walk-forward validated on 2015-2026 games. All picks logged with timestamp before tip-off.
  
  ---
  
  **Season Totals: 52-23 (69.3% WR)**
  
  **🔒 Totals (model's strongest market)**
  
  | Game | Bet | Odds | Edge | Book |
  |------|-----|------|------|------|
  | Portland Fire @ Toronto Tempo | UNDER 174.5 | -113 | +26.6% | BetRivers |
  | Portland Fire @ Toronto Tempo | UNDER 173.5 | -105 | +26.2% | Hard Rock Bet |
  | Los Angeles Sparks @ Las Vegas Aces | UNDER 181.5 | -110 | +25.2% | BetRivers |
  | Los Angeles Sparks @ Las Vegas Aces | UNDER 180.5 | -105 | +24.1% | Hard Rock Bet |
  
  **Other Edges**
  
  | Bet | Odds | Edge | Book |
  |-----|------|------|------|
  | Las Vegas Aces | +100 | +49.7% | BetMGM |
  | Las Vegas Aces | -120 | +44.6% | DraftKings |
  | Toronto Tempo | -102 | +41.7% | DraftKings |
  | Toronto Tempo | -172 | +17.9% | FanDuel |
  
  ---
  
  *Results posted daily. All picks logged before game time. No paid shills.*
  
  *Not financial advice. Bet responsibly. 21+*

════════════════════════════════════════════════════════════════════════


════════════════════════════════════════════════════════════════════════
  CAPTIONS — MAY 25, 2026
════════════════════════════════════════════════════════════════════════

────────────────────────────────────────────────────────────────────────
  MLB
  Source: output/picks/baseball_mlb/20260525
────────────────────────────────────────────────────────────────────────

  ── Instagram ──────────────────────────────────────────────────────────

  MLB — May 25 PICKS
  
  BEST BET
  Arizona Diamondbacks  -182 @ BetRivers
  Model edge: +50.0%
  Arizona Diamondbacks @ San Francisco Giants
  
  Also:
  - Athletics (Mariners @ Athletics)  -157 @ DraftKings  |  +3.2%
  - UNDER 10.5 (Mariners @ Athletics)  -110 @ Fliff  |  +3.1%
  
  Season Totals: 55-25 (68.8% WR)
  Picks timestamped before first pitch. Record in bio.
  
  Not financial advice. Bet responsibly. 21+
  
  #MLB #MLBpicks #sportsbetting #baseballbetting #sharpbetting #valuebet #totals #DraftKings #FanDuel #BetMGM #edgebetting #bettingmodel #freepicks #dailypicks #sportsbettingtips

  ── X / Twitter ────────────────────────────────────────────────────────

  MLB — May 25 | BEST BET
  Arizona Diamondbacks (Diamondbacks @ Giants)  -182 @BetRivers
  Model edge: +50.0%
  Season Totals: 55-25 (68.8% WR)
  Not financial advice. Bet responsibly. 21+  #MLB #sportsbetting
  
  ---
  
  Full card:
  - Athletics  -157 @DraftKings  (+3.2%)
  - UNDER 10.5  -110 @Fliff  (+3.1%)
  - San Diego Padres  -160 @theScoreBet  (+2.6%)

  ── Reddit ─────────────────────────────────────────────────────────────

  **ChefTonyBets AI Model — MLB MAY 25, 2026**
  
  Running XGBoost + Pythagorean ensemble on MLB team stats. All picks logged with timestamp before first pitch.
  
  ---
  
  **Season Totals: 55-25 (68.8% WR)**
  
  **🔒 Totals (model's strongest market)**
  
  | Game | Bet | Odds | Edge | Book |
  |------|-----|------|------|------|
  | Seattle Mariners @ Athletics | UNDER 10.5 | -110 | +3.1% | Fliff |
  | Tampa Bay Rays @ Baltimore Orioles | OVER 7.5 | -105 | +1.6% | BetRivers |
  | Colorado Rockies @ Los Angeles Dodgers | UNDER 8.75 | +105 | +1.1% | theScore Bet |
  
  **Other Edges**
  
  | Bet | Odds | Edge | Book |
  |-----|------|------|------|
  | Arizona Diamondbacks | -182 | +50.0% | BetRivers |
  | Arizona Diamondbacks | +120 | +15.5% | BetRivers |
  | Athletics | -157 | +3.2% | DraftKings |
  | San Diego Padres | -160 | +2.6% | theScore Bet |
  
  ---
  
  *Results posted daily. All picks logged before game time. No paid shills.*
  
  *Not financial advice. Bet responsibly. 21+*

  ── Parlay Instagram ───────────────────────────────────────────────────

  ⚾ May 25 SAME-GAME PARLAY — MLB
  
  🎰 2-Leg SAME-GAME PARLAY on MATCHBOOK
  Combined odds: +276  |  $100 wins $276
  
    1. Tampa Bay Rays ML -108
    2. Minnesota Twins ML -105
  
  Not financial advice. Bet responsibly. 21+
  
  #MLB #sportsbetting #MLBpicks #parlay #sharpbetting #valuebet #DraftKings #FanDuel #BetMGM #bettingmodel

  ── Parlay Reddit ──────────────────────────────────────────────────────

  **ChefTonyBets AI — MLB SAME-GAME PARLAY · MAY 25, 2026**
  
  AI model identified 2 correlated edges — built into a 2-leg same-game parlay on **MATCHBOOK**.
  
  **Combined odds: +276** | $100 wins **$276**
  
  | # | Bet | Odds |
  |---|-----|------|
  | 1 | Tampa Bay Rays ML -108 | -108 |
  | 2 | Minnesota Twins ML -105 | -105 |
  
  ---
  
  *All picks timestamped before tip-off/first pitch. Results posted daily.*
  
  *Not financial advice. Bet responsibly. 21+*

  ── Parlay Twitter ─────────────────────────────────────────────────────

  ⚾ May 25 | 2-LEG SAME-GAME PARLAY · MLB
  🔒 Tampa Bay Rays ML -108
  🔒 Minnesota Twins ML -105
  Combined: +276  ($100 → $276)
  Not financial advice. Bet responsibly. 21+  #MLB #parlay
  
  ---
  
  👇 Place this parlay on MATCHBOOK!

  ── Reddit Mlb Picks ───────────────────────────────────────────────────

  **ChefTonyBets AI — MLB Picks · 5/25/26 (Monday)**
  
  XGBoost + Pythagorean ensemble | Walk-forward validated | **Season: 30-21 (58.8% WR, +0.0u)**
  
  All picks timestamped before first pitch. No retroactive edits.
  
  ---
  
  **💰 Moneyline Edges**
  
  | Game | Odds | Edge | Book |
  |------|------|------|------|
  | Arizona Diamondbacks vs  | +120 | +15.5% | BetRivers |
  | Cincinnati Reds vs  | +140 | +13.2% | Tipico |
  | Tampa Bay Rays vs  | -108 | +9.7% | Matchbook |
  | Minnesota Twins vs  | -105 | +9.7% | Matchbook |
  | Seattle Mariners vs  | -110 | +9.4% | William Hill |
  
  **⚡ NRFI Plays**
  
  | Game | Bet | Proj% | Book |
  |------|-----|-------|------|
  | New York Yankees @ Kansas City Royals NRFI (Will Warren vs Michael Wacha) | NRFI -104 | 67% | FanDuel |
  | Minnesota Twins @ Chicago White Sox NRFI (Zebby Matthews vs Anthony Kay) | NRFI -118 | 67% | BetMGM |
  | Tampa Bay Rays @ Baltimore Orioles NRFI (Shane McClanahan vs Kyle Bradish) | NRFI -130 | 67% | FanDuel |
  | Chicago Cubs @ Pittsburgh Pirates NRFI (Ben Brown vs Carmen Mlodzinski) | NRFI -125 | 65% | BetMGM |
  | Philadelphia Phillies @ San Diego Padres NRFI (Jesús Luzardo vs Randy Vásquez) | NRFI -140 | 67% | BetMGM |
  
  ---
  
  **Model overview:** Ensemble of XGBoost (pitcher ERA, FIP, xFIP, bullpen REST, lineup wRC+) and Pythagorean expectation. Edge = model win prob minus sportsbook implied prob after vig removal. Only plays where both methods agree are posted as card picks.
  
  Drop questions in the comments — happy to explain any pick.
  
  *Not financial advice. Bet responsibly. 21+*

  ── Reddit Mlb Props ───────────────────────────────────────────────────

  **ChefTonyBets AI — MLB Props · 5/25/26 (Monday)**
  
  Running XGBoost prop model on pitcher K-rate, batter contact, park factors, and weather. 9 edges found today.
  
  **Season Record (props):** 30-21 (58.8% WR, +0.0u)
  
  ---
  
  **🎯 Pitcher Strikeouts**
  
  | Player | Bet | Odds | Edge | Book |
  |--------|-----|------|------|------|
  | Merrill Kelly | UNDER Strikeouts 5.5 | -260 | +25.3% (proj: 3.5) | theScore Bet |
  | Nick Lodolo | UNDER Strikeouts 6.5 | -480 | +17.3% (proj: 4.0) | BetRivers |
  | Nolan McLean | UNDER Strikeouts 8.5 | -375 | +14.6% (proj: 6.4) | theScore Bet |
  | Zebby Matthews | UNDER Strikeouts 6.5 | -425 | +13.7% (proj: 4.7) | theScore Bet |
  | Tanner Bibee | UNDER Strikeouts 6.5 | -375 | +12.5% (proj: 4.8) | theScore Bet |
  | Michael Wacha | UNDER Strikeouts 5.5 | -190 | +10.6% (proj: 4.8) | theScore Bet |
  | Kumar Rocker | UNDER Strikeouts 5.5 | -345 | +9.0% (proj: 4.2) | BetRivers |
  | Zack Littell | UNDER Strikeouts 2.5 | +107 | +7.7% (proj: 2.8) | BetRivers |
  
  ---
  
  **How the prop model works:** Projects pitcher strikeout totals using K/9, opposing team K%, umpire tendencies, and ballpark factors. Batter props use wOBA, hard-hit rate, and matchup data vs. starter handedness.
  
  All picks logged before first pitch. Verified record in post history.
  
  *Not financial advice. Bet responsibly. 21+*

  ── Reddit Potd ────────────────────────────────────────────────────────

  **ChefTonyBets AI — Pick of the Day · 5/25/26 (Monday)**
  
  **Sport:** MLB
  **Pick:** Arizona Diamondbacks Moneyline +120 @ BetRivers
  **Event:** Arizona Diamondbacks
  **Bet Size:** 1.0 units
  
  ---
  
  **Model Edge:** +15.5% (model: 0.0% vs market: 45.5%)
  **Season Record:** 30-21 (58.8% WR, +0.0u)
  
  ---
  
  **About the Model**
  
  XGBoost + Pythagorean expectation ensemble trained on 10 years of MLB/NBA data. Walk-forward validated on held-out seasons. Edges calculated by comparing model win probability to sportsbook implied probability after vig removal. Kelly criterion used for sizing.
  
  The model runs daily before first pitch/tip-off. All picks are timestamped and logged publicly — you can verify the record at any point. No retroactive changes.
  
  This pick was selected as POTD because it has the highest positive expected value among today's plays within the -200/+200 odds requirement.
  
  ---
  
  *Not financial advice. Bet responsibly. 21+*

  ── NRFI / YRFI ────────────────────────────────────────────────────────

  First pitch edge. Model projects first-inning run probability for every game.
  
  May 25 NRFI / YRFI Plays 🎯
  ━━━━━━━━━━━━━━━
  🔒 New York Yankees @ Kansas City Royals — NRFI -104 +19.1% edge [FanDuel]
  📌 Minnesota Twins @ Chicago White Sox — NRFI -118 +16.4% edge [BetMGM]
  📌 Tampa Bay Rays @ Baltimore Orioles — NRFI -130 +13.9% edge [FanDuel]
  • Chicago Cubs @ Pittsburgh Pirates — NRFI -125 +12.4% edge [BetMGM]
  • Philadelphia Phillies @ San Diego Padres — NRFI -140 +11.5% edge [BetMGM]
  ━━━━━━━━━━━━━━━
  
  Model uses pitcher ERA, K/9 rate, and last 10 starts to project first-inning run probability for both teams. NRFI = neither team scores in the 1st.
  
  Not financial advice. Bet responsibly. 21+
  
  #sportsbetting #mlbpicks #baseballbetting #bettingtips #freepicks #bettingcommunity #sharpbetting #valuebet #edgebetting #mlbodds #nrfi #yrfi #firstinning #nrfibets #mlbprops

  ── MONEYLINE PICKS ────────────────────────────────────────────────────

  AI ran the numbers on today's slate. These 5 games have edge.
  
  May 25 MLB Picks 🔥
  ━━━━━━━━━━━━━━━
  🔒 Arizona Diamondbacks +120 — +16% edge [BetRivers]
  📌 Cincinnati Reds +140 — +13% edge [Tipico]
  📌 Tampa Bay Rays -108 — +10% edge [Matchbook]
  • Minnesota Twins -105 — +10% edge [Matchbook]
  • Seattle Mariners -110 — +9% edge [William Hill]
  ━━━━━━━━━━━━━━━
  
  All picks generated by our ensemble model (XGBoost + Pythagorean). We track every result publicly — link in bio.
  
  Not financial advice. Bet responsibly. 21+
  
  #sportsbetting #mlbpicks #baseballbetting #bettingtips #freepicks #bettingcommunity #sharpbetting #valuebet #edgebetting #mlbodds

  ── PROPS ──────────────────────────────────────────────────────────────

  Today's player props with model edge — pitcher Ks, hits, and more.
  
  May 25 Player Props 🧮
  ━━━━━━━━━━━━━━━
  ⚡ Strikeouts:
    • Merrill Kelly UNDER 5.5 Ks (proj 3.5) -260 [theScore Bet]
    • Nick Lodolo UNDER 6.5 Ks (proj 4.0) -480 [BetRivers]
    • Nolan McLean UNDER 8.5 Ks (proj 6.4) -375 [theScore Bet]
  ━━━━━━━━━━━━━━━
  
  Model projects expected Ks using pitcher K/9 rate, last 10 starts, and opposing lineup OPS. We only post when we find real edge vs the book line.
  
  Full slate in the props card above. Swipe for game picks 👆
  
  Not financial advice. Bet responsibly. 21+
  
  #sportsbetting #mlbpicks #baseballbetting #bettingtips #freepicks #bettingcommunity #sharpbetting #valuebet #edgebetting #mlbodds #playerpropbets #propbets #mlbprops #strikeoutprop #nhlpicks

  ── TOTALS ─────────────────────────────────────────────────────────────

  AI ran the numbers on today's slate. These 5 games have edge.
  
  May 25 MLB Picks 🔥
  ━━━━━━━━━━━━━━━
  🔒 UNDER 10.5 (Seattle Mariners @ Athletics) -110 — +3.1 run edge [Fliff]
  📌 OVER 7.5 (Tampa Bay Rays @ Baltimore Orioles) -105 — +1.6 run edge [BetRivers]
  📌 UNDER 8.75 (Colorado Rockies @ Los Angeles Dodgers) +105 — +1.1 run edge [theScore Bet]
  ━━━━━━━━━━━━━━━
  
  All picks generated by our ensemble model (XGBoost + Pythagorean). We track every result publicly — link in bio.
  
  Not financial advice. Bet responsibly. 21+
  
  #sportsbetting #mlbpicks #baseballbetting #bettingtips #freepicks #bettingcommunity #sharpbetting #valuebet #edgebetting #mlbodds

  ── RUN LINE ───────────────────────────────────────────────────────────

  AI ran the numbers on today's slate. These 5 games have edge.
  
  May 25 MLB Picks 🔥
  ━━━━━━━━━━━━━━━
  🔒 San Diego Padres (Philadelphia Phillies @ San Diego Padres) -160 — +2.6 run edge [theScore Bet]
  📌 Athletics (Seattle Mariners @ Athletics) -157 — +3.2 run edge [DraftKings]
  📌 Kansas City Royals (New York Yankees @ Kansas City Royals) -137 — +2.2 run edge [BetRivers]
  • Arizona Diamondbacks (Arizona Diamondbacks @ San Francisco Giants) -182 — +0.8 run edge [BetRivers]
  ━━━━━━━━━━━━━━━
  
  All picks generated by our ensemble model (XGBoost + Pythagorean). We track every result publicly — link in bio.
  
  Not financial advice. Bet responsibly. 21+
  
  #sportsbetting #mlbpicks #baseballbetting #bettingtips #freepicks #bettingcommunity #sharpbetting #valuebet #edgebetting #mlbodds

────────────────────────────────────────────────────────────────────────
  NBA
  Source: output/picks/basketball_nba/20260525
────────────────────────────────────────────────────────────────────────

  ── Instagram ──────────────────────────────────────────────────────────

  NBA — May 25 PICKS
  
  BEST BET
  OVER 218.5  -110 @ FanDuel
  Model edge: +16.0%
  New York Knicks @ Cleveland Cavaliers
  
  Season Totals: 55-25 (68.8% WR)
  Picks timestamped before first pitch. Record in bio.
  
  Not financial advice. Bet responsibly. 21+
  
  #NBA #NBAPlayoffs #sportsbetting #NBApicks #sharpbetting #valuebet #edgebetting #DraftKings #FanDuel #BetMGM #bettingmodel #freepicks #dailypicks #NBAPlayoffs2026

  ── X / Twitter ────────────────────────────────────────────────────────

  NBA — May 25 | BEST BET
  OVER 218.5 (Knicks @ Cavaliers)  -110 @FanDuel
  Model edge: +16.0%
  Season Totals: 55-25 (68.8% WR)
  Not financial advice. Bet responsibly. 21+  #NBAPlayoffs #sportsbetting

  ── Reddit ─────────────────────────────────────────────────────────────

  **ChefTonyBets AI Model — NBA PLAYOFFS MAY 25, 2026**
  
  Running XGBoost on NBA efficiency ratings (ORtg/DRtg/Pace). Walk-forward validated on 2015-2026 games. All picks logged with timestamp before tip-off.
  
  ---
  
  **Season Totals: 55-25 (68.8% WR)**
  
  **🔒 Totals (model's strongest market)**
  
  | Game | Bet | Odds | Edge | Book |
  |------|-----|------|------|------|
  | New York Knicks @ Cleveland Cavaliers | OVER 218.5 | -110 | +16.0% | FanDuel |
  
  **Other Edges**
  
  | Bet | Odds | Edge | Book |
  |-----|------|------|------|
  | Cleveland Cavaliers | +120 | +9.0% | DraftKings |
  
  ---
  
  *Results posted daily. All picks logged before game time. No paid shills.*
  
  *Not financial advice. Bet responsibly. 21+*

  ── Reddit Nba Picks ───────────────────────────────────────────────────

  **ChefTonyBets AI — NBA Picks · 5/25/26 (Monday)**
  
  XGBoost on ORtg/DRtg/Pace efficiency ratings | **Season: 50-24 (67.6% WR, +0.0u)**
  
  All picks timestamped before tip-off. Verified record in post history.
  
  ---
  
  **🏀 Moneyline**
  
  | Pick | Odds | Edge | Book |
  |------|------|------|------|
  | Cleveland Cavaliers (New York Knicks @ Cleveland Cavaliers) | +120 | +9.0% | DraftKings |
  
  **📊 Totals (O/U)**
  
  | Game | Bet | Edge | Book |
  |------|-----|------|------|
  | New York Knicks @ Cleveland Cavaliers | OVER  -110 | +16.0% | FanDuel |
  
  ---
  
  **Model overview:** Trains on 10 years of NBA box scores. Features: offensive/defensive rating, pace, rest advantage, travel, home court, lineup injury adjustments. Walk-forward validated — no look-ahead bias. Edge = model probability minus sportsbook implied after vig removal.
  
  Drop any questions below.
  
  *Not financial advice. Bet responsibly. 21+*

  ── Reddit Potd ────────────────────────────────────────────────────────

  **ChefTonyBets AI — Pick of the Day · 5/25/26 (Monday)**
  
  **Sport:** NBA
  **Pick:** OVER 218.5 TOTAL -110 @ FanDuel
  **Event:** New York Knicks @ Cleveland Cavaliers
  **Bet Size:** 1.0 units
  
  ---
  
  **Model Edge:** +16.0% (model: 0.0% vs market: 52.4%)
  **Season Record:** 50-24 (67.6% WR, +0.0u)
  
  ---
  
  **About the Model**
  
  XGBoost + Pythagorean expectation ensemble trained on 10 years of MLB/NBA data. Walk-forward validated on held-out seasons. Edges calculated by comparing model win probability to sportsbook implied probability after vig removal. Kelly criterion used for sizing.
  
  The model runs daily before first pitch/tip-off. All picks are timestamped and logged publicly — you can verify the record at any point. No retroactive changes.
  
  This pick was selected as POTD because it has the highest positive expected value among today's plays within the -200/+200 odds requirement.
  
  ---
  
  *Not financial advice. Bet responsibly. 21+*

  ── MONEYLINE PICKS ────────────────────────────────────────────────────

  NBA Playoffs. Model ran all night. These lines have value.
  
  May 25 NBA PLAYOFFS Picks 🔥
  ━━━━━━━━━━━━━━━
  🔒 OVER 218.5 (NEW vs CLE) -110 — +16.0% edge [FanDuel]
  📌 Cleveland Cavaliers ML +120 — +9.0% edge [DraftKings]
  ━━━━━━━━━━━━━━━
  
  Picks generated by our efficiency-rating model (ORtg/DRtg/Pace). We track every result publicly — link in bio.
  
  Not financial advice. Bet responsibly. 21+
  
  #NBA #NBAPlayoffs #sportsbetting #NBApicks #NBATwitter #sharpbetting #valuebet #edgebetting #NBAPlayoffs2026 #playoffs #NBAplayoff

  ── PROPS ──────────────────────────────────────────────────────────────

  Props market moves slower on playoff games. That's where edge hides.
  
  May 25 NBA Player Props 🧮
  ━━━━━━━━━━━━━━━
  💪 Rebounds:
    • Mitchell Robinson UNDER 4.5 REB -102 [FanDuel]
  ━━━━━━━━━━━━━━━
  
  Model projects each stat using season averages + opponent defensive rating. Only posts when we find real edge vs the book line.
  
  Swipe for game picks 👆
  
  Not financial advice. Bet responsibly. 21+
  
  #NBA #NBAPlayoffs #sportsbetting #NBApicks #NBATwitter #sharpbetting #valuebet #edgebetting #NBAPlayoffs2026 #playoffs #NBAplayoff #NBApropbets #propbets #NBAprops #pointsprop #reboundsprop

  ── TOTALS ─────────────────────────────────────────────────────────────

  Model projected tonight's totals. These lines are off.
  
  May 25 NBA PLAYOFFS Totals 📊
  ━━━━━━━━━━━━━━━
  🔒 OVER 218.5 (New York Knicks @ Cleveland Cavaliers) -110 — +16.0% edge [FanDuel]
  ━━━━━━━━━━━━━━━
  
  Pace + ORtg/DRtg model projects the final score of every game. Only posting where we find edge.
  
  Not financial advice. Bet responsibly. 21+
  
  #NBA #NBAPlayoffs #sportsbetting #NBApicks #NBATwitter #sharpbetting #valuebet #edgebetting #NBAPlayoffs2026 #playoffs #NBAplayoff #NBAtotals #NBAovers #NBAunders

────────────────────────────────────────────────────────────────────────
  Tennis — Roland-Garros (ATP)
  Source: output/picks/tennis_atp_french_open/20260525
────────────────────────────────────────────────────────────────────────

  ── Instagram ──────────────────────────────────────────────────────────

  🎾 FRENCH OPEN — May 25 PICKS
  
  Elo model scanning today's clay court matches.
  
  BEST BET
  Daniel Merida Aguilar  +310 @ Betrivers
  Model edge: +48.5%
  Ben Shelton vs Daniel Merida Aguilar
  
  Also liking:
  - Botic van de Zandschulp  +480 @ Fanduel  |  +46.5%
  - Roberto Bautista Agut  +398 @ Draftkings  |  +30.8%
  Picks logged before match time. Record in bio.
  
  Not financial advice. Bet responsibly. 21+
  
  #tennis #rolandgarros #sportsbetting #tennisbetting #ATP #freepicks

  ── X / Twitter ────────────────────────────────────────────────────────

  🎾 French Open picks — May 25
  Elo model found edge on 8 match(es).
  Daniel Merida Aguilar  +310 @BetRivers  edge: +48.5%
  Graded publicly.  Not financial advice. Bet responsibly. 21+  #tennis #sportsbetting
  
  ---
  
  Full card:
  - Botic van de Zandschulp  +480 @FanDuel  (+46.5%)
  - Roberto Bautista Agut  +398 @DraftKings  (+30.8%)
  - Ignacio Buse  +174 @DraftKings  (+26.8%)

  ── Reddit ─────────────────────────────────────────────────────────────

  **ChefTonyBets Elo Model — French Open May 25, 2026**
  
  Surface: Clay
  
  Model methodology: Surface-specific Elo ratings built from ATP/WTA match history (Kovalchik 2016 / Angelini 2022 peer-reviewed framework). Ratings updated after every match. Edges calculated vs no-vig implied probability across FanDuel, DraftKings, BetMGM, Caesars, and Bet365.
  
  ---
  
  **Edges today**
  
  | Match | Pick | Odds | Model Prob | Implied Prob | Edge | Book |
  |-------|------|------|------------|--------------|------|------|
  | Ben Shelton vs Daniel Merida Aguilar | Daniel Merida Aguilar | +310 | 71.6% | 24.4% | +48.5% | BetRivers |
  | Botic van de Zandschulp vs Francisco Cerundolo | Botic van de Zandschulp | +480 | 62.9% | 17.2% | +46.5% | FanDuel |
  | Brandon Nakashima vs Roberto Bautista Agut | Roberto Bautista Agut | +398 | 50.0% | 20.1% | +30.8% | DraftKings |
  | Andrey Rublev vs Ignacio Buse | Ignacio Buse | +174 | 61.3% | 36.5% | +26.8% | DraftKings |
  | Terence Atmane vs Thanasi Kokkinakis | Thanasi Kokkinakis | +310 | 50.0% | 24.4% | +26.7% | FanDuel |
  | Hubert Hurkacz vs Jaume Munar | Jaume Munar | +125 | 67.5% | 44.4% | +25.4% | DraftKings |
  | Gael Monfils vs Hugo Gaston | Hugo Gaston | +106 | 54.9% | 48.5% | +8.8% | BetRivers |
  | Marcos Giron vs Wu Yibing | Wu Yibing | +110 | 50.0% | 47.6% | +4.6% | FanDuel |
  
  ---
  
  *All picks logged with timestamp before match start. Results posted daily.*
  
  *Not financial advice. Bet responsibly. 21+*

  ── TikTok Script ──────────────────────────────────────────────────────

  [TALKING HEAD — Tennis Picks May 25]
  [DURATION: 30-45 seconds]
  
  [HOLD UP PHONE / STAND IN FRONT OF CAMERA]
  
  HOOK (0-5s):
  "My Elo model just found a Clay court edge at French Open. Here's the pick."
  
  [PAUSE]
  
  ELO EXPLAINER (5-15s):
  "So what's an Elo model? Think chess ratings — every tennis player gets a number
  based on who they beat and how. Beat a top-10 guy, your number shoots up.
  Lose to a qualifier, it tanks. My model tracks these ratings by surface,
  because a clay-court Elo and a grass-court Elo are completely different numbers."
  
  [PAUSE]
  
  THE PICK (15-25s):
  "Today's top play: Daniel Merida Aguilar +310 at Betrivers.
  My model gives them a +48.5% edge over the book's number.
  That's meaningful on clay — it's a grind-it-out surface where Elo is most predictive."
  
  [SHOW SCREEN — caption or pick card]
  
  CTA (25-35s):
  "Full card's in the caption. Every pick gets logged before match time —
  you can verify the timestamp. Follow for the nightly recap."
  
  [PAUSE]
  
  OUTRO:
  "Not financial advice. Bet responsibly. 21+."
  
  [END]

────────────────────────────────────────────────────────────────────────
  Soccer (All Leagues)
  Source: output/picks/soccer/20260525
────────────────────────────────────────────────────────────────────────

  ── Instagram ──────────────────────────────────────────────────────────

  ⚽ SOCCER — May 25 PICKS
  
  Dixon-Coles model found today's best edges.
  Picks logged before kickoff. Record in bio.
  
  Not financial advice. Bet responsibly. 21+
  
  #soccer #EPL #sportsbetting #soccerbetting #footballbetting #freepicks

  ── X / Twitter ────────────────────────────────────────────────────────

  ⚽ Soccer — May 25
  No edges meet threshold today. Monitoring lines.
  Not financial advice. Bet responsibly. 21+

  ── Reddit ─────────────────────────────────────────────────────────────

  **ChefTonyBets Dixon-Coles Model — Soccer May 25, 2026**
  
  Model: Rolling Elo + 2-parameter Poisson (Dixon-Coles v2). Fit on 5 seasons of match data per league. Attack/defense ratings updated on a rolling 52-week window with recency weighting. Edges calculated as model probability minus no-vig implied probability.
  
  ---
  
  No edges meet minimum threshold today.
  
  ---
  
  *All picks logged before kickoff. Results posted same-day.*
  
  *Not financial advice. Bet responsibly. 21+*

  ── TikTok Script ──────────────────────────────────────────────────────

  [TALKING HEAD — Soccer Picks May 25]
  [DURATION: 30-45 seconds]
  
  [HOLD UP PHONE / STAND IN FRONT OF CAMERA]
  
  HOOK (0-5s):
  "My Dixon-Coles soccer model just fired on a Soccer match. Here's why."
  
  [PAUSE]
  
  MODEL EXPLAINER (5-18s):
  "Dixon-Coles is a 2-param Poisson model — fancy way of saying it predicts
  how many goals each team scores based on attack strength versus the other team's
  defense. It was literally published in a stats journal in the 90s and it's still
  one of the best soccer prediction models out there. I run it on 5 seasons of
  match data, updated every week."
  
  [PAUSE]
  
  THE PICK (18-28s):
  "Today's top play: no clear edge today at , .
  
  Model gives  edge over the book's number."
  
  [SHOW SCREEN — caption or pick card]
  
  CTA (28-38s):
  "Full breakdown in the caption. Every pick timestamped before kickoff.
  Graded publicly. Follow for results tonight."
  
  [PAUSE]
  
  OUTRO:
  "Not financial advice. Bet responsibly. 21+."
  
  [END]

────────────────────────────────────────────────────────────────────────
  Basketball Wnba
  Source: output/picks/basketball_wnba/20260525
────────────────────────────────────────────────────────────────────────

  ── Instagram ──────────────────────────────────────────────────────────

  NBA — May 25 PICKS
  
  BEST BET
  Golden State Valkyries  -102 @ DraftKings
  Model edge: +51.5%
  Connecticut Sun @ Golden State Valkyries
  
  Also:
  - Golden State Valkyries (Sun @ Valkyries)  -109 @ BetRivers  |  +50.3%
  - New York Liberty (Fire @ Liberty)  -105 @ theScore Bet  |  +49.1%
  
  Season Totals: 55-25 (68.8% WR)
  Picks timestamped before first pitch. Record in bio.
  
  Not financial advice. Bet responsibly. 21+
  
  #NBA #NBAPlayoffs #sportsbetting #NBApicks #sharpbetting #valuebet #edgebetting #DraftKings #FanDuel #BetMGM #bettingmodel #freepicks #dailypicks #NBAPlayoffs2026

  ── X / Twitter ────────────────────────────────────────────────────────

  NBA — May 25 | BEST BET
  Golden State Valkyries (Sun @ Valkyries)  -102 @DraftKings
  Model edge: +51.5%
  Season Totals: 55-25 (68.8% WR)
  Not financial advice. Bet responsibly. 21+  #NBAPlayoffs #sportsbetting
  
  ---
  
  Full card:
  - Golden State Valkyries  -109 @BetRivers  (+50.3%)
  - New York Liberty  -105 @theScoreBet  (+49.1%)
  - Golden State Valkyries  -125 @Fliff  (+48.8%)

  ── Reddit ─────────────────────────────────────────────────────────────

  **ChefTonyBets AI Model — NBA PLAYOFFS MAY 25, 2026**
  
  Running XGBoost on NBA efficiency ratings (ORtg/DRtg/Pace). Walk-forward validated on 2015-2026 games. All picks logged with timestamp before tip-off.
  
  ---
  
  **Season Totals: 55-25 (68.8% WR)**
  
  **🔒 Totals (model's strongest market)**
  
  | Game | Bet | Odds | Edge | Book |
  |------|-----|------|------|------|
  | Portland Fire @ New York Liberty | UNDER 176.5 | -108 | +23.8% | DraftKings |
  
  **Other Edges**
  
  | Bet | Odds | Edge | Book |
  |-----|------|------|------|
  | Golden State Valkyries | -102 | +51.5% | DraftKings |
  | Golden State Valkyries | -109 | +50.3% | BetRivers |
  | New York Liberty | -105 | +49.1% | theScore Bet |
  | Golden State Valkyries | -125 | +48.8% | Fliff |
  
  ---
  
  *Results posted daily. All picks logged before game time. No paid shills.*
  
  *Not financial advice. Bet responsibly. 21+*

════════════════════════════════════════════════════════════════════════


════════════════════════════════════════════════════════════════════════
  CAPTIONS — MAY 26, 2026
════════════════════════════════════════════════════════════════════════

────────────────────────────────────────────────────────────────────────
  MLB
  Source: output/picks/baseball_mlb/20260526
────────────────────────────────────────────────────────────────────────

  ── Instagram ──────────────────────────────────────────────────────────

  MLB — May 26 PICKS
  
  BEST BET
  UNDER 9.5  -110 @ theScore Bet
  Model edge: +2.1%
  Seattle Mariners @ Athletics
  
  Also:
  - OVER 8.5 (Rays @ Orioles)  -118 @ BetMGM  |  +1.5%
  - UNDER 8.0 (Phillies @ Padres)  +100 @ FanDuel  |  +1.5%
  
  Season Totals: 58-26 (69.0% WR)
  Picks timestamped before first pitch. Record in bio.
  
  Not financial advice. Bet responsibly. 21+
  
  #MLB #MLBpicks #sportsbetting #baseballbetting #sharpbetting #valuebet #totals #DraftKings #FanDuel #BetMGM #edgebetting #bettingmodel #freepicks #dailypicks #sportsbettingtips

  ── X / Twitter ────────────────────────────────────────────────────────

  MLB — May 26 | BEST BET
  UNDER 9.5 (Mariners @ Athletics)  -110 @theScoreBet
  Model edge: +2.1%
  Season Totals: 58-26 (69.0% WR)
  Not financial advice. Bet responsibly. 21+  #MLB #sportsbetting
  
  ---
  
  Full card:
  - OVER 8.5  -118 @BetMGM  (+1.5%)
  - UNDER 8.0  +100 @FanDuel  (+1.5%)
  - UNDER 9.0  +110 @HardRockBet  (+1.4%)

  ── Reddit ─────────────────────────────────────────────────────────────

  **ChefTonyBets AI Model — MLB MAY 26, 2026**
  
  Running XGBoost + Pythagorean ensemble on MLB team stats. All picks logged with timestamp before first pitch.
  
  ---
  
  **Season Totals: 58-26 (69.0% WR)**
  
  **🔒 Totals (model's strongest market)**
  
  | Game | Bet | Odds | Edge | Book |
  |------|-----|------|------|------|
  | Seattle Mariners @ Athletics | UNDER 9.5 | -110 | +2.1% | theScore Bet |
  | Tampa Bay Rays @ Baltimore Orioles | OVER 8.5 | -118 | +1.5% | BetMGM |
  | Philadelphia Phillies @ San Diego Padres | UNDER 8.0 | +100 | +1.5% | FanDuel |
  | Colorado Rockies @ Los Angeles Dodgers | UNDER 9.0 | +110 | +1.4% | Hard Rock Bet |
  
  **Other Edges**
  
  | Bet | Odds | Edge | Book |
  |-----|------|------|------|
  | New York Yankees | -200 | +15.4% | FanDuel |
  | St. Louis Cardinals | +157 | +14.2% | DraftKings |
  | Miami Marlins | +124 | +12.6% | DraftKings |
  | Atlanta Braves | -106 | +11.5% | FanDuel |
  
  ---
  
  *Results posted daily. All picks logged before game time. No paid shills.*
  
  *Not financial advice. Bet responsibly. 21+*

  ── Parlay Instagram ───────────────────────────────────────────────────

  ⚾ May 26 SAME-GAME PARLAY — MLB
  
  🎰 2-Leg SAME-GAME PARLAY on FanDuel
  Combined odds: +192  |  $100 wins $192
  
    1. New York Yankees ML -200
    2. Atlanta Braves ML -106
  
  🎁 New to FanDuel? Sign up & bet $5+ → get $50 in Bonus Bets
  👉 Sign up link in bio 🔗
  
  Not financial advice. Bet responsibly. 21+
  
  #MLB #sportsbetting #MLBpicks #parlay #sharpbetting #valuebet #DraftKings #FanDuel #BetMGM #bettingmodel

  ── Parlay Reddit ──────────────────────────────────────────────────────

  **ChefTonyBets AI — MLB SAME-GAME PARLAY · MAY 26, 2026**
  
  AI model identified 2 correlated edges — built into a 2-leg same-game parlay on **FanDuel**.
  
  **Combined odds: +192** | $100 wins **$192**
  
  | # | Bet | Odds |
  |---|-----|------|
  | 1 | New York Yankees ML -200 | -200 |
  | 2 | Atlanta Braves ML -106 | -106 |
  
  **Sign up via my referral (FanDuel):** Sign up & bet $5+ → get $50 in Bonus Bets — [Sign up here](https://fndl.co/92pew6d)
  
  ---
  
  *All picks timestamped before tip-off/first pitch. Results posted daily.*
  
  *Not financial advice. Bet responsibly. 21+*

  ── Parlay Twitter ─────────────────────────────────────────────────────

  ⚾ May 26 | 2-LEG SAME-GAME PARLAY · MLB
  🔒 New York Yankees ML -200
  🔒 Atlanta Braves ML -106
  Combined: +192  ($100 → $192)
  Not financial advice. Bet responsibly. 21+  #MLB #parlay
  
  ---
  
  👇 New to FanDuel? Sign up & bet $5+ → get $50 in Bonus Bets
  Sign up with my link: https://fndl.co/92pew6d

  ── Reddit Mlb Picks ───────────────────────────────────────────────────

  **ChefTonyBets AI — MLB Picks · 5/26/26 (Tuesday)**
  
  XGBoost + Pythagorean ensemble | Walk-forward validated | **Season: 34-22 (60.7% WR, +0.0u)**
  
  All picks timestamped before first pitch. No retroactive edits.
  
  ---
  
  **💰 Moneyline Edges**
  
  | Game | Odds | Edge | Book |
  |------|------|------|------|
  | New York Yankees vs  | -200 | +15.4% | FanDuel |
  | Atlanta Braves vs  | -106 | +11.5% | FanDuel |
  | Seattle Mariners vs  | -105 | +11.3% | theScore Bet |
  | St. Louis Cardinals vs  | +157 | +14.2% | DraftKings |
  | Philadelphia Phillies vs  | +107 | +10.9% | 1xBet |
  
  **⚡ NRFI Plays**
  
  | Game | Bet | Proj% | Book |
  |------|-----|-------|------|
  | Atlanta Braves @ Boston Red Sox NRFI (Spencer Strider vs Ranger Suarez) | NRFI -115 | 67% | FanDuel |
  | Tampa Bay Rays @ Baltimore Orioles NRFI (Griffin Jax vs Shane Baz) | NRFI -113 | 65% | FanDuel |
  | Miami Marlins @ Toronto Blue Jays NRFI (Sandy Alcantara vs Braydon Fisher) | NRFI -111 | 65% | FanDuel |
  | Chicago Cubs @ Pittsburgh Pirates NRFI (Jordan Wicks vs Braxton Ashcraft) | NRFI -125 | 67% | BetMGM |
  | St. Louis Cardinals @ Milwaukee Brewers NRFI (Michael McGreevy vs Kyle Harrison) | NRFI -125 | 67% | BetMGM |
  
  ---
  
  **Model overview:** Ensemble of XGBoost (pitcher ERA, FIP, xFIP, bullpen REST, lineup wRC+) and Pythagorean expectation. Edge = model win prob minus sportsbook implied prob after vig removal. Only plays where both methods agree are posted as card picks.
  
  Drop questions in the comments — happy to explain any pick.
  
  *Not financial advice. Bet responsibly. 21+*

  ── Reddit Mlb Props ───────────────────────────────────────────────────

  **ChefTonyBets AI — MLB Props · 5/26/26 (Tuesday)**
  
  Running XGBoost prop model on pitcher K-rate, batter contact, park factors, and weather. 10 edges found today.
  
  **Season Record (props):** 34-22 (60.7% WR, +0.0u)
  
  ---
  
  **🎯 Pitcher Strikeouts**
  
  | Player | Bet | Odds | Edge | Book |
  |--------|-----|------|------|------|
  | Bailey Falter | OVER Strikeouts 2.5 | +140 | +39.4% (proj: 4.7) | Hard Rock Bet |
  | Braydon Fisher | OVER Strikeouts 0.5 | -185 | +32.8% (proj: 5.8) | Hard Rock Bet |
  | Jordan Wicks | UNDER Strikeouts 3.5 | +105 | +30.4% (proj: 2.8) | Hard Rock Bet |
  | Keider Montero | UNDER Strikeouts 5.5 | -450 | +21.0% (proj: 3.2) | theScore Bet |
  | Joey Cantillo | UNDER Strikeouts 6.5 | -450 | +17.8% (proj: 4.2) | theScore Bet |
  | Cade Cavalli | OVER Strikeouts 5.5 | +145 | +17.7% (proj: 6.4) | theScore Bet |
  | Griffin Jax | UNDER Strikeouts 6.5 | -375 | +16.5% (proj: 4.4) | BetRivers |
  | Chase Burns | UNDER Strikeouts 7.5 | -240 | +15.1% (proj: 6.0) | theScore Bet |
  
  ---
  
  **How the prop model works:** Projects pitcher strikeout totals using K/9, opposing team K%, umpire tendencies, and ballpark factors. Batter props use wOBA, hard-hit rate, and matchup data vs. starter handedness.
  
  All picks logged before first pitch. Verified record in post history.
  
  *Not financial advice. Bet responsibly. 21+*

  ── Reddit Potd ────────────────────────────────────────────────────────

  **ChefTonyBets AI — Pick of the Day · 5/26/26 (Tuesday)**
  
  **Sport:** MLB
  **Pick:** New York Yankees Moneyline -200 @ FanDuel
  **Event:** New York Yankees
  **Bet Size:** 1.0 units
  
  ---
  
  **Model Edge:** +15.4% (model: 0.0% vs market: 66.7%)
  **Season Record:** 34-22 (60.7% WR, +0.0u)
  
  ---
  
  **About the Model**
  
  XGBoost + Pythagorean expectation ensemble trained on 10 years of MLB/NBA data. Walk-forward validated on held-out seasons. Edges calculated by comparing model win probability to sportsbook implied probability after vig removal. Kelly criterion used for sizing.
  
  The model runs daily before first pitch/tip-off. All picks are timestamped and logged publicly — you can verify the record at any point. No retroactive changes.
  
  This pick was selected as POTD because it has the highest positive expected value among today's plays within the -200/+200 odds requirement.
  
  ---
  
  *Not financial advice. Bet responsibly. 21+*

  ── NRFI / YRFI ────────────────────────────────────────────────────────

  The sharp play on first innings — NRFI or YRFI, model picks the edge side.
  
  May 26 NRFI / YRFI Plays 🎯
  ━━━━━━━━━━━━━━━
  🔒 Atlanta Braves @ Boston Red Sox — NRFI -115 +16.8% edge [FanDuel]
  📌 Tampa Bay Rays @ Baltimore Orioles — NRFI -113 +15.4% edge [FanDuel]
  📌 Miami Marlins @ Toronto Blue Jays — NRFI -111 +14.9% edge [FanDuel]
  • Chicago Cubs @ Pittsburgh Pirates — NRFI -125 +14.8% edge [BetMGM]
  • St. Louis Cardinals @ Milwaukee Brewers — NRFI -125 +14.8% edge [BetMGM]
  ━━━━━━━━━━━━━━━
  
  Model uses pitcher ERA, K/9 rate, and last 10 starts to project first-inning run probability for both teams. NRFI = neither team scores in the 1st.
  
  Not financial advice. Bet responsibly. 21+
  
  #sportsbetting #mlbpicks #baseballbetting #bettingtips #freepicks #positiveev #kellycriterion #bettingmodel #AIbetting #datadrivenbetting #nrfi #yrfi #firstinning #nrfibets #mlbprops

  ── MONEYLINE PICKS ────────────────────────────────────────────────────

  Dropping today's picks. Model found +EV on these lines 🔒
  
  May 26 MLB Picks 🔥
  ━━━━━━━━━━━━━━━
  🔒 New York Yankees -200 — +15% edge [FanDuel]
  📌 Atlanta Braves -106 — +11% edge [FanDuel]
  📌 Seattle Mariners -105 — +11% edge [theScore Bet]
  • St. Louis Cardinals +157 — +14% edge [DraftKings]
  • Philadelphia Phillies +107 — +11% edge [1xBet]
  ━━━━━━━━━━━━━━━
  
  All picks generated by our ensemble model (XGBoost + Pythagorean). We track every result publicly — link in bio.
  
  Not financial advice. Bet responsibly. 21+
  
  #sportsbetting #mlbpicks #baseballbetting #bettingtips #freepicks #positiveev #kellycriterion #bettingmodel #AIbetting #datadrivenbetting

  ── PROPS ──────────────────────────────────────────────────────────────

  Props slate for today. AI projected vs book line, pick the overs.
  
  May 26 Player Props 🧮
  ━━━━━━━━━━━━━━━
  ⚡ Strikeouts:
    • Bailey Falter OVER 2.5 Ks (proj 4.7) +140 [Hard Rock Bet]
    • Braydon Fisher OVER 0.5 Ks (proj 5.8) -185 [Hard Rock Bet]
    • Jordan Wicks UNDER 3.5 Ks (proj 2.8) +105 [Hard Rock Bet]
  ━━━━━━━━━━━━━━━
  
  Model projects expected Ks using pitcher K/9 rate, last 10 starts, and opposing lineup OPS. We only post when we find real edge vs the book line.
  
  Full slate in the props card above. Swipe for game picks 👆
  
  Not financial advice. Bet responsibly. 21+
  
  #sportsbetting #mlbpicks #baseballbetting #bettingtips #freepicks #positiveev #kellycriterion #bettingmodel #AIbetting #datadrivenbetting #playerpropbets #propbets #mlbprops #strikeoutprop #nhlpicks

  ── TOTALS ─────────────────────────────────────────────────────────────

  Dropping today's picks. Model found +EV on these lines 🔒
  
  May 26 MLB Picks 🔥
  ━━━━━━━━━━━━━━━
  🔒 UNDER 9.5 (Seattle Mariners @ Athletics) -110 — +2.1 run edge [theScore Bet]
  📌 OVER 8.5 (Tampa Bay Rays @ Baltimore Orioles) -118 — +1.5 run edge [BetMGM]
  📌 UNDER 8.0 (Philadelphia Phillies @ San Diego Padres) +100 — +1.5 run edge [FanDuel]
  • UNDER 9.0 (Colorado Rockies @ Los Angeles Dodgers) +110 — +1.4 run edge [Hard Rock Bet]
  ━━━━━━━━━━━━━━━
  
  All picks generated by our ensemble model (XGBoost + Pythagorean). We track every result publicly — link in bio.
  
  Not financial advice. Bet responsibly. 21+
  
  #sportsbetting #mlbpicks #baseballbetting #bettingtips #freepicks #positiveev #kellycriterion #bettingmodel #AIbetting #datadrivenbetting

  ── RUN LINE ───────────────────────────────────────────────────────────

  Dropping today's picks. Model found +EV on these lines 🔒
  
  May 26 MLB Picks 🔥
  ━━━━━━━━━━━━━━━
  🔒 Arizona Diamondbacks (Arizona Diamondbacks @ San Francisco Giants) +165 — +0.2 run edge [theScore Bet]
  📌 New York Yankees (New York Yankees @ Kansas City Royals) -120 — +0.2 run edge [FanDuel]
  📌 Los Angeles Dodgers (Colorado Rockies @ Los Angeles Dodgers) -104 — +0.1 run edge [BetRivers]
  • Tampa Bay Rays (Tampa Bay Rays @ Baltimore Orioles) +145 — +0.1 run edge [Hard Rock Bet]
  • San Diego Padres (Philadelphia Phillies @ San Diego Padres) +180 — +0.1 run edge [Hard Rock Bet]
  ━━━━━━━━━━━━━━━
  
  All picks generated by our ensemble model (XGBoost + Pythagorean). We track every result publicly — link in bio.
  
  Not financial advice. Bet responsibly. 21+
  
  #sportsbetting #mlbpicks #baseballbetting #bettingtips #freepicks #positiveev #kellycriterion #bettingmodel #AIbetting #datadrivenbetting

────────────────────────────────────────────────────────────────────────
  NBA
  Source: output/picks/basketball_nba/20260526
────────────────────────────────────────────────────────────────────────

  ── Instagram ──────────────────────────────────────────────────────────

  NBA — May 26 PICKS
  
  BEST BET
  OVER 216.5  -110 @ DraftKings
  Model edge: +13.2%
  San Antonio Spurs @ Oklahoma City Thunder
  
  Season Totals: 58-26 (69.0% WR)
  Picks timestamped before first pitch. Record in bio.
  
  Not financial advice. Bet responsibly. 21+
  
  #NBA #NBAPlayoffs #sportsbetting #NBApicks #sharpbetting #valuebet #edgebetting #DraftKings #FanDuel #BetMGM #bettingmodel #freepicks #dailypicks #NBAPlayoffs2026

  ── X / Twitter ────────────────────────────────────────────────────────

  NBA — May 26 | BEST BET
  OVER 216.5 (Spurs @ Thunder)  -110 @DraftKings
  Model edge: +13.2%
  Season Totals: 58-26 (69.0% WR)
  Not financial advice. Bet responsibly. 21+  #NBAPlayoffs #sportsbetting

  ── Reddit ─────────────────────────────────────────────────────────────

  **ChefTonyBets AI Model — NBA PLAYOFFS MAY 26, 2026**
  
  Running XGBoost on NBA efficiency ratings (ORtg/DRtg/Pace). Walk-forward validated on 2015-2026 games. All picks logged with timestamp before tip-off.
  
  ---
  
  **Season Totals: 58-26 (69.0% WR)**
  
  **🔒 Totals (model's strongest market)**
  
  | Game | Bet | Odds | Edge | Book |
  |------|-----|------|------|------|
  | San Antonio Spurs @ Oklahoma City Thunder | OVER 216.5 | -110 | +13.2% | DraftKings |
  
  ---
  
  *Results posted daily. All picks logged before game time. No paid shills.*
  
  *Not financial advice. Bet responsibly. 21+*

  ── Reddit Nba Picks ───────────────────────────────────────────────────

  **ChefTonyBets AI — NBA Picks · 5/26/26 (Tuesday)**
  
  XGBoost on ORtg/DRtg/Pace efficiency ratings | **Season: 51-24 (68.0% WR, +0.0u)**
  
  All picks timestamped before tip-off. Verified record in post history.
  
  ---
  
  **📊 Totals (O/U)**
  
  | Game | Bet | Edge | Book |
  |------|-----|------|------|
  | San Antonio Spurs @ Oklahoma City Thunder | OVER  -110 | +13.2% | DraftKings |
  
  ---
  
  **Model overview:** Trains on 10 years of NBA box scores. Features: offensive/defensive rating, pace, rest advantage, travel, home court, lineup injury adjustments. Walk-forward validated — no look-ahead bias. Edge = model probability minus sportsbook implied after vig removal.
  
  Drop any questions below.
  
  *Not financial advice. Bet responsibly. 21+*

  ── Reddit Potd ────────────────────────────────────────────────────────

  **ChefTonyBets AI — Pick of the Day · 5/26/26 (Tuesday)**
  
  **Sport:** NBA
  **Pick:** OVER 216.5 TOTAL -110 @ DraftKings
  **Event:** San Antonio Spurs @ Oklahoma City Thunder
  **Bet Size:** 1.0 units
  
  ---
  
  **Model Edge:** +13.2% (model: 0.0% vs market: 52.4%)
  **Season Record:** 51-24 (68.0% WR, +0.0u)
  
  ---
  
  **About the Model**
  
  XGBoost + Pythagorean expectation ensemble trained on 10 years of MLB/NBA data. Walk-forward validated on held-out seasons. Edges calculated by comparing model win probability to sportsbook implied probability after vig removal. Kelly criterion used for sizing.
  
  The model runs daily before first pitch/tip-off. All picks are timestamped and logged publicly — you can verify the record at any point. No retroactive changes.
  
  This pick was selected as POTD because it has the highest positive expected value among today's plays within the -200/+200 odds requirement.
  
  ---
  
  *Not financial advice. Bet responsibly. 21+*

  ── MONEYLINE PICKS ────────────────────────────────────────────────────

  Dropped the NBA picks. AI found edge on tonight's games 📊
  
  May 26 NBA PLAYOFFS Picks 🔥
  ━━━━━━━━━━━━━━━
  🔒 OVER 216.5 (SAN vs OKL) -110 — +13.2% edge [DraftKings]
  ━━━━━━━━━━━━━━━
  
  Picks generated by our efficiency-rating model (ORtg/DRtg/Pace). We track every result publicly — link in bio.
  
  Not financial advice. Bet responsibly. 21+
  
  #NBA #NBAPlayoffs #sportsbetting #NBApicks #positiveev #kellycriterion #bettingmodel #AIbetting #NBAPlayoffs2026 #playoffs #NBAplayoff

  ── PROPS ──────────────────────────────────────────────────────────────

  Found fat lines in today's NBA props. Model says bet these.
  
  May 26 NBA Player Props 🧮
  ━━━━━━━━━━━━━━━
  • Cason Wallace UNDER 1.5 STEALS — 13.4% edge [FanDuel]
  ━━━━━━━━━━━━━━━
  
  Model projects each stat using season averages + opponent defensive rating. Only posts when we find real edge vs the book line.
  
  Swipe for game picks 👆
  
  Not financial advice. Bet responsibly. 21+
  
  #NBA #NBAPlayoffs #sportsbetting #NBApicks #positiveev #kellycriterion #bettingmodel #AIbetting #NBAPlayoffs2026 #playoffs #NBAplayoff #NBApropbets #propbets #NBAprops #pointsprop #reboundsprop

  ── TOTALS ─────────────────────────────────────────────────────────────

  Model projected tonight's totals. These lines are off.
  
  May 26 NBA PLAYOFFS Totals 📊
  ━━━━━━━━━━━━━━━
  🔒 OVER 216.5 (San Antonio Spurs @ Oklahoma City Thunder) -110 — +13.2% edge [DraftKings]
  ━━━━━━━━━━━━━━━
  
  Pace + ORtg/DRtg model projects the final score of every game. Only posting where we find edge.
  
  Not financial advice. Bet responsibly. 21+
  
  #NBA #NBAPlayoffs #sportsbetting #NBApicks #positiveev #kellycriterion #bettingmodel #AIbetting #NBAPlayoffs2026 #playoffs #NBAplayoff #NBAtotals #NBAovers #NBAunders

────────────────────────────────────────────────────────────────────────
  Tennis — Roland-Garros (ATP)
  Source: output/picks/tennis_atp_french_open/20260526
────────────────────────────────────────────────────────────────────────

  ── Instagram ──────────────────────────────────────────────────────────

  🎾 FRENCH OPEN — May 26 PICKS
  
  Elo model scanning today's clay court matches.
  
  BEST BET
  Jacob Fearnley  +330 @ Fanduel
  Model edge: +40.7%
  Juan Manuel Cerundolo vs Jacob Fearnley
  
  Also liking:
  - Adam Walton  +349 @ Draftkings  |  +39.4%
  - Roman Andres Burruchaga  +120 @ Betmgm  |  +33.9%
  
  Tennis record: 3-23 (11.5% WR)
  Picks logged before match time. Record in bio.
  
  Not financial advice. Bet responsibly. 21+
  
  #tennis #sportsbetting #tennisbetting #WTA #valuebet #edgebetting

  ── X / Twitter ────────────────────────────────────────────────────────

  🎾 French Open picks — May 26
  Elo model found edge on 11 match(es).
  Jacob Fearnley  +330 @FanDuel  edge: +40.7%
  Record: 3-23 (11.5% WR)
  Graded publicly.  Not financial advice. Bet responsibly. 21+  #tennis #sportsbetting
  
  ---
  
  Full card:
  - Adam Walton  +349 @DraftKings  (+39.4%)
  - Roman Andres Burruchaga  +120 @BetMGM  (+33.9%)
  - Jan-Lennard Struff  +310 @FanDuel  (+22.2%)

  ── Reddit ─────────────────────────────────────────────────────────────

  **ChefTonyBets Elo Model — French Open May 26, 2026**
  
  Surface: Clay
  
  Model methodology: Surface-specific Elo ratings built from ATP/WTA match history (Kovalchik 2016 / Angelini 2022 peer-reviewed framework). Ratings updated after every match. Edges calculated vs no-vig implied probability across FanDuel, DraftKings, BetMGM, Caesars, and Bet365.
  
  ---
  
  **Tennis record: 3-23 (11.5% WR)**
  
  **Edges today**
  
  | Match | Pick | Odds | Model Prob | Implied Prob | Edge | Book |
  |-------|------|------|------------|--------------|------|------|
  | Juan Manuel Cerundolo vs Jacob Fearnley | Jacob Fearnley | +330 | 62.9% | 23.3% | +40.7% | FanDuel |
  | Daniil Medvedev vs Adam Walton | Adam Walton | +349 | 60.6% | 22.3% | +39.4% | DraftKings |
  | Roman Andres Burruchaga vs Sebastian Baez | Roman Andres Burruchaga | +120 | 76.7% | 45.5% | +33.9% | BetMGM |
  | Jan-Lennard Struff vs Alexander Bublik | Jan-Lennard Struff | +310 | 45.6% | 24.4% | +22.2% | FanDuel |
  | Francisco Comesana vs Ethan Quinn | Ethan Quinn | +128 | 62.9% | 43.9% | +21.0% | FanDuel |
  | Corentin Moutet vs Vit Kopriva | Vit Kopriva | +178 | 50.0% | 36.0% | +16.0% | DraftKings |
  | Learner Tien vs Cristian Garin | Cristian Garin | +175 | 50.0% | 36.4% | +15.6% | BetRivers |
  | Matteo Arnaldi vs Tallon Griekspoor | Tallon Griekspoor | +230 | 40.9% | 30.3% | +12.1% | FanDuel |
  | Denis Shapovalov vs Jaime Faria | Denis Shapovalov | +145 | 50.0% | 40.8% | +11.4% | DraftKings |
  | Adolfo Daniel Vallejo vs Cameron Norrie | Cameron Norrie | +110 | 50.0% | 47.6% | +5.4% | BetMGM |
  | Luciano Darderi vs Sebastian Ofner | Luciano Darderi | -325 | 76.7% | 76.5% | +4.5% | BetMGM |
  
  ---
  
  *All picks logged with timestamp before match start. Results posted daily.*
  
  *Not financial advice. Bet responsibly. 21+*

  ── TikTok Script ──────────────────────────────────────────────────────

  [TALKING HEAD — Tennis Picks May 26]
  [DURATION: 30-45 seconds]
  
  [HOLD UP PHONE / STAND IN FRONT OF CAMERA]
  
  HOOK (0-5s):
  "My Elo model just found a Clay court edge at French Open. Here's the pick."
  
  [PAUSE]
  
  ELO EXPLAINER (5-15s):
  "So what's an Elo model? Think chess ratings — every tennis player gets a number
  based on who they beat and how. Beat a top-10 guy, your number shoots up.
  Lose to a qualifier, it tanks. My model tracks these ratings by surface,
  because a clay-court Elo and a grass-court Elo are completely different numbers."
  
  [PAUSE]
  
  THE PICK (15-25s):
  "Today's top play: Jacob Fearnley +330 at Fanduel.
  My model gives them a +40.7% edge over the book's number.
  That's meaningful on clay — it's a grind-it-out surface where Elo is most predictive."
  
  [SHOW SCREEN — caption or pick card]
  
  CTA (25-35s):
  "Full card's in the caption. Every pick gets logged before match time —
  you can verify the timestamp. Follow for the nightly recap."
  
  [PAUSE]
  
  OUTRO:
  "Not financial advice. Bet responsibly. 21+."
  
  [END]

────────────────────────────────────────────────────────────────────────
  Soccer (All Leagues)
  Source: output/picks/soccer/20260526
────────────────────────────────────────────────────────────────────────

  ── Instagram ──────────────────────────────────────────────────────────

  ⚽ SOCCER — May 26 PICKS
  
  Dixon-Coles model found today's best edges.
  
  BEST BET
  Cusco FC  +2200 @ Betrivers
  Model edge: +31.1%
  Cusco FC @ Flamengo-RJ
  [Soccer]
  
  Also:
  - UNDER 3.5  -112 @ Betrivers  |  +25.9%
  - Club Always Ready  +750 @ Betrivers  |  +24.1%
  Picks logged before kickoff. Record in bio.
  
  Not financial advice. Bet responsibly. 21+
  
  #soccer #LaLiga #sportsbetting #footballbetting #valuebet #edgebetting

  ── X / Twitter ────────────────────────────────────────────────────────

  ⚽ Soccer picks — May 26
  Dixon-Coles model.  Cusco FC  +2200 @BetRivers  edge: +31.1%
  Track record in bio.  Not financial advice. Bet responsibly. 21+  #soccer #sportsbetting
  
  ---
  
  Full card:
  - UNDER 3.5  -112 @BetRivers  (+25.9%)
  - Club Always Ready  +750 @BetRivers  (+24.1%)
  - Draw  +900 @BetRivers  (+20.1%)

  ── Reddit ─────────────────────────────────────────────────────────────

  **ChefTonyBets Dixon-Coles Model — Soccer May 26, 2026**
  
  Model: Rolling Elo + 2-parameter Poisson (Dixon-Coles v2). Fit on 5 seasons of match data per league. Attack/defense ratings updated on a rolling 52-week window with recency weighting. Edges calculated as model probability minus no-vig implied probability.
  
  ---
  
  **Soccer**
  
  | Match | Bet | Odds | Model Prob | Edge | Book |
  |-------|-----|------|------------|------|------|
  | Cusco FC @ Flamengo-RJ | Cusco FC | +2200 | 35.2% | +31.1% | BetRivers |
  | Cusco FC @ Flamengo-RJ | UNDER 3.5 | -112 | 75.7% | +25.9% | BetRivers |
  | Club Always Ready @ LDU Quito | Club Always Ready | +750 | 35.2% | +24.1% | BetRivers |
  | Cusco FC @ Flamengo-RJ | Draw | +900 | 29.5% | +20.1% | BetRivers |
  | Independiente Medellín @ Estudiantes La Plata | Independiente Medellín | +475 | 35.2% | +18.9% | BetRivers |
  | Coquimbo Unido @ Nacional de Montevideo | Coquimbo Unido | +390 | 35.2% | +15.9% | BetRivers |
  | Mirassol @ Lanus | Mirassol | +370 | 35.2% | +15.2% | BetRivers |
  | Club Always Ready @ LDU Quito | UNDER 2.5 | +130 | 54.3% | +13.3% | BetRivers |
  | Deportes Tolima @ Club Universitario de Deportes | Deportes Tolima | +300 | 35.2% | +11.7% | BetRivers |
  | Deportes Tolima @ Club Universitario de Deportes | OVER 2.5 | +155 | 45.7% | +8.7% | BetRivers |
  | Mirassol @ Lanus | OVER 2.5 | +132 | 45.7% | +4.9% | BetRivers |
  | Independiente Medellín @ Estudiantes La Plata | Draw | +270 | 29.5% | +4.1% | BetRivers |
  
  ---
  
  *All picks logged before kickoff. Results posted same-day.*
  
  *Not financial advice. Bet responsibly. 21+*

  ── TikTok Script ──────────────────────────────────────────────────────

  [TALKING HEAD — Soccer Picks May 26]
  [DURATION: 30-45 seconds]
  
  [HOLD UP PHONE / STAND IN FRONT OF CAMERA]
  
  HOOK (0-5s):
  "My Dixon-Coles soccer model just fired on a Soccer match. Here's why."
  
  [PAUSE]
  
  MODEL EXPLAINER (5-18s):
  "Dixon-Coles is a 2-param Poisson model — fancy way of saying it predicts
  how many goals each team scores based on attack strength versus the other team's
  defense. It was literally published in a stats journal in the 90s and it's still
  one of the best soccer prediction models out there. I run it on 5 seasons of
  match data, updated every week."
  
  [PAUSE]
  
  THE PICK (18-28s):
  "Today's top play: Cusco FC at Betrivers, +2200.
  Cusco FC @ Flamengo-RJ
  Model gives +31.1% edge over the book's number."
  
  [SHOW SCREEN — caption or pick card]
  
  CTA (28-38s):
  "Full breakdown in the caption. Every pick timestamped before kickoff.
  Graded publicly. Follow for results tonight."
  
  [PAUSE]
  
  OUTRO:
  "Not financial advice. Bet responsibly. 21+."
  
  [END]

════════════════════════════════════════════════════════════════════════


════════════════════════════════════════════════════════════════════════
  CAPTIONS — MAY 27, 2026
════════════════════════════════════════════════════════════════════════

────────────────────────────────────────────────────────────────────────
  MLB
  Source: output/picks/baseball_mlb/20260527
────────────────────────────────────────────────────────────────────────

  ── Instagram ──────────────────────────────────────────────────────────

  MLB — May 27 PICKS
  
  BEST BET
  OVER 8.0  +100 @ Fliff
  Model edge: +50.0%
  Colorado Rockies @ Los Angeles Dodgers
  
  Also:
  - Athletics (Mariners @ Athletics)  -150 @ Hard Rock Bet  |  +2.2%
  - OVER 7.0 (Astros @ Rangers)  +110 @ theScore Bet  |  +1.4%
  
  Season Totals: 65-27 (70.7% WR)
  Picks timestamped before first pitch. Record in bio.
  
  Not financial advice. Bet responsibly. 21+
  
  #MLB #MLBpicks #sportsbetting #baseballbetting #sharpbetting #valuebet #totals #DraftKings #FanDuel #BetMGM #edgebetting #bettingmodel #freepicks #dailypicks #sportsbettingtips

  ── X / Twitter ────────────────────────────────────────────────────────

  MLB — May 27 | BEST BET
  OVER 8.0 (Rockies @ Dodgers)  +100 @Fliff
  Model edge: +50.0%
  Season Totals: 65-27 (70.7% WR)
  Not financial advice. Bet responsibly. 21+  #MLB #sportsbetting
  
  ---
  
  Full card:
  - Athletics  -150 @HardRockBet  (+2.2%)
  - OVER 7.0  +110 @theScoreBet  (+1.4%)
  - UNDER 9.0  +115 @HardRockBet  (+1.3%)

  ── Reddit ─────────────────────────────────────────────────────────────

  **ChefTonyBets AI Model — MLB MAY 27, 2026**
  
  Running XGBoost + Pythagorean ensemble on MLB team stats. All picks logged with timestamp before first pitch.
  
  ---
  
  **Season Totals: 65-27 (70.7% WR)**
  
  **🔒 Totals (model's strongest market)**
  
  | Game | Bet | Odds | Edge | Book |
  |------|-----|------|------|------|
  | Colorado Rockies @ Los Angeles Dodgers | OVER 8.0 | +100 | +50.0% | Fliff |
  | Houston Astros @ Texas Rangers | OVER 7.0 | +110 | +1.4% | theScore Bet |
  | Seattle Mariners @ Athletics | UNDER 9.0 | +115 | +1.3% | Hard Rock Bet |
  
  **Other Edges**
  
  | Bet | Odds | Edge | Book |
  |-----|------|------|------|
  | Tampa Bay Rays | -110 | +16.4% | DraftKings |
  | Colorado Rockies | +335 | +16.1% | Fliff |
  | Houston Astros | +125 | +13.0% | theScore Bet |
  | New York Yankees | -150 | +12.8% | theScore Bet |
  
  ---
  
  *Results posted daily. All picks logged before game time. No paid shills.*
  
  *Not financial advice. Bet responsibly. 21+*

  ── Parlay Instagram ───────────────────────────────────────────────────

  ⚾ May 27 SAME-GAME PARLAY — MLB
  
  🎰 3-Leg SAME-GAME PARLAY on theScore Bet
  Combined odds: +669  |  $100 wins $669
  
    1. Houston Astros ML +125
    2. New York Yankees ML -150
    3. Cincinnati Reds ML +105
  
  🎁 New to theScore Bet? Bet $1, Get $200 in Bonus Bets
  
  Not financial advice. Bet responsibly. 21+
  
  #MLB #sportsbetting #MLBpicks #parlay #sharpbetting #valuebet #DraftKings #FanDuel #BetMGM #bettingmodel

  ── Parlay Reddit ──────────────────────────────────────────────────────

  **ChefTonyBets AI — MLB SAME-GAME PARLAY · MAY 27, 2026**
  
  AI model identified 3 correlated edges — built into a 3-leg same-game parlay on **theScore Bet**.
  
  **Combined odds: +669** | $100 wins **$669**
  
  | # | Bet | Odds |
  |---|-----|------|
  | 1 | Houston Astros ML +125 | +125 |
  | 2 | New York Yankees ML -150 | -150 |
  | 3 | Cincinnati Reds ML +105 | +105 |
  
  **Sign up via my referral (theScore Bet):** Bet $1, Get $200 in Bonus Bets
  
  ---
  
  *All picks timestamped before tip-off/first pitch. Results posted daily.*
  
  *Not financial advice. Bet responsibly. 21+*

  ── Parlay Twitter ─────────────────────────────────────────────────────

  ⚾ May 27 | 3-LEG SAME-GAME PARLAY · MLB
  🔒 Houston Astros ML +125
  🔒 New York Yankees ML -150
  🔒 Cincinnati Reds ML +105
  Combined: +669  ($100 → $669)
  Not financial advice. Bet responsibly. 21+  #MLB #parlay
  
  ---
  
  👇 New to theScore Bet? Bet $1, Get $200 in Bonus Bets
  Sign up and place this parlay today!

  ── Reddit Mlb Picks ───────────────────────────────────────────────────

  **ChefTonyBets AI — MLB Picks · 5/27/26 (Wednesday)**
  
  XGBoost + Pythagorean ensemble | Walk-forward validated | **Season: 41-26 (61.2% WR, +0.0u)**
  
  All picks timestamped before first pitch. No retroactive edits.
  
  ---
  
  **💰 Moneyline Edges**
  
  | Game | Odds | Edge | Book |
  |------|------|------|------|
  | Tampa Bay Rays vs  | -110 | +16.4% | DraftKings |
  | New York Yankees vs  | -150 | +12.8% | theScore Bet |
  | Colorado Rockies vs  | +335 | +16.1% | Fliff |
  | Cincinnati Reds vs  | +105 | +12.2% | theScore Bet |
  | Miami Marlins vs  | +138 | +12.9% | GTbets |
  
  **⚡ NRFI Plays**
  
  | Game | Bet | Proj% | Book |
  |------|-----|-------|------|
  | Seattle Mariners @ Athletics NRFI (Logan Gilbert vs Jeffrey Springs) | NRFI +102 | 66% | FanDuel |
  | New York Yankees @ Kansas City Royals NRFI (Gerrit Cole vs Noah Cameron) | NRFI -104 | 66% | FanDuel |
  | Cincinnati Reds @ New York Mets NRFI (Andrew Abbott vs Huascar Brazobán) | NRFI -111 | 67% | FanDuel |
  | Minnesota Twins @ Chicago White Sox NRFI (Connor Prielipp vs Davis Martin) | NRFI -115 | 67% | FanDuel |
  | St. Louis Cardinals @ Milwaukee Brewers NRFI (Dustin May vs Chad Patrick) | NRFI -111 | 65% | FanDuel |
  
  ---
  
  **Model overview:** Ensemble of XGBoost (pitcher ERA, FIP, xFIP, bullpen REST, lineup wRC+) and Pythagorean expectation. Edge = model win prob minus sportsbook implied prob after vig removal. Only plays where both methods agree are posted as card picks.
  
  Drop questions in the comments — happy to explain any pick.
  
  *Not financial advice. Bet responsibly. 21+*

  ── Reddit Mlb Props ───────────────────────────────────────────────────

  **ChefTonyBets AI — MLB Props · 5/27/26 (Wednesday)**
  
  Running XGBoost prop model on pitcher K-rate, batter contact, park factors, and weather. 10 edges found today.
  
  **Season Record (props):** 41-26 (61.2% WR, +0.0u)
  
  ---
  
  **🎯 Pitcher Strikeouts**
  
  | Player | Bet | Odds | Edge | Book |
  |--------|-----|------|------|------|
  | Gerrit Cole | UNDER Strikeouts 4.5 | -130 | +45.9% (proj: 1.8) | Hard Rock Bet |
  | Andrew Abbott | UNDER Strikeouts 5.5 | -400 | +15.3% (proj: 3.8) | theScore Bet |
  | Dustin May | UNDER Strikeouts 5.5 | -260 | +14.3% (proj: 4.2) | theScore Bet |
  | Steven Matz | UNDER Strikeouts 5.5 | -425 | +13.2% (proj: 3.9) | theScore Bet |
  | Logan Gilbert | UNDER Strikeouts 6.5 | -215 | +12.3% (proj: 5.5) | theScore Bet |
  | Jeffrey Springs | UNDER Strikeouts 5.5 | -300 | +10.6% (proj: 4.3) | theScore Bet |
  | Casey Mize | UNDER Strikeouts 6.5 | -300 | +8.4% (proj: 5.3) | theScore Bet |
  | Connelly Early | UNDER Strikeouts 6.5 | -425 | +7.8% (proj: 5.1) | theScore Bet |
  
  ---
  
  **How the prop model works:** Projects pitcher strikeout totals using K/9, opposing team K%, umpire tendencies, and ballpark factors. Batter props use wOBA, hard-hit rate, and matchup data vs. starter handedness.
  
  All picks logged before first pitch. Verified record in post history.
  
  *Not financial advice. Bet responsibly. 21+*

  ── Reddit Potd ────────────────────────────────────────────────────────

  **ChefTonyBets AI — Pick of the Day · 5/27/26 (Wednesday)**
  
  **Sport:** MLB
  **Pick:** Tampa Bay Rays Moneyline -110 @ DraftKings
  **Event:** Tampa Bay Rays
  **Bet Size:** 1.0 units
  
  ---
  
  **Model Edge:** +16.4% (model: 0.0% vs market: 52.4%)
  **Season Record:** 41-26 (61.2% WR, +0.0u)
  
  ---
  
  **About the Model**
  
  XGBoost + Pythagorean expectation ensemble trained on 10 years of MLB/NBA data. Walk-forward validated on held-out seasons. Edges calculated by comparing model win probability to sportsbook implied probability after vig removal. Kelly criterion used for sizing.
  
  The model runs daily before first pitch/tip-off. All picks are timestamped and logged publicly — you can verify the record at any point. No retroactive changes.
  
  This pick was selected as POTD because it has the highest positive expected value among today's plays within the -200/+200 odds requirement.
  
  ---
  
  *Not financial advice. Bet responsibly. 21+*

  ── NRFI / YRFI ────────────────────────────────────────────────────────

  Starting pitcher K/9 and ERA point to these first-inning plays today.
  
  May 27 NRFI / YRFI Plays 🎯
  ━━━━━━━━━━━━━━━
  🔒 Seattle Mariners @ Athletics — NRFI +102 +19.0% edge [FanDuel]
  📌 New York Yankees @ Kansas City Royals — NRFI -104 +18.0% edge [FanDuel]
  📌 Cincinnati Reds @ New York Mets — NRFI -111 +17.7% edge [FanDuel]
  • Minnesota Twins @ Chicago White Sox — NRFI -115 +16.8% edge [FanDuel]
  • St. Louis Cardinals @ Milwaukee Brewers — NRFI -111 +15.7% edge [FanDuel]
  ━━━━━━━━━━━━━━━
  
  Model uses pitcher ERA, K/9 rate, and last 10 starts to project first-inning run probability for both teams. NRFI = neither team scores in the 1st.
  
  Not financial advice. Bet responsibly. 21+
  
  #sportsbetting #mlbpicks #baseballbetting #bettingtips #freepicks #baseballpicks #mlbtoday #baseballfan #baseballlife #mlbgames #nrfi #yrfi #firstinning #nrfibets #mlbprops

  ── MONEYLINE PICKS ────────────────────────────────────────────────────

  Sharp money targets for today. Model-verified, book-beatable.
  
  May 27 MLB Picks 🔥
  ━━━━━━━━━━━━━━━
  🔒 Tampa Bay Rays -110 — +16% edge [DraftKings]
  📌 New York Yankees -150 — +13% edge [theScore Bet]
  📌 Colorado Rockies +335 — +16% edge [Fliff]
  • Cincinnati Reds +105 — +12% edge [theScore Bet]
  • Miami Marlins +138 — +13% edge [GTbets]
  ━━━━━━━━━━━━━━━
  
  All picks generated by our ensemble model (XGBoost + Pythagorean). We track every result publicly — link in bio.
  
  Not financial advice. Bet responsibly. 21+
  
  #sportsbetting #mlbpicks #baseballbetting #bettingtips #freepicks #baseballpicks #mlbtoday #baseballfan #baseballlife #mlbgames

  ── PROPS ──────────────────────────────────────────────────────────────

  The props market moves slower than moneylines. That's where edge hides.
  
  May 27 Player Props 🧮
  ━━━━━━━━━━━━━━━
  ⚡ Strikeouts:
    • Gerrit Cole UNDER 4.5 Ks (proj 1.8) -130 [Hard Rock Bet]
    • Andrew Abbott UNDER 5.5 Ks (proj 3.8) -400 [theScore Bet]
    • Dustin May UNDER 5.5 Ks (proj 4.2) -260 [theScore Bet]
  ━━━━━━━━━━━━━━━
  
  Model projects expected Ks using pitcher K/9 rate, last 10 starts, and opposing lineup OPS. We only post when we find real edge vs the book line.
  
  Full slate in the props card above. Swipe for game picks 👆
  
  Not financial advice. Bet responsibly. 21+
  
  #sportsbetting #mlbpicks #baseballbetting #bettingtips #freepicks #baseballpicks #mlbtoday #baseballfan #baseballlife #mlbgames #playerpropbets #propbets #mlbprops #strikeoutprop #nhlpicks

  ── TOTALS ─────────────────────────────────────────────────────────────

  Sharp money targets for today. Model-verified, book-beatable.
  
  May 27 MLB Picks 🔥
  ━━━━━━━━━━━━━━━
  🔒 OVER 7.0 (Houston Astros @ Texas Rangers) +110 — +1.4 run edge [theScore Bet]
  📌 UNDER 9.0 (Seattle Mariners @ Athletics) +115 — +1.3 run edge [Hard Rock Bet]
  📌 OVER 8.0 (Colorado Rockies @ Los Angeles Dodgers) +100 — +1.0 run edge [Fliff]
  ━━━━━━━━━━━━━━━
  
  All picks generated by our ensemble model (XGBoost + Pythagorean). We track every result publicly — link in bio.
  
  Not financial advice. Bet responsibly. 21+
  
  #sportsbetting #mlbpicks #baseballbetting #bettingtips #freepicks #baseballpicks #mlbtoday #baseballfan #baseballlife #mlbgames

  ── RUN LINE ───────────────────────────────────────────────────────────

  Sharp money targets for today. Model-verified, book-beatable.
  
  May 27 MLB Picks 🔥
  ━━━━━━━━━━━━━━━
  🔒 Athletics (Seattle Mariners @ Athletics) -150 — +2.2 run edge [Hard Rock Bet]
  ━━━━━━━━━━━━━━━
  
  All picks generated by our ensemble model (XGBoost + Pythagorean). We track every result publicly — link in bio.
  
  Not financial advice. Bet responsibly. 21+
  
  #sportsbetting #mlbpicks #baseballbetting #bettingtips #freepicks #baseballpicks #mlbtoday #baseballfan #baseballlife #mlbgames

────────────────────────────────────────────────────────────────────────
  NBA
  Source: output/picks/basketball_nba/20260527
────────────────────────────────────────────────────────────────────────

  ── Instagram ──────────────────────────────────────────────────────────

  NBA — May 27 PICKS
  
  BEST BET
  OVER 215.5  -110 @ FanDuel
  Model edge: +16.0%
  New York Knicks @ Oklahoma City Thunder
  
  Also:
  - OVER 217.5 (Knicks @ Spurs)  -106 @ FanDuel  |  +15.8%
  - OVER 218.5 (Thunder @ Spurs)  -110 @ DraftKings  |  +12.3%
  
  Season Totals: 61-27 (69.3% WR)
  Picks timestamped before first pitch. Record in bio.
  
  Not financial advice. Bet responsibly. 21+
  
  #NBA #NBAPlayoffs #sportsbetting #NBApicks #sharpbetting #valuebet #edgebetting #DraftKings #FanDuel #BetMGM #bettingmodel #freepicks #dailypicks #NBAPlayoffs2026

  ── X / Twitter ────────────────────────────────────────────────────────

  NBA — May 27 | BEST BET
  OVER 215.5 (Knicks @ Thunder)  -110 @FanDuel
  Model edge: +16.0%
  Season Totals: 61-27 (69.3% WR)
  Not financial advice. Bet responsibly. 21+  #NBAPlayoffs #sportsbetting
  
  ---
  
  Full card:
  - OVER 217.5  -106 @FanDuel  (+15.8%)
  - OVER 218.5  -110 @DraftKings  (+12.3%)

  ── Reddit ─────────────────────────────────────────────────────────────

  **ChefTonyBets AI Model — NBA PLAYOFFS MAY 27, 2026**
  
  Running XGBoost on NBA efficiency ratings (ORtg/DRtg/Pace). Walk-forward validated on 2015-2026 games. All picks logged with timestamp before tip-off.
  
  ---
  
  **Season Totals: 61-27 (69.3% WR)**
  
  **🔒 Totals (model's strongest market)**
  
  | Game | Bet | Odds | Edge | Book |
  |------|-----|------|------|------|
  | New York Knicks @ Oklahoma City Thunder | OVER 215.5 | -110 | +16.0% | FanDuel |
  | New York Knicks @ San Antonio Spurs | OVER 217.5 | -106 | +15.8% | FanDuel |
  | Oklahoma City Thunder @ San Antonio Spurs | OVER 218.5 | -110 | +12.3% | DraftKings |
  
  **Other Edges**
  
  | Bet | Odds | Edge | Book |
  |-----|------|------|------|
  | San Antonio Spurs | -164 | +7.7% | FanDuel |
  
  ---
  
  *Results posted daily. All picks logged before game time. No paid shills.*
  
  *Not financial advice. Bet responsibly. 21+*

  ── Reddit Nba Picks ───────────────────────────────────────────────────

  **ChefTonyBets AI — NBA Picks · 5/27/26 (Wednesday)**
  
  XGBoost on ORtg/DRtg/Pace efficiency ratings | **Season: 52-24 (68.4% WR, +0.0u)**
  
  All picks timestamped before tip-off. Verified record in post history.
  
  ---
  
  **🏀 Moneyline**
  
  | Pick | Odds | Edge | Book |
  |------|------|------|------|
  | San Antonio Spurs (New York Knicks @ San Antonio Spurs) | -164 | +7.7% | FanDuel |
  
  **📊 Totals (O/U)**
  
  | Game | Bet | Edge | Book |
  |------|-----|------|------|
  | New York Knicks @ Oklahoma City Thunder | OVER  -110 | +16.0% | FanDuel |
  | New York Knicks @ San Antonio Spurs | OVER  -106 | +15.8% | FanDuel |
  | Oklahoma City Thunder @ San Antonio Spurs | OVER  -110 | +12.3% | DraftKings |
  
  ---
  
  **Model overview:** Trains on 10 years of NBA box scores. Features: offensive/defensive rating, pace, rest advantage, travel, home court, lineup injury adjustments. Walk-forward validated — no look-ahead bias. Edge = model probability minus sportsbook implied after vig removal.
  
  Drop any questions below.
  
  *Not financial advice. Bet responsibly. 21+*

  ── Reddit Potd ────────────────────────────────────────────────────────

  **ChefTonyBets AI — Pick of the Day · 5/27/26 (Wednesday)**
  
  **Sport:** NBA
  **Pick:** OVER 215.5 TOTAL -110 @ FanDuel
  **Event:** New York Knicks @ Oklahoma City Thunder
  **Bet Size:** 1.0 units
  
  ---
  
  **Model Edge:** +16.0% (model: 0.0% vs market: 52.4%)
  **Season Record:** 52-24 (68.4% WR, +0.0u)
  
  ---
  
  **About the Model**
  
  XGBoost + Pythagorean expectation ensemble trained on 10 years of MLB/NBA data. Walk-forward validated on held-out seasons. Edges calculated by comparing model win probability to sportsbook implied probability after vig removal. Kelly criterion used for sizing.
  
  The model runs daily before first pitch/tip-off. All picks are timestamped and logged publicly — you can verify the record at any point. No retroactive changes.
  
  This pick was selected as POTD because it has the highest positive expected value among today's plays within the -200/+200 odds requirement.
  
  ---
  
  *Not financial advice. Bet responsibly. 21+*

  ── MONEYLINE PICKS ────────────────────────────────────────────────────

  Sharps are on these tonight. Model confirms the edge 🔒
  
  May 27 NBA PLAYOFFS Picks 🔥
  ━━━━━━━━━━━━━━━
  🔒 OVER 215.5 (NEW vs OKL) -110 — +16.0% edge [FanDuel]
  📌 OVER 217.5 (NEW vs SAN) -106 — +15.8% edge [FanDuel]
  📌 OVER 218.5 (OKL vs SAN) -110 — +12.3% edge [DraftKings]
  • San Antonio Spurs ML -164 — +7.7% edge [FanDuel]
  ━━━━━━━━━━━━━━━
  
  Picks generated by our efficiency-rating model (ORtg/DRtg/Pace). We track every result publicly — link in bio.
  
  Not financial advice. Bet responsibly. 21+
  
  #NBA #NBAPlayoffs #sportsbetting #NBApicks #basketballpicks #NBAtoday #NBAbasketball #basketballbetting #NBAPlayoffs2026 #playoffs #NBAplayoff

  ── PROPS ──────────────────────────────────────────────────────────────

  Best player prop edges for tonight's NBA slate. Model-verified.
  
  May 27 NBA Player Props 🧮
  ━━━━━━━━━━━━━━━
  💪 Rebounds:
    • Keldon Johnson UNDER 2.5 REB +120 [DraftKings]
  🎯 Assists:
    • Isaiah Hartenstein UNDER 2.5 AST +107 [DraftKings]
  ━━━━━━━━━━━━━━━
  
  Model projects each stat using season averages + opponent defensive rating. Only posts when we find real edge vs the book line.
  
  Swipe for game picks 👆
  
  Not financial advice. Bet responsibly. 21+
  
  #NBA #NBAPlayoffs #sportsbetting #NBApicks #basketballpicks #NBAtoday #NBAbasketball #basketballbetting #NBAPlayoffs2026 #playoffs #NBAplayoff #NBApropbets #propbets #NBAprops #pointsprop #reboundsprop

  ── TOTALS ─────────────────────────────────────────────────────────────

  Model projected tonight's totals. These lines are off.
  
  May 27 NBA PLAYOFFS Totals 📊
  ━━━━━━━━━━━━━━━
  🔒 OVER 215.5 (New York Knicks @ Oklahoma City Thunder) -110 — +16.0% edge [FanDuel]
  📌 OVER 217.5 (New York Knicks @ San Antonio Spurs) -106 — +15.8% edge [FanDuel]
  📌 OVER 218.5 (Oklahoma City Thunder @ San Antonio Spurs) -110 — +12.3% edge [DraftKings]
  ━━━━━━━━━━━━━━━
  
  Pace + ORtg/DRtg model projects the final score of every game. Only posting where we find edge.
  
  Not financial advice. Bet responsibly. 21+
  
  #NBA #NBAPlayoffs #sportsbetting #NBApicks #basketballpicks #NBAtoday #NBAbasketball #basketballbetting #NBAPlayoffs2026 #playoffs #NBAplayoff #NBAtotals #NBAovers #NBAunders

────────────────────────────────────────────────────────────────────────
  Tennis — Roland-Garros (ATP)
  Source: output/picks/tennis_atp_french_open/20260527
────────────────────────────────────────────────────────────────────────

  ── Instagram ──────────────────────────────────────────────────────────

  🎾 FRENCH OPEN — May 27 PICKS
  
  Elo model scanning today's clay court matches.
  
  BEST BET
  Lorenzo Sonego  +500 @ Fanduel
  Model edge: +38.1%
  Tommy Paul vs Lorenzo Sonego
  
  Also liking:
  - Hamad Medjedovic  +220 @ Fanduel  |  +16.8%
  Picks logged before match time. Record in bio.
  
  Not financial advice. Bet responsibly. 21+
  
  #tennis #rolandgarros #ATP #sportsbetting #bettingmodel #freepicks

  ── X / Twitter ────────────────────────────────────────────────────────

  🎾 French Open picks — May 27
  Elo model found edge on 2 match(es).
  Lorenzo Sonego  +500 @FanDuel  edge: +38.1%
  Graded publicly.  Not financial advice. Bet responsibly. 21+  #tennis #sportsbetting
  
  ---
  
  Full card:
  - Hamad Medjedovic  +220 @FanDuel  (+16.8%)

  ── Reddit ─────────────────────────────────────────────────────────────

  **ChefTonyBets Elo Model — French Open May 27, 2026**
  
  Surface: Clay
  
  Model methodology: Surface-specific Elo ratings built from ATP/WTA match history (Kovalchik 2016 / Angelini 2022 peer-reviewed framework). Ratings updated after every match. Edges calculated vs no-vig implied probability across FanDuel, DraftKings, BetMGM, Caesars, and Bet365.
  
  ---
  
  **Edges today**
  
  | Match | Pick | Odds | Model Prob | Implied Prob | Edge | Book |
  |-------|------|------|------------|--------------|------|------|
  | Tommy Paul vs Lorenzo Sonego | Lorenzo Sonego | +500 | 54.0% | 16.7% | +38.1% | FanDuel |
  | Hamad Medjedovic vs Casper Ruud | Hamad Medjedovic | +220 | 46.7% | 31.2% | +16.8% | FanDuel |
  
  ---
  
  *All picks logged with timestamp before match start. Results posted daily.*
  
  *Not financial advice. Bet responsibly. 21+*

  ── TikTok Script ──────────────────────────────────────────────────────

  [TALKING HEAD — Tennis Picks May 27]
  [DURATION: 30-45 seconds]
  
  [HOLD UP PHONE / STAND IN FRONT OF CAMERA]
  
  HOOK (0-5s):
  "My Elo model just found a Clay court edge at French Open. Here's the pick."
  
  [PAUSE]
  
  ELO EXPLAINER (5-15s):
  "So what's an Elo model? Think chess ratings — every tennis player gets a number
  based on who they beat and how. Beat a top-10 guy, your number shoots up.
  Lose to a qualifier, it tanks. My model tracks these ratings by surface,
  because a clay-court Elo and a grass-court Elo are completely different numbers."
  
  [PAUSE]
  
  THE PICK (15-25s):
  "Today's top play: Lorenzo Sonego +500 at Fanduel.
  My model gives them a +38.1% edge over the book's number.
  That's meaningful on clay — it's a grind-it-out surface where Elo is most predictive."
  
  [SHOW SCREEN — caption or pick card]
  
  CTA (25-35s):
  "Full card's in the caption. Every pick gets logged before match time —
  you can verify the timestamp. Follow for the nightly recap."
  
  [PAUSE]
  
  OUTRO:
  "Not financial advice. Bet responsibly. 21+."
  
  [END]

────────────────────────────────────────────────────────────────────────
  Basketball Wnba
  Source: output/picks/basketball_wnba/20260527
────────────────────────────────────────────────────────────────────────

  ── Instagram ──────────────────────────────────────────────────────────

  NBA — May 27 PICKS
  
  BEST BET
  Portland Fire  +100 @ theScore Bet
  Model edge: +47.4%
  Connecticut Sun @ Portland Fire
  
  Also:
  - Portland Fire (Sun @ Fire)  -112 @ DraftKings  |  +43.6%
  - Chicago Sky (Tempo @ Sky)  -115 @ Fliff  |  +35.9%
  
  Season Totals: 62-27 (69.7% WR)
  Picks timestamped before first pitch. Record in bio.
  
  Not financial advice. Bet responsibly. 21+
  
  #NBA #NBAPlayoffs #sportsbetting #NBApicks #sharpbetting #valuebet #edgebetting #DraftKings #FanDuel #BetMGM #bettingmodel #freepicks #dailypicks #NBAPlayoffs2026

  ── X / Twitter ────────────────────────────────────────────────────────

  NBA — May 27 | BEST BET
  Portland Fire (Sun @ Fire)  +100 @theScoreBet
  Model edge: +47.4%
  Season Totals: 62-27 (69.7% WR)
  Not financial advice. Bet responsibly. 21+  #NBAPlayoffs #sportsbetting
  
  ---
  
  Full card:
  - Portland Fire  -112 @DraftKings  (+43.6%)
  - Chicago Sky  -115 @Fliff  (+35.9%)
  - New York Liberty  -105 @DraftKings  (+31.8%)

  ── Reddit ─────────────────────────────────────────────────────────────

  **ChefTonyBets AI Model — NBA PLAYOFFS MAY 27, 2026**
  
  Running XGBoost on NBA efficiency ratings (ORtg/DRtg/Pace). Walk-forward validated on 2015-2026 games. All picks logged with timestamp before tip-off.
  
  ---
  
  **Season Totals: 62-27 (69.7% WR)**
  
  **🔒 Totals (model's strongest market)**
  
  | Game | Bet | Odds | Edge | Book |
  |------|-----|------|------|------|
  | Connecticut Sun @ Portland Fire | UNDER 168.5 | -112 | +24.3% | BetRivers |
  | Connecticut Sun @ Portland Fire | UNDER 167.5 | -105 | +23.6% | DraftKings |
  | Connecticut Sun @ Portland Fire | UNDER 166.5 | -110 | +20.5% | FanDuel |
  | Atlanta Dream @ Minnesota Lynx | OVER 164.5 | -110 | +14.3% | BetMGM |
  | Phoenix Mercury @ New York Liberty | UNDER 171.5 | -108 | +11.3% | BetRivers |
  | Toronto Tempo @ Chicago Sky | UNDER 169.5 | -110 | +9.9% | BetMGM |
  | Toronto Tempo @ Chicago Sky | UNDER 168.5 | -105 | +8.7% | Hard Rock Bet |
  
  **Other Edges**
  
  | Bet | Odds | Edge | Book |
  |-----|------|------|------|
  | Portland Fire | +100 | +47.4% | theScore Bet |
  | Portland Fire | -112 | +43.6% | DraftKings |
  | Chicago Sky | -115 | +35.9% | Fliff |
  | Seattle Storm | +135 | +33.1% | Hard Rock Bet |
  
  ---
  
  *Results posted daily. All picks logged before game time. No paid shills.*
  
  *Not financial advice. Bet responsibly. 21+*

════════════════════════════════════════════════════════════════════════


════════════════════════════════════════════════════════════════════════
  CAPTIONS — MAY 28, 2026
════════════════════════════════════════════════════════════════════════

────────────────────────────────────────────────────────────────────────
  MLB
  Source: output/picks/baseball_mlb/20260528
────────────────────────────────────────────────────────────────────────

  ── Instagram ──────────────────────────────────────────────────────────

  MLB — May 28 PICKS
  
  BEST BET
  Minnesota Twins  -162 @ FanDuel
  Model edge: +50.0%
  Minnesota Twins @ Chicago White Sox
  
  Also:
  - Houston Astros (Astros @ Rangers)  -175 @ Hard Rock Bet  |  +50.0%
  - UNDER 8.5 (Angels @ Tigers)  +100 @ Fliff  |  +1.5%
  
  Season Totals: 66-30 (68.8% WR)
  Picks timestamped before first pitch. Record in bio.
  
  Not financial advice. Bet responsibly. 21+
  
  #MLB #MLBpicks #sportsbetting #baseballbetting #sharpbetting #valuebet #totals #DraftKings #FanDuel #BetMGM #edgebetting #bettingmodel #freepicks #dailypicks #sportsbettingtips

  ── X / Twitter ────────────────────────────────────────────────────────

  MLB — May 28 | BEST BET
  Minnesota Twins (Twins @ Sox)  -162 @FanDuel
  Model edge: +50.0%
  Season Totals: 66-30 (68.8% WR)
  Not financial advice. Bet responsibly. 21+  #MLB #sportsbetting
  
  ---
  
  Full card:
  - Houston Astros  -175 @HardRockBet  (+50.0%)
  - UNDER 8.5  +100 @Fliff  (+1.5%)

  ── Reddit ─────────────────────────────────────────────────────────────

  **ChefTonyBets AI Model — MLB MAY 28, 2026**
  
  Running XGBoost + Pythagorean ensemble on MLB team stats. All picks logged with timestamp before first pitch.
  
  ---
  
  **Season Totals: 66-30 (68.8% WR)**
  
  **🔒 Totals (model's strongest market)**
  
  | Game | Bet | Odds | Edge | Book |
  |------|-----|------|------|------|
  | Los Angeles Angels @ Detroit Tigers | UNDER 8.5 | +100 | +1.5% | Fliff |
  
  **Other Edges**
  
  | Bet | Odds | Edge | Book |
  |-----|------|------|------|
  | Minnesota Twins | -162 | +50.0% | FanDuel |
  | Houston Astros | -175 | +50.0% | Hard Rock Bet |
  | Toronto Blue Jays | +110 | +19.4% | theScore Bet |
  | Chicago Cubs | +146 | +17.3% | FanDuel |
  
  ---
  
  *Results posted daily. All picks logged before game time. No paid shills.*
  
  *Not financial advice. Bet responsibly. 21+*

  ── Parlay Instagram ───────────────────────────────────────────────────

  ⚾ May 28 SAME-GAME PARLAY — MLB
  
  🎰 2-Leg SAME-GAME PARLAY on BETFAIR
  Combined odds: +324  |  $100 wins $324
  
    1. Minnesota Twins ML +138
    2. Atlanta Braves ML -128
  
  Not financial advice. Bet responsibly. 21+
  
  #MLB #sportsbetting #MLBpicks #parlay #sharpbetting #valuebet #DraftKings #FanDuel #BetMGM #bettingmodel

  ── Parlay Reddit ──────────────────────────────────────────────────────

  **ChefTonyBets AI — MLB SAME-GAME PARLAY · MAY 28, 2026**
  
  AI model identified 2 correlated edges — built into a 2-leg same-game parlay on **BETFAIR**.
  
  **Combined odds: +324** | $100 wins **$324**
  
  | # | Bet | Odds |
  |---|-----|------|
  | 1 | Minnesota Twins ML +138 | +138 |
  | 2 | Atlanta Braves ML -128 | -128 |
  
  ---
  
  *All picks timestamped before tip-off/first pitch. Results posted daily.*
  
  *Not financial advice. Bet responsibly. 21+*

  ── Parlay Twitter ─────────────────────────────────────────────────────

  ⚾ May 28 | 2-LEG SAME-GAME PARLAY · MLB
  🔒 Minnesota Twins ML +138
  🔒 Atlanta Braves ML -128
  Combined: +324  ($100 → $324)
  Not financial advice. Bet responsibly. 21+  #MLB #parlay
  
  ---
  
  👇 Place this parlay on BETFAIR!

  ── Reddit Mlb Picks ───────────────────────────────────────────────────

  **ChefTonyBets AI — MLB Picks · 5/28/26 (Thursday)**
  
  XGBoost + Pythagorean ensemble | Walk-forward validated | **Season: 48-38 (55.8% WR, +0.0u)**
  
  All picks timestamped before first pitch. No retroactive edits.
  
  ---
  
  **💰 Moneyline Edges**
  
  | Game | Odds | Edge | Book |
  |------|------|------|------|
  | Toronto Blue Jays vs  | +110 | +19.4% | theScore Bet |
  | Chicago Cubs vs  | +146 | +17.3% | FanDuel |
  | Minnesota Twins vs  | +138 | +13.7% | Betfair |
  | Atlanta Braves vs  | -128 | +9.2% | Betfair |
  
  **⚡ NRFI Plays**
  
  | Game | Bet | Proj% | Book |
  |------|-----|-------|------|
  | Toronto Blue Jays @ Baltimore Orioles NRFI (Patrick Corbin vs Chris Bassitt) | NRFI -110 | 63% | BetMGM |
  | Minnesota Twins @ Chicago White Sox NRFI (Kendry Rojas vs Davis Martin) | NRFI -135 | 67% | BetMGM |
  | Chicago Cubs @ Pittsburgh Pirates NRFI (Colin Rea vs Paul Skenes) | NRFI -140 | 64% | BetMGM |
  | Atlanta Braves @ Boston Red Sox NRFI (Chris Sale vs Payton Tolle) | NRFI -160 | 67% | BetMGM |
  | Houston Astros @ Texas Rangers NRFI (Spencer Arrighetti vs Nathan Eovaldi) | NRFI -120 | 67% | – |
  
  ---
  
  **Model overview:** Ensemble of XGBoost (pitcher ERA, FIP, xFIP, bullpen REST, lineup wRC+) and Pythagorean expectation. Edge = model win prob minus sportsbook implied prob after vig removal. Only plays where both methods agree are posted as card picks.
  
  Drop questions in the comments — happy to explain any pick.
  
  *Not financial advice. Bet responsibly. 21+*

  ── Reddit Mlb Props ───────────────────────────────────────────────────

  **ChefTonyBets AI — MLB Props · 5/28/26 (Thursday)**
  
  Running XGBoost prop model on pitcher K-rate, batter contact, park factors, and weather. 7 edges found today.
  
  **Season Record (props):** 48-38 (55.8% WR, +0.0u)
  
  ---
  
  **🎯 Pitcher Strikeouts**
  
  | Player | Bet | Odds | Edge | Book |
  |--------|-----|------|------|------|
  | Chris Sale | UNDER Strikeouts 8.5 | -180 | +21.1% (proj: 6.9) | theScore Bet |
  | Patrick Corbin | UNDER Strikeouts 4.5 | -190 | +12.7% (proj: 3.8) | theScore Bet |
  | Paul Skenes | UNDER Strikeouts 7.5 | -260 | +11.9% (proj: 6.1) | theScore Bet |
  | Chris Bassitt | UNDER Strikeouts 5.5 | -450 | +8.9% (proj: 4.1) | theScore Bet |
  | Colin Rea | UNDER Strikeouts 5.5 | -375 | +6.3% (proj: 4.4) | theScore Bet |
  | Payton Tolle | UNDER Strikeouts 6.5 | -325 | +5.4% (proj: 5.4) | theScore Bet |
  | Grayson Rodriguez | UNDER Strikeouts 5.5 | -145 | +4.1% (proj: 5.4) | DraftKings |
  
  ---
  
  **How the prop model works:** Projects pitcher strikeout totals using K/9, opposing team K%, umpire tendencies, and ballpark factors. Batter props use wOBA, hard-hit rate, and matchup data vs. starter handedness.
  
  All picks logged before first pitch. Verified record in post history.
  
  *Not financial advice. Bet responsibly. 21+*

  ── Reddit Potd ────────────────────────────────────────────────────────

  **ChefTonyBets AI — Pick of the Day · 5/28/26 (Thursday)**
  
  **Sport:** MLB
  **Pick:** Toronto Blue Jays Moneyline +110 @ theScore Bet
  **Event:** Toronto Blue Jays
  **Bet Size:** 1.0 units
  
  ---
  
  **Model Edge:** +19.4% (model: 0.0% vs market: 47.6%)
  **Season Record:** 48-38 (55.8% WR, +0.0u)
  
  ---
  
  **About the Model**
  
  XGBoost + Pythagorean expectation ensemble trained on 10 years of MLB/NBA data. Walk-forward validated on held-out seasons. Edges calculated by comparing model win probability to sportsbook implied probability after vig removal. Kelly criterion used for sizing.
  
  The model runs daily before first pitch/tip-off. All picks are timestamped and logged publicly — you can verify the record at any point. No retroactive changes.
  
  This pick was selected as POTD because it has the highest positive expected value among today's plays within the -200/+200 odds requirement.
  
  ---
  
  *Not financial advice. Bet responsibly. 21+*

  ── NRFI / YRFI ────────────────────────────────────────────────────────

  First inning is where the edge is. Model found these NRFI/YRFI plays 🔒
  
  May 28 NRFI / YRFI Plays 🎯
  ━━━━━━━━━━━━━━━
  🔒 Toronto Blue Jays @ Baltimore Orioles — NRFI -110 +13.3% edge [BetMGM]
  📌 Minnesota Twins @ Chicago White Sox — NRFI -135 +13.2% edge [BetMGM]
  📌 Chicago Cubs @ Pittsburgh Pirates — NRFI -140 +9.4% edge [BetMGM]
  • Atlanta Braves @ Boston Red Sox — NRFI -160 +9.2% edge [BetMGM]
  ━━━━━━━━━━━━━━━
  
  Model uses pitcher ERA, K/9 rate, and last 10 starts to project first-inning run probability for both teams. NRFI = neither team scores in the 1st.
  
  Not financial advice. Bet responsibly. 21+
  
  #sportsbetting #mlbpicks #baseballbetting #bettingtips #freepicks #bettingcommunity #sharpbetting #valuebet #edgebetting #mlbodds #nrfi #yrfi #firstinning #nrfibets #mlbprops

  ── MONEYLINE PICKS ────────────────────────────────────────────────────

  Today's slate is live. Model flagged these 5 as best value.
  
  May 28 MLB Picks 🔥
  ━━━━━━━━━━━━━━━
  🔒 Toronto Blue Jays +110 — +19% edge [theScore Bet]
  📌 Chicago Cubs +146 — +17% edge [FanDuel]
  📌 Minnesota Twins +138 — +14% edge [Betfair]
  • Atlanta Braves -128 — +9% edge [Betfair]
  ━━━━━━━━━━━━━━━
  
  All picks generated by our ensemble model (XGBoost + Pythagorean). We track every result publicly — link in bio.
  
  Not financial advice. Bet responsibly. 21+
  
  #sportsbetting #mlbpicks #baseballbetting #bettingtips #freepicks #bettingcommunity #sharpbetting #valuebet #edgebetting #mlbodds

  ── PROPS ──────────────────────────────────────────────────────────────

  Props sheet is up. These pitcher & batter lines have real edge 🎯
  
  May 28 Player Props 🧮
  ━━━━━━━━━━━━━━━
  ⚡ Strikeouts:
    • Chris Sale UNDER 8.5 Ks (proj 6.9) -180 [theScore Bet]
    • Patrick Corbin UNDER 4.5 Ks (proj 3.8) -190 [theScore Bet]
    • Paul Skenes UNDER 7.5 Ks (proj 6.1) -260 [theScore Bet]
  ━━━━━━━━━━━━━━━
  
  Model projects expected Ks using pitcher K/9 rate, last 10 starts, and opposing lineup OPS. We only post when we find real edge vs the book line.
  
  Full slate in the props card above. Swipe for game picks 👆
  
  Not financial advice. Bet responsibly. 21+
  
  #sportsbetting #mlbpicks #baseballbetting #bettingtips #freepicks #bettingcommunity #sharpbetting #valuebet #edgebetting #mlbodds #playerpropbets #propbets #mlbprops #strikeoutprop #nhlpicks

  ── TOTALS ─────────────────────────────────────────────────────────────

  Today's slate is live. Model flagged these 5 as best value.
  
  May 28 MLB Picks 🔥
  ━━━━━━━━━━━━━━━
  🔒 UNDER 8.5 (Los Angeles Angels @ Detroit Tigers) +100 — +1.5 run edge [Fliff]
  ━━━━━━━━━━━━━━━
  
  All picks generated by our ensemble model (XGBoost + Pythagorean). We track every result publicly — link in bio.
  
  Not financial advice. Bet responsibly. 21+
  
  #sportsbetting #mlbpicks #baseballbetting #bettingtips #freepicks #bettingcommunity #sharpbetting #valuebet #edgebetting #mlbodds

  ── RUN LINE ───────────────────────────────────────────────────────────

  Today's slate is live. Model flagged these 5 as best value.
  
  May 28 MLB Picks 🔥
  ━━━━━━━━━━━━━━━
  🔒 Minnesota Twins (Minnesota Twins @ Chicago White Sox) -162 — +0.8 run edge [FanDuel]
  📌 Houston Astros (Houston Astros @ Texas Rangers) -175 — +0.8 run edge [Hard Rock Bet]
  ━━━━━━━━━━━━━━━
  
  All picks generated by our ensemble model (XGBoost + Pythagorean). We track every result publicly — link in bio.
  
  Not financial advice. Bet responsibly. 21+
  
  #sportsbetting #mlbpicks #baseballbetting #bettingtips #freepicks #bettingcommunity #sharpbetting #valuebet #edgebetting #mlbodds

────────────────────────────────────────────────────────────────────────
  NBA
  Source: output/picks/basketball_nba/20260528
────────────────────────────────────────────────────────────────────────

  ── Instagram ──────────────────────────────────────────────────────────

  NBA — May 28 PICKS
  
  BEST BET
  OVER 220.5  -105 @ theScore Bet
  Model edge: +12.4%
  Oklahoma City Thunder @ San Antonio Spurs
  
  Season Totals: 66-30 (68.8% WR)
  Picks timestamped before first pitch. Record in bio.
  
  Not financial advice. Bet responsibly. 21+
  
  #NBA #NBAPlayoffs #sportsbetting #NBApicks #sharpbetting #valuebet #edgebetting #DraftKings #FanDuel #BetMGM #bettingmodel #freepicks #dailypicks #NBAPlayoffs2026

  ── X / Twitter ────────────────────────────────────────────────────────

  NBA — May 28 | BEST BET
  OVER 220.5 (Thunder @ Spurs)  -105 @theScoreBet
  Model edge: +12.4%
  Season Totals: 66-30 (68.8% WR)
  Not financial advice. Bet responsibly. 21+  #NBAPlayoffs #sportsbetting

  ── Reddit ─────────────────────────────────────────────────────────────

  **ChefTonyBets AI Model — NBA PLAYOFFS MAY 28, 2026**
  
  Running XGBoost on NBA efficiency ratings (ORtg/DRtg/Pace). Walk-forward validated on 2015-2026 games. All picks logged with timestamp before tip-off.
  
  ---
  
  **Season Totals: 66-30 (68.8% WR)**
  
  **🔒 Totals (model's strongest market)**
  
  | Game | Bet | Odds | Edge | Book |
  |------|-----|------|------|------|
  | Oklahoma City Thunder @ San Antonio Spurs | OVER 220.5 | -105 | +12.4% | theScore Bet |
  
  ---
  
  *Results posted daily. All picks logged before game time. No paid shills.*
  
  *Not financial advice. Bet responsibly. 21+*

  ── Reddit Nba Picks ───────────────────────────────────────────────────

  **ChefTonyBets AI — NBA Picks · 5/28/26 (Thursday)**
  
  XGBoost on ORtg/DRtg/Pace efficiency ratings | **Season: 52-24 (68.4% WR, +0.0u)**
  
  All picks timestamped before tip-off. Verified record in post history.
  
  ---
  
  **📊 Totals (O/U)**
  
  | Game | Bet | Edge | Book |
  |------|-----|------|------|
  | Oklahoma City Thunder @ San Antonio Spurs | OVER  -105 | +12.4% | theScore Bet |
  
  ---
  
  **Model overview:** Trains on 10 years of NBA box scores. Features: offensive/defensive rating, pace, rest advantage, travel, home court, lineup injury adjustments. Walk-forward validated — no look-ahead bias. Edge = model probability minus sportsbook implied after vig removal.
  
  Drop any questions below.
  
  *Not financial advice. Bet responsibly. 21+*

  ── Reddit Potd ────────────────────────────────────────────────────────

  **ChefTonyBets AI — Pick of the Day · 5/28/26 (Thursday)**
  
  **Sport:** NBA
  **Pick:** OVER 220.5 TOTAL -105 @ theScore Bet
  **Event:** Oklahoma City Thunder @ San Antonio Spurs
  **Bet Size:** 1.0 units
  
  ---
  
  **Model Edge:** +12.4% (model: 0.0% vs market: 51.2%)
  **Season Record:** 52-24 (68.4% WR, +0.0u)
  
  ---
  
  **About the Model**
  
  XGBoost + Pythagorean expectation ensemble trained on 10 years of MLB/NBA data. Walk-forward validated on held-out seasons. Edges calculated by comparing model win probability to sportsbook implied probability after vig removal. Kelly criterion used for sizing.
  
  The model runs daily before first pitch/tip-off. All picks are timestamped and logged publicly — you can verify the record at any point. No retroactive changes.
  
  This pick was selected as POTD because it has the highest positive expected value among today's plays within the -200/+200 odds requirement.
  
  ---
  
  *Not financial advice. Bet responsibly. 21+*

  ── MONEYLINE PICKS ────────────────────────────────────────────────────

  Tonight's NBA slate — algorithm found the best value plays.
  
  May 28 NBA PLAYOFFS Picks 🔥
  ━━━━━━━━━━━━━━━
  🔒 OVER 220.5 (OKL vs SAN) -105 — +12.4% edge [theScore Bet]
  ━━━━━━━━━━━━━━━
  
  Picks generated by our efficiency-rating model (ORtg/DRtg/Pace). We track every result publicly — link in bio.
  
  Not financial advice. Bet responsibly. 21+
  
  #NBA #NBAPlayoffs #sportsbetting #NBApicks #NBATwitter #sharpbetting #valuebet #edgebetting #NBAPlayoffs2026 #playoffs #NBAplayoff

  ── PROPS ──────────────────────────────────────────────────────────────

  NBA props sheet is up. Player lines with real model edge 🎯
  
  May 28 NBA Player Props 🧮
  ━━━━━━━━━━━━━━━
  🎯 Assists:
    • Isaiah Hartenstein UNDER 2.5 AST +111 [DraftKings]
  ━━━━━━━━━━━━━━━
  
  Model projects each stat using season averages + opponent defensive rating. Only posts when we find real edge vs the book line.
  
  Swipe for game picks 👆
  
  Not financial advice. Bet responsibly. 21+
  
  #NBA #NBAPlayoffs #sportsbetting #NBApicks #NBATwitter #sharpbetting #valuebet #edgebetting #NBAPlayoffs2026 #playoffs #NBAplayoff #NBApropbets #propbets #NBAprops #pointsprop #reboundsprop

  ── TOTALS ─────────────────────────────────────────────────────────────

  Model projected tonight's totals. These lines are off.
  
  May 28 NBA PLAYOFFS Totals 📊
  ━━━━━━━━━━━━━━━
  🔒 OVER 220.5 (Oklahoma City Thunder @ San Antonio Spurs) -105 — +12.4% edge [theScore Bet]
  ━━━━━━━━━━━━━━━
  
  Pace + ORtg/DRtg model projects the final score of every game. Only posting where we find edge.
  
  Not financial advice. Bet responsibly. 21+
  
  #NBA #NBAPlayoffs #sportsbetting #NBApicks #NBATwitter #sharpbetting #valuebet #edgebetting #NBAPlayoffs2026 #playoffs #NBAplayoff #NBAtotals #NBAovers #NBAunders

────────────────────────────────────────────────────────────────────────
  Tennis — Roland-Garros (ATP)
  Source: output/picks/tennis_atp_french_open/20260528
────────────────────────────────────────────────────────────────────────

  ── Instagram ──────────────────────────────────────────────────────────

  🎾 FRENCH OPEN — May 28 PICKS
  
  Elo model scanning today's clay court matches.
  
  BEST BET
  Raphael Collignon  +170 @ Betrivers
  Model edge: +36.5%
  Ben Shelton vs Raphael Collignon
  
  Also liking:
  - Moise Kouame  +220 @ Draftkings  |  +20.4%
  - Luca Van Assche  +205 @ Fanduel  |  +18.7%
  Picks logged before match time. Record in bio.
  
  Not financial advice. Bet responsibly. 21+
  
  #tennis #tennisbetting #sportsbetting #sharpbetting #WTA #valuebet

  ── X / Twitter ────────────────────────────────────────────────────────

  🎾 French Open picks — May 28
  Elo model found edge on 7 match(es).
  Raphael Collignon  +170 @BetRivers  edge: +36.5%
  Graded publicly.  Not financial advice. Bet responsibly. 21+  #tennis #sportsbetting
  
  ---
  
  Full card:
  - Moise Kouame  +220 @DraftKings  (+20.4%)
  - Luca Van Assche  +205 @FanDuel  (+18.7%)
  - Arthur Rinderknech  -118 @BetMGM  (+17.2%)

  ── Reddit ─────────────────────────────────────────────────────────────

  **ChefTonyBets Elo Model — French Open May 28, 2026**
  
  Surface: Clay
  
  Model methodology: Surface-specific Elo ratings built from ATP/WTA match history (Kovalchik 2016 / Angelini 2022 peer-reviewed framework). Ratings updated after every match. Edges calculated vs no-vig implied probability across FanDuel, DraftKings, BetMGM, Caesars, and Bet365.
  
  ---
  
  **Edges today**
  
  | Match | Pick | Odds | Model Prob | Implied Prob | Edge | Book |
  |-------|------|------|------------|--------------|------|------|
  | Ben Shelton vs Raphael Collignon | Raphael Collignon | +170 | 71.6% | 37.0% | +36.5% | BetRivers |
  | Moise Kouame vs Adolfo Daniel Vallejo | Moise Kouame | +220 | 50.0% | 31.2% | +20.4% | DraftKings |
  | Brandon Nakashima vs Luca Van Assche | Luca Van Assche | +205 | 50.0% | 32.8% | +18.7% | FanDuel |
  | Matteo Berrettini vs Arthur Rinderknech | Arthur Rinderknech | -118 | 68.0% | 54.1% | +17.2% | BetMGM |
  | Luciano Darderi vs Francisco Comesana | Francisco Comesana | +260 | 42.6% | 27.8% | +16.1% | FanDuel |
  | Roman Andres Burruchaga vs Felix Auger-Aliassime | Roman Andres Burruchaga | +255 | 41.4% | 28.2% | +14.5% | FanDuel |
  | Stefanos Tsitsipas vs Matteo Arnaldi | Matteo Arnaldi | +155 | 41.7% | 39.2% | +4.2% | FanDuel |
  
  ---
  
  *All picks logged with timestamp before match start. Results posted daily.*
  
  *Not financial advice. Bet responsibly. 21+*

  ── TikTok Script ──────────────────────────────────────────────────────

  [TALKING HEAD — Tennis Picks May 28]
  [DURATION: 30-45 seconds]
  
  [HOLD UP PHONE / STAND IN FRONT OF CAMERA]
  
  HOOK (0-5s):
  "My Elo model just found a Clay court edge at French Open. Here's the pick."
  
  [PAUSE]
  
  ELO EXPLAINER (5-15s):
  "So what's an Elo model? Think chess ratings — every tennis player gets a number
  based on who they beat and how. Beat a top-10 guy, your number shoots up.
  Lose to a qualifier, it tanks. My model tracks these ratings by surface,
  because a clay-court Elo and a grass-court Elo are completely different numbers."
  
  [PAUSE]
  
  THE PICK (15-25s):
  "Today's top play: Raphael Collignon +170 at Betrivers.
  My model gives them a +36.5% edge over the book's number.
  That's meaningful on clay — it's a grind-it-out surface where Elo is most predictive."
  
  [SHOW SCREEN — caption or pick card]
  
  CTA (25-35s):
  "Full card's in the caption. Every pick gets logged before match time —
  you can verify the timestamp. Follow for the nightly recap."
  
  [PAUSE]
  
  OUTRO:
  "Not financial advice. Bet responsibly. 21+."
  
  [END]

────────────────────────────────────────────────────────────────────────
  Basketball Wnba
  Source: output/picks/basketball_wnba/20260528
────────────────────────────────────────────────────────────────────────

  ── Instagram ──────────────────────────────────────────────────────────

  NBA — May 28 PICKS
  
  BEST BET
  Golden State Valkyries  -105 @ theScore Bet
  Model edge: +21.4%
  Indiana Fever @ Golden State Valkyries
  
  Also:
  - UNDER 178.5 (Aces @ Wings)  -110 @ DraftKings  |  +15.5%
  - UNDER 177.5 (Aces @ Wings)  -105 @ BetMGM  |  +14.4%
  
  Season Totals: 66-30 (68.8% WR)
  Picks timestamped before first pitch. Record in bio.
  
  Not financial advice. Bet responsibly. 21+
  
  #NBA #NBAPlayoffs #sportsbetting #NBApicks #sharpbetting #valuebet #edgebetting #DraftKings #FanDuel #BetMGM #bettingmodel #freepicks #dailypicks #NBAPlayoffs2026

  ── X / Twitter ────────────────────────────────────────────────────────

  NBA — May 28 | BEST BET
  Golden State Valkyries (Fever @ Valkyries)  -105 @theScoreBet
  Model edge: +21.4%
  Season Totals: 66-30 (68.8% WR)
  Not financial advice. Bet responsibly. 21+  #NBAPlayoffs #sportsbetting
  
  ---
  
  Full card:
  - UNDER 178.5  -110 @DraftKings  (+15.5%)
  - UNDER 177.5  -105 @BetMGM  (+14.4%)
  - OVER 167.5  -105 @theScoreBet  (+13.8%)

  ── Reddit ─────────────────────────────────────────────────────────────

  **ChefTonyBets AI Model — NBA PLAYOFFS MAY 28, 2026**
  
  Running XGBoost on NBA efficiency ratings (ORtg/DRtg/Pace). Walk-forward validated on 2015-2026 games. All picks logged with timestamp before tip-off.
  
  ---
  
  **Season Totals: 66-30 (68.8% WR)**
  
  **🔒 Totals (model's strongest market)**
  
  | Game | Bet | Odds | Edge | Book |
  |------|-----|------|------|------|
  | Las Vegas Aces @ Dallas Wings | UNDER 178.5 | -110 | +15.5% | DraftKings |
  | Las Vegas Aces @ Dallas Wings | UNDER 177.5 | -105 | +14.4% | BetMGM |
  | Indiana Fever @ Golden State Valkyries | OVER 167.5 | -105 | +13.8% | theScore Bet |
  | Indiana Fever @ Golden State Valkyries | OVER 166.5 | -115 | +13.7% | Hard Rock Bet |
  | Indiana Fever @ Golden State Valkyries | OVER 168.0 | -109 | +12.2% | BetRivers |
  
  **Other Edges**
  
  | Bet | Odds | Edge | Book |
  |-----|------|------|------|
  | Dallas Wings | +150 | +21.8% | Fliff |
  | Golden State Valkyries | -105 | +21.4% | theScore Bet |
  | Las Vegas Aces | +100 | +13.5% | theScore Bet |
  | Golden State Valkyries | -130 | +12.4% | Fliff |
  
  ---
  
  *Results posted daily. All picks logged before game time. No paid shills.*
  
  *Not financial advice. Bet responsibly. 21+*

════════════════════════════════════════════════════════════════════════


════════════════════════════════════════════════════════════════════════
  CAPTIONS — MAY 29, 2026
════════════════════════════════════════════════════════════════════════

────────────────────────────────────────────────────────────────────────
  MLB
  Source: output/picks/baseball_mlb/20260529
────────────────────────────────────────────────────────────────────────

  ── Instagram ──────────────────────────────────────────────────────────

  MLB — May 29 PICKS
  
  BEST BET
  Minnesota Twins  -178 @ Caesars
  Model edge: +50.0%
  Minnesota Twins @ Pittsburgh Pirates
  
  Also:
  - Athletics (Yankees @ Athletics)  -120 @ Fliff  |  +2.2%
  - Chicago White Sox (Tigers @ Sox)  -164 @ FanDuel  |  +2.2%
  
  Season 108-64 (62.8% WR, +39.6u)
  Picks timestamped before first pitch. Record in bio.
  
  Not financial advice. Bet responsibly. 21+
  
  #MLB #MLBpicks #sportsbetting #baseballbetting #sharpbetting #valuebet #totals #DraftKings #FanDuel #BetMGM #edgebetting #bettingmodel #freepicks #dailypicks #sportsbettingtips

  ── X / Twitter ────────────────────────────────────────────────────────

  MLB — May 29 | BEST BET
  Minnesota Twins (Twins @ Pirates)  -178 @Caesars
  Model edge: +50.0%
  Season 108-64 (62.8% WR, +39.6u)
  Not financial advice. Bet responsibly. 21+  #MLB #sportsbetting
  
  ---
  
  Full card:
  - Athletics  -120 @Fliff  (+2.2%)
  - Chicago White Sox  -164 @FanDuel  (+2.2%)
  - OVER 9.0  -105 @FanDuel  (+1.5%)

  ── Reddit ─────────────────────────────────────────────────────────────

  **ChefTonyBets AI Model — MLB MAY 29, 2026**
  
  Running XGBoost + Pythagorean ensemble on MLB team stats. All picks logged with timestamp before first pitch.
  
  ---
  
  **Season 108-64 (62.8% WR, +39.6u)**
  
  **🔒 Totals (model's strongest market)**
  
  | Game | Bet | Odds | Edge | Book |
  |------|-----|------|------|------|
  | San Diego Padres @ Washington Nationals | OVER 9.0 | -105 | +1.5% | FanDuel |
  | Milwaukee Brewers @ Houston Astros | OVER 8.5 | -102 | +1.3% | FanDuel |
  | Toronto Blue Jays @ Baltimore Orioles | OVER 8.5 | -110 | +1.2% | Fanatics |
  
  **Other Edges**
  
  | Bet | Odds | Edge | Book |
  |-----|------|------|------|
  | Minnesota Twins | -178 | +50.0% | Caesars |
  | Kansas City Royals | +110 | +19.0% | theScore Bet |
  | Miami Marlins | +105 | +18.4% | theScore Bet |
  | San Diego Padres | -108 | +16.7% | DraftKings |
  
  ---
  
  *Results posted daily. All picks logged before game time. No paid shills.*
  
  *Not financial advice. Bet responsibly. 21+*

  ── Parlay Instagram ───────────────────────────────────────────────────

  ⚾ May 29 SAME-GAME PARLAY — MLB
  
  🎰 4-Leg SAME-GAME PARLAY on BETFAIR
  Combined odds: +1035  |  $100 wins $1,035
  
    1. San Francisco Giants ML -154
    2. Detroit Tigers ML -106
    3. Toronto Blue Jays ML +106
    4. New York Yankees ML -139
  
  Not financial advice. Bet responsibly. 21+
  
  #MLB #sportsbetting #MLBpicks #parlay #sharpbetting #valuebet #DraftKings #FanDuel #BetMGM #bettingmodel

  ── Parlay Reddit ──────────────────────────────────────────────────────

  **ChefTonyBets AI — MLB SAME-GAME PARLAY · MAY 29, 2026**
  
  AI model identified 4 correlated edges — built into a 4-leg same-game parlay on **BETFAIR**.
  
  **Combined odds: +1035** | $100 wins **$1,035**
  
  | # | Bet | Odds |
  |---|-----|------|
  | 1 | San Francisco Giants ML -154 | -154 |
  | 2 | Detroit Tigers ML -106 | -106 |
  | 3 | Toronto Blue Jays ML +106 | +106 |
  | 4 | New York Yankees ML -139 | -139 |
  
  ---
  
  *All picks timestamped before tip-off/first pitch. Results posted daily.*
  
  *Not financial advice. Bet responsibly. 21+*

  ── Parlay Twitter ─────────────────────────────────────────────────────

  ⚾ May 29 | 4-LEG SAME-GAME PARLAY · MLB
  🔒 San Francisco Giants ML -154
  🔒 Detroit Tigers ML -106
  🔒 Toronto Blue Jays ML +106
  🔒 New York Yankees ML -139
  Combined: +1035  ($100 → $1,035)
  Not financial advice. Bet responsibly. 21+  #MLB #parlay
  
  ---
  
  👇 Place this parlay on BETFAIR!

  ── Reddit Mlb Picks ───────────────────────────────────────────────────

  **ChefTonyBets AI — MLB Picks · 5/29/26 (Friday)**
  
  XGBoost + Pythagorean ensemble | Walk-forward validated | **Season: 52-39 (57.1% WR, +0.0u)**
  
  All picks timestamped before first pitch. No retroactive edits.
  
  ---
  
  **💰 Moneyline Edges**
  
  | Game | Odds | Edge | Book |
  |------|------|------|------|
  | Kansas City Royals vs  | +110 | +19.0% | theScore Bet |
  | Miami Marlins vs  | +105 | +18.4% | theScore Bet |
  | San Diego Padres vs  | -108 | +16.7% | DraftKings |
  | San Francisco Giants vs  | -154 | +16.1% | Betfair |
  | Arizona Diamondbacks vs  | +130 | +13.8% | DraftKings |
  
  **⚡ NRFI Plays**
  
  | Game | Bet | Proj% | Book |
  |------|-----|-------|------|
  | San Diego Padres @ Washington Nationals NRFI (Lucas Giolito vs Paxton Schultz) | NRFI +110 | 66% | FanDuel |
  | Los Angeles Angels @ Tampa Bay Rays NRFI (Walbert Ureña vs Nick Martinez) | NRFI -113 | 67% | FanDuel |
  | Boston Red Sox @ Cleveland Guardians NRFI (Tyler Samaniego vs Slade Cecconi) | NRFI -113 | 66% | FanDuel |
  | Miami Marlins @ New York Mets NRFI (Max Meyer vs Freddy Peralta) | NRFI -128 | 67% | FanDuel |
  | Chicago Cubs @ St. Louis Cardinals NRFI (Shota Imanaga vs Andre Pallante) | NRFI -122 | 66% | FanDuel |
  
  ---
  
  **Model overview:** Ensemble of XGBoost (pitcher ERA, FIP, xFIP, bullpen REST, lineup wRC+) and Pythagorean expectation. Edge = model win prob minus sportsbook implied prob after vig removal. Only plays where both methods agree are posted as card picks.
  
  Drop questions in the comments — happy to explain any pick.
  
  *Not financial advice. Bet responsibly. 21+*

  ── Reddit Mlb Props ───────────────────────────────────────────────────

  **ChefTonyBets AI — MLB Props · 5/29/26 (Friday)**
  
  Running XGBoost prop model on pitcher K-rate, batter contact, park factors, and weather. 8 edges found today.
  
  **Season Record (props):** 52-39 (57.1% WR, +0.0u)
  
  ---
  
  **🎯 Pitcher Strikeouts**
  
  | Player | Bet | Odds | Edge | Book |
  |--------|-----|------|------|------|
  | Jared Jones | UNDER Strikeouts 5.5 | -177 | +39.3% (proj: 2.8) | BetRivers |
  | Lucas Giolito | UNDER Strikeouts 4.5 | -275 | +23.5% (proj: 2.8) | theScore Bet |
  | Nick Martinez | UNDER Strikeouts 5.5 | -360 | +23.1% (proj: 3.1) | betPARX |
  | Troy Melton | UNDER Strikeouts 5.5 | -450 | +21.1% (proj: 3.2) | theScore Bet |
  | Freddy Peralta | UNDER Strikeouts 7.5 | -385 | +14.5% (proj: 5.3) | betPARX |
  | Taj Bradley | UNDER Strikeouts 6.5 | -190 | +9.4% (proj: 5.8) | theScore Bet |
  | Grant Holmes | UNDER Strikeouts 6.5 | -250 | +9.0% (proj: 5.5) | theScore Bet |
  | Erick Fedde | UNDER Strikeouts 4.5 | -375 | +6.6% (proj: 3.5) | theScore Bet |
  
  ---
  
  **How the prop model works:** Projects pitcher strikeout totals using K/9, opposing team K%, umpire tendencies, and ballpark factors. Batter props use wOBA, hard-hit rate, and matchup data vs. starter handedness.
  
  All picks logged before first pitch. Verified record in post history.
  
  *Not financial advice. Bet responsibly. 21+*

  ── Reddit Potd ────────────────────────────────────────────────────────

  **ChefTonyBets AI — Pick of the Day · 5/29/26 (Friday)**
  
  **Sport:** MLB
  **Pick:** Kansas City Royals Moneyline +110 @ theScore Bet
  **Event:** Kansas City Royals
  **Bet Size:** 1.0 units
  
  ---
  
  **Model Edge:** +19.0% (model: 0.0% vs market: 47.6%)
  **Season Record:** 52-39 (57.1% WR, +0.0u)
  
  ---
  
  **About the Model**
  
  XGBoost + Pythagorean expectation ensemble trained on 10 years of MLB/NBA data. Walk-forward validated on held-out seasons. Edges calculated by comparing model win probability to sportsbook implied probability after vig removal. Kelly criterion used for sizing.
  
  The model runs daily before first pitch/tip-off. All picks are timestamped and logged publicly — you can verify the record at any point. No retroactive changes.
  
  This pick was selected as POTD because it has the highest positive expected value among today's plays within the -200/+200 odds requirement.
  
  ---
  
  *Not financial advice. Bet responsibly. 21+*

  ── NRFI / YRFI ────────────────────────────────────────────────────────

  Books misprice first innings more than any other market. Here's what we found.
  
  May 29 NRFI / YRFI Plays 🎯
  ━━━━━━━━━━━━━━━
  🔒 San Diego Padres @ Washington Nationals — NRFI +110 +21.2% edge [FanDuel]
  📌 Los Angeles Angels @ Tampa Bay Rays — NRFI -113 +17.2% edge [FanDuel]
  📌 Boston Red Sox @ Cleveland Guardians — NRFI -113 +15.8% edge [FanDuel]
  • Miami Marlins @ New York Mets — NRFI -128 +14.3% edge [FanDuel]
  • Chicago Cubs @ St. Louis Cardinals — NRFI -122 +14.3% edge [FanDuel]
  ━━━━━━━━━━━━━━━
  
  Model uses pitcher ERA, K/9 rate, and last 10 starts to project first-inning run probability for both teams. NRFI = neither team scores in the 1st.
  
  Not financial advice. Bet responsibly. 21+
  
  #sportsbetting #mlbpicks #baseballbetting #bettingtips #freepicks #positiveev #kellycriterion #bettingmodel #AIbetting #datadrivenbetting #nrfi #yrfi #firstinning #nrfibets #mlbprops

  ── MONEYLINE PICKS ────────────────────────────────────────────────────

  The algorithm doesn't guess. It found edge on these today 📊
  
  May 29 MLB Picks 🔥
  ━━━━━━━━━━━━━━━
  🔒 Kansas City Royals +110 — +19% edge [theScore Bet]
  📌 Miami Marlins +105 — +18% edge [theScore Bet]
  📌 San Diego Padres -108 — +17% edge [DraftKings]
  • San Francisco Giants -154 — +16% edge [Betfair]
  • Arizona Diamondbacks +130 — +14% edge [DraftKings]
  ━━━━━━━━━━━━━━━
  
  All picks generated by our ensemble model (XGBoost + Pythagorean). We track every result publicly — link in bio.
  
  Not financial advice. Bet responsibly. 21+
  
  #sportsbetting #mlbpicks #baseballbetting #bettingtips #freepicks #positiveev #kellycriterion #bettingmodel #AIbetting #datadrivenbetting

  ── PROPS ──────────────────────────────────────────────────────────────

  Found some fat lines in today's player props. Model says bet these.
  
  May 29 Player Props 🧮
  ━━━━━━━━━━━━━━━
  ⚡ Strikeouts:
    • Jared Jones UNDER 5.5 Ks (proj 2.8) -177 [BetRivers]
    • Lucas Giolito UNDER 4.5 Ks (proj 2.8) -275 [theScore Bet]
    • Nick Martinez UNDER 5.5 Ks (proj 3.1) -360 [betPARX]
  ━━━━━━━━━━━━━━━
  
  Model projects expected Ks using pitcher K/9 rate, last 10 starts, and opposing lineup OPS. We only post when we find real edge vs the book line.
  
  Full slate in the props card above. Swipe for game picks 👆
  
  Not financial advice. Bet responsibly. 21+
  
  #sportsbetting #mlbpicks #baseballbetting #bettingtips #freepicks #positiveev #kellycriterion #bettingmodel #AIbetting #datadrivenbetting #playerpropbets #propbets #mlbprops #strikeoutprop #nhlpicks

  ── TOTALS ─────────────────────────────────────────────────────────────

  The algorithm doesn't guess. It found edge on these today 📊
  
  May 29 MLB Picks 🔥
  ━━━━━━━━━━━━━━━
  🔒 OVER 9.0 (San Diego Padres @ Washington Nationals) -105 — +1.5 run edge [FanDuel]
  📌 UNDER 9.5 (New York Yankees @ Athletics) -108 — +1.4 run edge [Bally Bet]
  📌 OVER 8.5 (Milwaukee Brewers @ Houston Astros) -102 — +1.3 run edge [FanDuel]
  • OVER 8.5 (Toronto Blue Jays @ Baltimore Orioles) -110 — +1.2 run edge [Fanatics]
  ━━━━━━━━━━━━━━━
  
  All picks generated by our ensemble model (XGBoost + Pythagorean). We track every result publicly — link in bio.
  
  Not financial advice. Bet responsibly. 21+
  
  #sportsbetting #mlbpicks #baseballbetting #bettingtips #freepicks #positiveev #kellycriterion #bettingmodel #AIbetting #datadrivenbetting

  ── RUN LINE ───────────────────────────────────────────────────────────

  The algorithm doesn't guess. It found edge on these today 📊
  
  May 29 MLB Picks 🔥
  ━━━━━━━━━━━━━━━
  🔒 Athletics (New York Yankees @ Athletics) -120 — +2.2 run edge [Fliff]
  📌 Chicago White Sox (Detroit Tigers @ Chicago White Sox) -164 — +2.2 run edge [FanDuel]
  📌 Minnesota Twins (Minnesota Twins @ Pittsburgh Pirates) -178 — +0.8 run edge [Caesars]
  ━━━━━━━━━━━━━━━
  
  All picks generated by our ensemble model (XGBoost + Pythagorean). We track every result publicly — link in bio.
  
  Not financial advice. Bet responsibly. 21+
  
  #sportsbetting #mlbpicks #baseballbetting #bettingtips #freepicks #positiveev #kellycriterion #bettingmodel #AIbetting #datadrivenbetting

────────────────────────────────────────────────────────────────────────
  NBA
  Source: output/picks/basketball_nba/20260529
────────────────────────────────────────────────────────────────────────

  ── Instagram ──────────────────────────────────────────────────────────

  NBA — May 29 PICKS
  
  BEST BET
  OVER 215.5  -110 @ FanDuel
  Model edge: +15.8%
  New York Knicks @ Oklahoma City Thunder
  
  Also:
  - OVER 216.5 (Knicks @ Spurs)  -110 @ FanDuel  |  +15.6%
  - OVER 212.5 (Spurs @ Thunder)  -110 @ DraftKings  |  +15.5%
  
  Season 108-64 (62.8% WR, +39.6u)
  Picks timestamped before first pitch. Record in bio.
  
  Not financial advice. Bet responsibly. 21+
  
  #NBA #NBAPlayoffs #sportsbetting #NBApicks #sharpbetting #valuebet #edgebetting #DraftKings #FanDuel #BetMGM #bettingmodel #freepicks #dailypicks #NBAPlayoffs2026

  ── X / Twitter ────────────────────────────────────────────────────────

  NBA — May 29 | BEST BET
  OVER 215.5 (Knicks @ Thunder)  -110 @FanDuel
  Model edge: +15.8%
  Season 108-64 (62.8% WR, +39.6u)
  Not financial advice. Bet responsibly. 21+  #NBAPlayoffs #sportsbetting
  
  ---
  
  Full card:
  - OVER 216.5  -110 @FanDuel  (+15.6%)
  - OVER 212.5  -110 @DraftKings  (+15.5%)

  ── Reddit ─────────────────────────────────────────────────────────────

  **ChefTonyBets AI Model — NBA PLAYOFFS MAY 29, 2026**
  
  Running XGBoost on NBA efficiency ratings (ORtg/DRtg/Pace). Walk-forward validated on 2015-2026 games. All picks logged with timestamp before tip-off.
  
  ---
  
  **Season 108-64 (62.8% WR, +39.6u)**
  
  **🔒 Totals (model's strongest market)**
  
  | Game | Bet | Odds | Edge | Book |
  |------|-----|------|------|------|
  | New York Knicks @ Oklahoma City Thunder | OVER 215.5 | -110 | +15.8% | FanDuel |
  | New York Knicks @ San Antonio Spurs | OVER 216.5 | -110 | +15.6% | FanDuel |
  | San Antonio Spurs @ Oklahoma City Thunder | OVER 212.5 | -110 | +15.5% | DraftKings |
  
  **Other Edges**
  
  | Bet | Odds | Edge | Book |
  |-----|------|------|------|
  | San Antonio Spurs | -166 | +7.2% | DraftKings |
  
  ---
  
  *Results posted daily. All picks logged before game time. No paid shills.*
  
  *Not financial advice. Bet responsibly. 21+*

  ── Reddit Nba Picks ───────────────────────────────────────────────────

  **ChefTonyBets AI — NBA Picks · 5/29/26 (Friday)**
  
  XGBoost on ORtg/DRtg/Pace efficiency ratings | **Season: 52-25 (67.5% WR, +0.0u)**
  
  All picks timestamped before tip-off. Verified record in post history.
  
  ---
  
  **🏀 Moneyline**
  
  | Pick | Odds | Edge | Book |
  |------|------|------|------|
  | San Antonio Spurs (New York Knicks @ San Antonio Spurs) | -166 | +7.2% | DraftKings |
  
  **📊 Totals (O/U)**
  
  | Game | Bet | Edge | Book |
  |------|-----|------|------|
  | New York Knicks @ Oklahoma City Thunder | OVER  -110 | +15.8% | FanDuel |
  | New York Knicks @ San Antonio Spurs | OVER  -110 | +15.6% | FanDuel |
  | San Antonio Spurs @ Oklahoma City Thunder | OVER  -110 | +15.5% | DraftKings |
  
  ---
  
  **Model overview:** Trains on 10 years of NBA box scores. Features: offensive/defensive rating, pace, rest advantage, travel, home court, lineup injury adjustments. Walk-forward validated — no look-ahead bias. Edge = model probability minus sportsbook implied after vig removal.
  
  Drop any questions below.
  
  *Not financial advice. Bet responsibly. 21+*

  ── Reddit Potd ────────────────────────────────────────────────────────

  **ChefTonyBets AI — Pick of the Day · 5/29/26 (Friday)**
  
  **Sport:** NBA
  **Pick:** OVER 215.5 TOTAL -110 @ FanDuel
  **Event:** New York Knicks @ Oklahoma City Thunder
  **Bet Size:** 1.0 units
  
  ---
  
  **Model Edge:** +15.8% (model: 0.0% vs market: 52.4%)
  **Season Record:** 52-25 (67.5% WR, +0.0u)
  
  ---
  
  **About the Model**
  
  XGBoost + Pythagorean expectation ensemble trained on 10 years of MLB/NBA data. Walk-forward validated on held-out seasons. Edges calculated by comparing model win probability to sportsbook implied probability after vig removal. Kelly criterion used for sizing.
  
  The model runs daily before first pitch/tip-off. All picks are timestamped and logged publicly — you can verify the record at any point. No retroactive changes.
  
  This pick was selected as POTD because it has the highest positive expected value among today's plays within the -200/+200 odds requirement.
  
  ---
  
  *Not financial advice. Bet responsibly. 21+*

  ── MONEYLINE PICKS ────────────────────────────────────────────────────

  Post-season intensity. Pre-game edge. These are the plays.
  
  May 29 NBA PLAYOFFS Picks 🔥
  ━━━━━━━━━━━━━━━
  🔒 OVER 215.5 (NEW vs OKL) -110 — +15.8% edge [FanDuel]
  📌 OVER 216.5 (NEW vs SAN) -110 — +15.6% edge [FanDuel]
  📌 OVER 212.5 (SAN vs OKL) -110 — +15.5% edge [DraftKings]
  • San Antonio Spurs ML -166 — +7.2% edge [DraftKings]
  ━━━━━━━━━━━━━━━
  
  Picks generated by our efficiency-rating model (ORtg/DRtg/Pace). We track every result publicly — link in bio.
  
  Not financial advice. Bet responsibly. 21+
  
  #NBA #NBAPlayoffs #sportsbetting #NBApicks #positiveev #kellycriterion #bettingmodel #AIbetting #NBAPlayoffs2026 #playoffs #NBAplayoff

  ── PROPS ──────────────────────────────────────────────────────────────

  Sportsbooks mispriced these player props. We found them first.
  
  May 29 NBA Player Props 🧮
  ━━━━━━━━━━━━━━━
  🔥 Points:
    • Jalen Williams UNDER 9.5 PTS (proj 16.4) +100 [FanDuel]
  💪 Rebounds:
    • Josh Hart UNDER 7.5 REB +118 [FanDuel]
    • De'Aaron Fox UNDER 3.5 REB +114 [FanDuel]
  🎯 Assists:
    • OG Anunoby UNDER 1.5 AST +124 [FanDuel]
    • Jalen Brunson UNDER 6.5 AST +114 [FanDuel]
  ━━━━━━━━━━━━━━━
  
  Model projects each stat using season averages + opponent defensive rating. Only posts when we find real edge vs the book line.
  
  Swipe for game picks 👆
  
  Not financial advice. Bet responsibly. 21+
  
  #NBA #NBAPlayoffs #sportsbetting #NBApicks #positiveev #kellycriterion #bettingmodel #AIbetting #NBAPlayoffs2026 #playoffs #NBAplayoff #NBApropbets #propbets #NBAprops #pointsprop #reboundsprop

  ── TOTALS ─────────────────────────────────────────────────────────────

  Model projected tonight's totals. These lines are off.
  
  May 29 NBA PLAYOFFS Totals 📊
  ━━━━━━━━━━━━━━━
  🔒 OVER 215.5 (New York Knicks @ Oklahoma City Thunder) -110 — +15.8% edge [FanDuel]
  📌 OVER 216.5 (New York Knicks @ San Antonio Spurs) -110 — +15.6% edge [FanDuel]
  📌 OVER 212.5 (San Antonio Spurs @ Oklahoma City Thunder) -110 — +15.5% edge [DraftKings]
  ━━━━━━━━━━━━━━━
  
  Pace + ORtg/DRtg model projects the final score of every game. Only posting where we find edge.
  
  Not financial advice. Bet responsibly. 21+
  
  #NBA #NBAPlayoffs #sportsbetting #NBApicks #positiveev #kellycriterion #bettingmodel #AIbetting #NBAPlayoffs2026 #playoffs #NBAplayoff #NBAtotals #NBAovers #NBAunders

────────────────────────────────────────────────────────────────────────
  Tennis — Roland-Garros (ATP)
  Source: output/picks/tennis_atp_french_open/20260529
────────────────────────────────────────────────────────────────────────

  ── Instagram ──────────────────────────────────────────────────────────

  🎾 FRENCH OPEN — May 29 PICKS
  
  Elo model scanning today's clay court matches.
  
  BEST BET
  Jesper De Jong  +235 @ Fanduel
  Model edge: +42.3%
  Jesper De Jong vs Karen Khachanov
  
  Also liking:
  - Alex Michelsen  +390 @ Fanduel  |  +30.6%
  - Jakub Mensik  +300 @ Betmgm  |  +26.4%
  Picks logged before match time. Record in bio.
  
  Not financial advice. Bet responsibly. 21+
  
  #tennis #ATP #WTA #sportsbetting #edgebetting #dailypicks

  ── X / Twitter ────────────────────────────────────────────────────────

  🎾 French Open picks — May 29
  Elo model found edge on 6 match(es).
  Jesper De Jong  +235 @FanDuel  edge: +42.3%
  Graded publicly.  Not financial advice. Bet responsibly. 21+  #tennis #sportsbetting
  
  ---
  
  Full card:
  - Alex Michelsen  +390 @FanDuel  (+30.6%)
  - Jakub Mensik  +300 @BetMGM  (+26.4%)
  - Pablo Carreno Busta  +200 @BetRivers  (+18.5%)

  ── Reddit ─────────────────────────────────────────────────────────────

  **ChefTonyBets Elo Model — French Open May 29, 2026**
  
  Surface: Clay
  
  Model methodology: Surface-specific Elo ratings built from ATP/WTA match history (Kovalchik 2016 / Angelini 2022 peer-reviewed framework). Ratings updated after every match. Edges calculated vs no-vig implied probability across FanDuel, DraftKings, BetMGM, Caesars, and Bet365.
  
  ---
  
  **Edges today**
  
  | Match | Pick | Odds | Model Prob | Implied Prob | Edge | Book |
  |-------|------|------|------------|--------------|------|------|
  | Jesper De Jong vs Karen Khachanov | Jesper De Jong | +235 | 70.8% | 29.9% | +42.3% | FanDuel |
  | Rafael Jodar vs Alex Michelsen | Alex Michelsen | +390 | 50.0% | 20.4% | +30.6% | FanDuel |
  | Jakub Mensik vs Alex de Minaur | Jakub Mensik | +300 | 50.0% | 25.0% | +26.4% | BetMGM |
  | Pablo Carreno Busta vs Thiago Agustin Tirante | Pablo Carreno Busta | +200 | 50.0% | 33.3% | +18.5% | BetRivers |
  | Tommy Paul vs Casper Ruud | Tommy Paul | +245 | 43.4% | 29.0% | +15.7% | FanDuel |
  | Novak Djokovic vs Joao Fonseca | Joao Fonseca | +176 | 48.3% | 36.2% | +13.6% | FanDuel |
  
  ---
  
  *All picks logged with timestamp before match start. Results posted daily.*
  
  *Not financial advice. Bet responsibly. 21+*

  ── TikTok Script ──────────────────────────────────────────────────────

  [TALKING HEAD — Tennis Picks May 29]
  [DURATION: 30-45 seconds]
  
  [HOLD UP PHONE / STAND IN FRONT OF CAMERA]
  
  HOOK (0-5s):
  "My Elo model just found a Clay court edge at French Open. Here's the pick."
  
  [PAUSE]
  
  ELO EXPLAINER (5-15s):
  "So what's an Elo model? Think chess ratings — every tennis player gets a number
  based on who they beat and how. Beat a top-10 guy, your number shoots up.
  Lose to a qualifier, it tanks. My model tracks these ratings by surface,
  because a clay-court Elo and a grass-court Elo are completely different numbers."
  
  [PAUSE]
  
  THE PICK (15-25s):
  "Today's top play: Jesper De Jong +235 at Fanduel.
  My model gives them a +42.3% edge over the book's number.
  That's meaningful on clay — it's a grind-it-out surface where Elo is most predictive."
  
  [SHOW SCREEN — caption or pick card]
  
  CTA (25-35s):
  "Full card's in the caption. Every pick gets logged before match time —
  you can verify the timestamp. Follow for the nightly recap."
  
  [PAUSE]
  
  OUTRO:
  "Not financial advice. Bet responsibly. 21+."
  
  [END]

────────────────────────────────────────────────────────────────────────
  Basketball Wnba
  Source: output/picks/basketball_wnba/20260529
────────────────────────────────────────────────────────────────────────

  ── Instagram ──────────────────────────────────────────────────────────

  NBA — May 29 PICKS
  
  BEST BET
  New York Liberty  -105 @ BetMGM
  Model edge: +37.5%
  Phoenix Mercury @ New York Liberty
  
  Also:
  - Atlanta Dream (Dream @ Fire)  +100 @ theScore Bet  |  +36.3%
  - New York Liberty (Mercury @ Liberty)  -114 @ BetRivers  |  +33.3%
  
  Season 112-72 (60.9% WR, +40.7u)
  Picks timestamped before first pitch. Record in bio.
  
  Not financial advice. Bet responsibly. 21+
  
  #NBA #NBAPlayoffs #sportsbetting #NBApicks #sharpbetting #valuebet #edgebetting #DraftKings #FanDuel #BetMGM #bettingmodel #freepicks #dailypicks #NBAPlayoffs2026

  ── X / Twitter ────────────────────────────────────────────────────────

  NBA — May 29 | BEST BET
  New York Liberty (Mercury @ Liberty)  -105 @BetMGM
  Model edge: +37.5%
  Season 112-72 (60.9% WR, +40.7u)
  Not financial advice. Bet responsibly. 21+  #NBAPlayoffs #sportsbetting
  
  ---
  
  Full card:
  - Atlanta Dream  +100 @theScoreBet  (+36.3%)
  - New York Liberty  -114 @BetRivers  (+33.3%)
  - Atlanta Dream  -110 @BetMGM  (+31.3%)

  ── Reddit ─────────────────────────────────────────────────────────────

  **ChefTonyBets AI Model — NBA PLAYOFFS MAY 29, 2026**
  
  Running XGBoost on NBA efficiency ratings (ORtg/DRtg/Pace). Walk-forward validated on 2015-2026 games. All picks logged with timestamp before tip-off.
  
  ---
  
  **Season 112-72 (60.9% WR, +40.7u)**
  
  **🔒 Totals (model's strongest market)**
  
  | Game | Bet | Odds | Edge | Book |
  |------|-----|------|------|------|
  | Los Angeles Sparks @ Washington Mystics | UNDER 168.5 | -105 | +17.0% | theScore Bet |
  | Phoenix Mercury @ New York Liberty | UNDER 169.5 | -110 | +8.5% | FanDuel |
  | Phoenix Mercury @ New York Liberty | UNDER 168.5 | -120 | +6.8% | Fliff |
  
  **Other Edges**
  
  | Bet | Odds | Edge | Book |
  |-----|------|------|------|
  | New York Liberty | -105 | +37.5% | BetMGM |
  | Atlanta Dream | +100 | +36.3% | theScore Bet |
  | New York Liberty | -114 | +33.3% | BetRivers |
  | Atlanta Dream | -110 | +31.3% | BetMGM |
  
  ---
  
  *Results posted daily. All picks logged before game time. No paid shills.*
  
  *Not financial advice. Bet responsibly. 21+*

════════════════════════════════════════════════════════════════════════


════════════════════════════════════════════════════════════════════════
  CAPTIONS — MAY 30, 2026
════════════════════════════════════════════════════════════════════════

────────────────────────────────────────────────────────────────────────
  MLB
  Source: output/picks/baseball_mlb/20260530
────────────────────────────────────────────────────────────────────────

  ── Instagram ──────────────────────────────────────────────────────────

  MLB — May 30 PICKS
  
  BEST BET
  OVER 7.0  +115 @ theScore Bet
  Model edge: +50.0%
  Los Angeles Angels @ Tampa Bay Rays
  
  Also:
  - OVER 7.5 (Padres @ Nationals)  -109 @ DraftKings  |  +3.6%
  - Chicago White Sox (Tigers @ Sox)  -170 @ FanDuel  |  +3.2%
  
  Season 110-65 (62.9% WR, +40.6u)
  Picks timestamped before first pitch. Record in bio.
  
  Not financial advice. Bet responsibly. 21+
  
  #MLB #MLBpicks #sportsbetting #baseballbetting #sharpbetting #valuebet #totals #DraftKings #FanDuel #BetMGM #edgebetting #bettingmodel #freepicks #dailypicks #sportsbettingtips

  ── X / Twitter ────────────────────────────────────────────────────────

  MLB — May 30 | BEST BET
  OVER 7.0 (Angels @ Rays)  +115 @theScoreBet
  Model edge: +50.0%
  Season 110-65 (62.9% WR, +40.6u)
  Not financial advice. Bet responsibly. 21+  #MLB #sportsbetting
  
  ---
  
  Full card:
  - OVER 7.5  -109 @DraftKings  (+3.6%)
  - Chicago White Sox  -170 @FanDuel  (+3.2%)
  - Baltimore Orioles  -160 @Caesars  (+2.2%)

  ── Reddit ─────────────────────────────────────────────────────────────

  **ChefTonyBets AI Model — MLB MAY 30, 2026**
  
  Running XGBoost + Pythagorean ensemble on MLB team stats. All picks logged with timestamp before first pitch.
  
  ---
  
  **Season 110-65 (62.9% WR, +40.6u)**
  
  **🔒 Totals (model's strongest market)**
  
  | Game | Bet | Odds | Edge | Book |
  |------|-----|------|------|------|
  | Los Angeles Angels @ Tampa Bay Rays | OVER 7.0 | +115 | +50.0% | theScore Bet |
  | San Diego Padres @ Washington Nationals | OVER 7.5 | -109 | +3.6% | DraftKings |
  | New York Yankees @ Athletics | UNDER 9.5 | +100 | +1.5% | Fliff |
  
  **Other Edges**
  
  | Bet | Odds | Edge | Book |
  |-----|------|------|------|
  | San Francisco Giants | -115 | +13.8% | Fanatics |
  | Minnesota Twins | +120 | +13.6% | FanDuel |
  | San Diego Padres | -125 | +11.4% | Fanatics |
  | Chicago White Sox | -170 | +3.2% | FanDuel |
  
  ---
  
  *Results posted daily. All picks logged before game time. No paid shills.*
  
  *Not financial advice. Bet responsibly. 21+*

  ── Parlay Instagram ───────────────────────────────────────────────────

  ⚾ May 30 SAME-GAME PARLAY — MLB
  
  🎰 4-Leg SAME-GAME PARLAY on 1XBET
  Combined odds: +1930  |  $100 wins $1,930
  
    1. Arizona Diamondbacks ML +135
    2. Chicago Cubs ML -121
    3. Miami Marlins ML +119
    4. Boston Red Sox ML +116
  
  Not financial advice. Bet responsibly. 21+
  
  #MLB #sportsbetting #MLBpicks #parlay #sharpbetting #valuebet #DraftKings #FanDuel #BetMGM #bettingmodel

  ── Parlay Reddit ──────────────────────────────────────────────────────

  **ChefTonyBets AI — MLB SAME-GAME PARLAY · MAY 30, 2026**
  
  AI model identified 4 correlated edges — built into a 4-leg same-game parlay on **1XBET**.
  
  **Combined odds: +1930** | $100 wins **$1,930**
  
  | # | Bet | Odds |
  |---|-----|------|
  | 1 | Arizona Diamondbacks ML +135 | +135 |
  | 2 | Chicago Cubs ML -121 | -121 |
  | 3 | Miami Marlins ML +119 | +119 |
  | 4 | Boston Red Sox ML +116 | +116 |
  
  ---
  
  *All picks timestamped before tip-off/first pitch. Results posted daily.*
  
  *Not financial advice. Bet responsibly. 21+*

  ── Parlay Twitter ─────────────────────────────────────────────────────

  ⚾ May 30 | 4-LEG SAME-GAME PARLAY · MLB
  🔒 Arizona Diamondbacks ML +135
  🔒 Chicago Cubs ML -121
  🔒 Miami Marlins ML +119
  🔒 Boston Red Sox ML +116
  Combined: +1930  ($100 → $1,930)
  Not financial advice. Bet responsibly. 21+  #MLB #parlay
  
  ---
  
  👇 Place this parlay on 1XBET!

  ── Reddit Mlb Picks ───────────────────────────────────────────────────

  **ChefTonyBets AI — MLB Picks · 5/30/26 (Saturday)**
  
  XGBoost + Pythagorean ensemble | Walk-forward validated | **Season: 54-40 (57.4% WR, +0.0u)**
  
  All picks timestamped before first pitch. No retroactive edits.
  
  ---
  
  **💰 Moneyline Edges**
  
  | Game | Odds | Edge | Book |
  |------|------|------|------|
  | San Francisco Giants vs  | -115 | +13.8% | Fanatics |
  | Los Angeles Angels vs  | +143 | +14.7% | GTbets |
  | Milwaukee Brewers vs  | -108 | +13.9% | BetOnline.ag |
  | Toronto Blue Jays vs  | -120 | +12.1% | Tipico |
  | Detroit Tigers vs  | -108 | +13.0% | LowVig.ag |
  
  **⚡ NRFI Plays**
  
  | Game | Bet | Proj% | Book |
  |------|-----|-------|------|
  | Milwaukee Brewers @ Houston Astros NRFI (Brandon Sproat vs Peter Lambert) | NRFI -115 | 66% | BetMGM |
  | Chicago Cubs @ St. Louis Cardinals NRFI (Ben Brown vs Kyle Leahy) | NRFI -128 | 67% | FanDuel |
  | Minnesota Twins @ Pittsburgh Pirates NRFI (Bailey Ober vs Mitch Keller) | NRFI -118 | 65% | BetMGM |
  | Atlanta Braves @ Cincinnati Reds NRFI (Martín Pérez vs Brady Singer) | NRFI +100 | 60% | FanDuel |
  | San Diego Padres @ Washington Nationals NRFI (Michael King vs Foster Griffin) | NRFI -135 | 67% | BetMGM |
  
  ---
  
  **Model overview:** Ensemble of XGBoost (pitcher ERA, FIP, xFIP, bullpen REST, lineup wRC+) and Pythagorean expectation. Edge = model win prob minus sportsbook implied prob after vig removal. Only plays where both methods agree are posted as card picks.
  
  Drop questions in the comments — happy to explain any pick.
  
  *Not financial advice. Bet responsibly. 21+*

  ── Reddit Mlb Props ───────────────────────────────────────────────────

  **ChefTonyBets AI — MLB Props · 5/30/26 (Saturday)**
  
  Running XGBoost prop model on pitcher K-rate, batter contact, park factors, and weather. 11 edges found today.
  
  **Season Record (props):** 54-40 (57.4% WR, +0.0u)
  
  ---
  
  **🎯 Pitcher Strikeouts**
  
  | Player | Bet | Odds | Edge | Book |
  |--------|-----|------|------|------|
  | Kyle Leahy | OVER Strikeouts 4.5 | +160 | +18.3% (proj: 5.2) | theScore Bet |
  | Mitch Keller | UNDER Strikeouts 5.5 | -275 | +17.5% (proj: 3.9) | theScore Bet |
  | Bailey Ober | UNDER Strikeouts 5.5 | -480 | +17.2% (proj: 3.3) | BetRivers |
  | Drew Rasmussen | UNDER Strikeouts 7.5 | -480 | +16.7% (proj: 4.9) | BetRivers |
  | Peter Lambert | UNDER Strikeouts 6.5 | -375 | +11.5% (proj: 4.9) | theScore Bet |
  | Seth Lugo | UNDER Strikeouts 6.5 | -455 | +10.8% (proj: 4.6) | betPARX |
  | Framber Valdez | UNDER Strikeouts 6.5 | -325 | +10.7% (proj: 5.1) | theScore Bet |
  | Sonny Gray | UNDER Strikeouts 6.5 | -435 | +6.6% (proj: 5.0) | BetRivers |
  
  ---
  
  **How the prop model works:** Projects pitcher strikeout totals using K/9, opposing team K%, umpire tendencies, and ballpark factors. Batter props use wOBA, hard-hit rate, and matchup data vs. starter handedness.
  
  All picks logged before first pitch. Verified record in post history.
  
  *Not financial advice. Bet responsibly. 21+*

  ── Reddit Potd ────────────────────────────────────────────────────────

  **ChefTonyBets AI — Pick of the Day · 5/30/26 (Saturday)**
  
  **Sport:** MLB
  **Pick:** Los Angeles Angels Moneyline +143 @ GTbets
  **Event:** Los Angeles Angels
  **Bet Size:** 1.0 units
  
  ---
  
  **Model Edge:** +14.7% (model: 0.0% vs market: 41.2%)
  **Season Record:** 54-40 (57.4% WR, +0.0u)
  
  ---
  
  **About the Model**
  
  XGBoost + Pythagorean expectation ensemble trained on 10 years of MLB/NBA data. Walk-forward validated on held-out seasons. Edges calculated by comparing model win probability to sportsbook implied probability after vig removal. Kelly criterion used for sizing.
  
  The model runs daily before first pitch/tip-off. All picks are timestamped and logged publicly — you can verify the record at any point. No retroactive changes.
  
  This pick was selected as POTD because it has the highest positive expected value among today's plays within the -200/+200 odds requirement.
  
  ---
  
  *Not financial advice. Bet responsibly. 21+*

  ── NRFI / YRFI ────────────────────────────────────────────────────────

  NRFI bets hit at 42% historically. Model says these games are above that. 📊
  
  May 30 NRFI / YRFI Plays 🎯
  ━━━━━━━━━━━━━━━
  🔒 Milwaukee Brewers @ Houston Astros — NRFI -115 +15.3% edge [BetMGM]
  📌 Chicago Cubs @ St. Louis Cardinals — NRFI -128 +14.3% edge [FanDuel]
  📌 Minnesota Twins @ Pittsburgh Pirates — NRFI -118 +13.8% edge [BetMGM]
  • Atlanta Braves @ Cincinnati Reds — NRFI +100 +13.4% edge [FanDuel]
  • San Diego Padres @ Washington Nationals — NRFI -135 +13.2% edge [BetMGM]
  ━━━━━━━━━━━━━━━
  
  Model uses pitcher ERA, K/9 rate, and last 10 starts to project first-inning run probability for both teams. NRFI = neither team scores in the 1st.
  
  Not financial advice. Bet responsibly. 21+
  
  #sportsbetting #mlbpicks #baseballbetting #bettingtips #freepicks #baseballpicks #mlbtoday #baseballfan #baseballlife #mlbgames #nrfi #yrfi #firstinning #nrfibets #mlbprops

  ── MONEYLINE PICKS ────────────────────────────────────────────────────

  Free picks for today's MLB slate. Backed by data, not feelings.
  
  May 30 MLB Picks 🔥
  ━━━━━━━━━━━━━━━
  🔒 San Francisco Giants -115 — +14% edge [Fanatics]
  📌 Los Angeles Angels +143 — +15% edge [GTbets]
  📌 Milwaukee Brewers -108 — +14% edge [BetOnline.ag]
  • Toronto Blue Jays -120 — +12% edge [Tipico]
  • Detroit Tigers -108 — +13% edge [LowVig.ag]
  ━━━━━━━━━━━━━━━
  
  All picks generated by our ensemble model (XGBoost + Pythagorean). We track every result publicly — link in bio.
  
  Not financial advice. Bet responsibly. 21+
  
  #sportsbetting #mlbpicks #baseballbetting #bettingtips #freepicks #baseballpicks #mlbtoday #baseballfan #baseballlife #mlbgames

  ── PROPS ──────────────────────────────────────────────────────────────

  Sportsbooks mispriced these props today. We found them first.
  
  May 30 Player Props 🧮
  ━━━━━━━━━━━━━━━
  ⚡ Strikeouts:
    • Kyle Leahy OVER 4.5 Ks (proj 5.2) +160 [theScore Bet]
    • Mitch Keller UNDER 5.5 Ks (proj 3.9) -275 [theScore Bet]
    • Bailey Ober UNDER 5.5 Ks (proj 3.3) -480 [BetRivers]
  ━━━━━━━━━━━━━━━
  
  Model projects expected Ks using pitcher K/9 rate, last 10 starts, and opposing lineup OPS. We only post when we find real edge vs the book line.
  
  Full slate in the props card above. Swipe for game picks 👆
  
  Not financial advice. Bet responsibly. 21+
  
  #sportsbetting #mlbpicks #baseballbetting #bettingtips #freepicks #baseballpicks #mlbtoday #baseballfan #baseballlife #mlbgames #playerpropbets #propbets #mlbprops #strikeoutprop #nhlpicks

  ── TOTALS ─────────────────────────────────────────────────────────────

  Free picks for today's MLB slate. Backed by data, not feelings.
  
  May 30 MLB Picks 🔥
  ━━━━━━━━━━━━━━━
  🔒 OVER 7.5 (San Diego Padres @ Washington Nationals) -109 — +3.6 run edge [DraftKings]
  📌 UNDER 9.5 (New York Yankees @ Athletics) +100 — +1.5 run edge [Fliff]
  📌 OVER 7.0 (Los Angeles Angels @ Tampa Bay Rays) +115 — +1.0 run edge [theScore Bet]
  ━━━━━━━━━━━━━━━
  
  All picks generated by our ensemble model (XGBoost + Pythagorean). We track every result publicly — link in bio.
  
  Not financial advice. Bet responsibly. 21+
  
  #sportsbetting #mlbpicks #baseballbetting #bettingtips #freepicks #baseballpicks #mlbtoday #baseballfan #baseballlife #mlbgames

  ── RUN LINE ───────────────────────────────────────────────────────────

  Free picks for today's MLB slate. Backed by data, not feelings.
  
  May 30 MLB Picks 🔥
  ━━━━━━━━━━━━━━━
  🔒 Chicago White Sox (Detroit Tigers @ Chicago White Sox) -170 — +3.2 run edge [FanDuel]
  📌 Baltimore Orioles (Toronto Blue Jays @ Baltimore Orioles) -160 — +2.2 run edge [Caesars]
  📌 Washington Nationals (San Diego Padres @ Washington Nationals) -155 — +2.2 run edge [Fanatics]
  • Colorado Rockies (San Francisco Giants @ Colorado Rockies) -148 — +2.2 run edge [betPARX]
  • Arizona Diamondbacks (Arizona Diamondbacks @ Seattle Mariners) -185 — +0.8 run edge [Hard Rock Bet (OH)]
  ━━━━━━━━━━━━━━━
  
  All picks generated by our ensemble model (XGBoost + Pythagorean). We track every result publicly — link in bio.
  
  Not financial advice. Bet responsibly. 21+
  
  #sportsbetting #mlbpicks #baseballbetting #bettingtips #freepicks #baseballpicks #mlbtoday #baseballfan #baseballlife #mlbgames

────────────────────────────────────────────────────────────────────────
  NBA
  Source: output/picks/basketball_nba/20260530
────────────────────────────────────────────────────────────────────────

  ── Instagram ──────────────────────────────────────────────────────────

  NBA — May 30 PICKS
  
  Season 110-65 (62.9% WR, +40.6u)
  Picks timestamped before first pitch. Record in bio.
  
  Not financial advice. Bet responsibly. 21+
  
  #NBA #NBAPlayoffs #sportsbetting #NBApicks #sharpbetting #valuebet #edgebetting #DraftKings #FanDuel #BetMGM #bettingmodel #freepicks #dailypicks #NBAPlayoffs2026

  ── Reddit ─────────────────────────────────────────────────────────────

  **ChefTonyBets AI Model — NBA PLAYOFFS MAY 30, 2026**
  
  Running XGBoost on NBA efficiency ratings (ORtg/DRtg/Pace). Walk-forward validated on 2015-2026 games. All picks logged with timestamp before tip-off.
  
  ---
  
  **Season 110-65 (62.9% WR, +40.6u)**
  
  ---
  
  *Results posted daily. All picks logged before game time. No paid shills.*
  
  *Not financial advice. Bet responsibly. 21+*

  ── Reddit Nba Picks ───────────────────────────────────────────────────

  **ChefTonyBets AI — NBA Picks · 5/30/26 (Saturday)**
  
  XGBoost on ORtg/DRtg/Pace efficiency ratings | **Season: 52-25 (67.5% WR, +0.0u)**
  
  All picks timestamped before tip-off. Verified record in post history.
  
  ---
  
  **📊 Totals (O/U)**
  
  | Game | Bet | Edge | Book |
  |------|-----|------|------|
  | San Antonio Spurs @ Oklahoma City Thunder | OVER  -109 | +15.9% | betPARX |
  
  ---
  
  **Model overview:** Trains on 10 years of NBA box scores. Features: offensive/defensive rating, pace, rest advantage, travel, home court, lineup injury adjustments. Walk-forward validated — no look-ahead bias. Edge = model probability minus sportsbook implied after vig removal.
  
  Drop any questions below.
  
  *Not financial advice. Bet responsibly. 21+*

  ── Reddit Potd ────────────────────────────────────────────────────────

  **ChefTonyBets AI — Pick of the Day · 5/30/26 (Saturday)**
  
  **Sport:** NBA
  **Pick:** OVER 213.0 TOTAL -109 @ betPARX
  **Event:** San Antonio Spurs @ Oklahoma City Thunder
  **Bet Size:** 1.0 units
  
  ---
  
  **Model Edge:** +15.9% (model: 0.0% vs market: 52.2%)
  **Season Record:** 52-25 (67.5% WR, +0.0u)
  
  ---
  
  **About the Model**
  
  XGBoost + Pythagorean expectation ensemble trained on 10 years of MLB/NBA data. Walk-forward validated on held-out seasons. Edges calculated by comparing model win probability to sportsbook implied probability after vig removal. Kelly criterion used for sizing.
  
  The model runs daily before first pitch/tip-off. All picks are timestamped and logged publicly — you can verify the record at any point. No retroactive changes.
  
  This pick was selected as POTD because it has the highest positive expected value among today's plays within the -200/+200 odds requirement.
  
  ---
  
  *Not financial advice. Bet responsibly. 21+*

  ── MONEYLINE PICKS ────────────────────────────────────────────────────

  Model projected every matchup. These are the ones worth betting.
  
  May 30 NBA PLAYOFFS Picks 🔥
  ━━━━━━━━━━━━━━━
  🔒 OVER 213.0 (SAN vs OKL) -109 — +15.9% edge [betPARX]
  ━━━━━━━━━━━━━━━
  
  Picks generated by our efficiency-rating model (ORtg/DRtg/Pace). We track every result publicly — link in bio.
  
  Not financial advice. Bet responsibly. 21+
  
  #NBA #NBAPlayoffs #sportsbetting #NBApicks #basketballpicks #NBAtoday #NBAbasketball #basketballbetting #NBAPlayoffs2026 #playoffs #NBAplayoff

  ── PROPS ──────────────────────────────────────────────────────────────

  Tonight's NBA player props — PTS, REB, AST lines with edge.
  
  May 30 NBA Player Props 🧮
  ━━━━━━━━━━━━━━━
  • Cason Wallace UNDER 1.5 STEALS — 14.2% edge [betPARX]
  ━━━━━━━━━━━━━━━
  
  Model projects each stat using season averages + opponent defensive rating. Only posts when we find real edge vs the book line.
  
  Swipe for game picks 👆
  
  Not financial advice. Bet responsibly. 21+
  
  #NBA #NBAPlayoffs #sportsbetting #NBApicks #basketballpicks #NBAtoday #NBAbasketball #basketballbetting #NBAPlayoffs2026 #playoffs #NBAplayoff #NBApropbets #propbets #NBAprops #pointsprop #reboundsprop

  ── TOTALS ─────────────────────────────────────────────────────────────

  Model projected tonight's totals. These lines are off.
  
  May 30 NBA PLAYOFFS Totals 📊
  ━━━━━━━━━━━━━━━
  🔒 OVER 213.0 (San Antonio Spurs @ Oklahoma City Thunder) -109 — +15.9% edge [betPARX]
  ━━━━━━━━━━━━━━━
  
  Pace + ORtg/DRtg model projects the final score of every game. Only posting where we find edge.
  
  Not financial advice. Bet responsibly. 21+
  
  #NBA #NBAPlayoffs #sportsbetting #NBApicks #basketballpicks #NBAtoday #NBAbasketball #basketballbetting #NBAPlayoffs2026 #playoffs #NBAplayoff #NBAtotals #NBAovers #NBAunders

════════════════════════════════════════════════════════════════════════


════════════════════════════════════════════════════════════════════════
  CAPTIONS — MAY 31, 2026
════════════════════════════════════════════════════════════════════════

────────────────────────────────────────────────────────────────────────
  MLB
  Source: output/picks/baseball_mlb/20260531
────────────────────────────────────────────────────────────────────────

  ── Instagram ──────────────────────────────────────────────────────────

  MLB — May 31 PICKS
  
  BEST BET
  Miami Marlins  -160 @ Caesars
  Model edge: +50.0%
  Miami Marlins @ New York Mets
  
  Also:
  - OVER 7.5 (Brewers @ Astros)  -105 @ Fliff  |  +3.6%
  - Washington Nationals (Padres @ Nationals)  -156 @ DraftKings  |  +2.6%
  
  Season 116-73 (61.4% WR, +38.3u)
  Picks timestamped before first pitch. Record in bio.
  
  Not financial advice. Bet responsibly. 21+
  
  #MLB #MLBpicks #sportsbetting #baseballbetting #sharpbetting #valuebet #totals #DraftKings #FanDuel #BetMGM #edgebetting #bettingmodel #freepicks #dailypicks #sportsbettingtips

  ── X / Twitter ────────────────────────────────────────────────────────

  MLB — May 31 | BEST BET
  Miami Marlins (Marlins @ Mets)  -160 @Caesars
  Model edge: +50.0%
  Season 116-73 (61.4% WR, +38.3u)
  Not financial advice. Bet responsibly. 21+  #MLB #sportsbetting
  
  ---
  
  Full card:
  - OVER 7.5  -105 @Fliff  (+3.6%)
  - Washington Nationals  -156 @DraftKings  (+2.6%)
  - UNDER 10.5  -102 @DraftKings  (+2.2%)

  ── Reddit ─────────────────────────────────────────────────────────────

  **ChefTonyBets AI Model — MLB MAY 31, 2026**
  
  Running XGBoost + Pythagorean ensemble on MLB team stats. All picks logged with timestamp before first pitch.
  
  ---
  
  **Season 116-73 (61.4% WR, +38.3u)**
  
  **🔒 Totals (model's strongest market)**
  
  | Game | Bet | Odds | Edge | Book |
  |------|-----|------|------|------|
  | Milwaukee Brewers @ Houston Astros | OVER 7.5 | -105 | +3.6% | Fliff |
  | New York Yankees @ Athletics | UNDER 10.5 | -102 | +2.2% | DraftKings |
  | Toronto Blue Jays @ Baltimore Orioles | OVER 8.5 | +105 | +2.0% | theScore Bet |
  | Minnesota Twins @ Pittsburgh Pirates | OVER 7.5 | -110 | +1.3% | Fliff |
  | Philadelphia Phillies @ Los Angeles Dodgers | UNDER 9.0 | +110 | +1.1% | theScore Bet |
  
  **Other Edges**
  
  | Bet | Odds | Edge | Book |
  |-----|------|------|------|
  | Miami Marlins | -160 | +50.0% | Caesars |
  | Toronto Blue Jays | +110 | +18.3% | Fanatics |
  | Chicago Cubs | -103 | +16.9% | DraftKings |
  | Boston Red Sox | +100 | +16.4% | theScore Bet |
  
  ---
  
  *Results posted daily. All picks logged before game time. No paid shills.*
  
  *Not financial advice. Bet responsibly. 21+*

  ── Parlay Instagram ───────────────────────────────────────────────────

  ⚾ May 31 SAME-GAME PARLAY — MLB
  
  🎰 2-Leg SAME-GAME PARLAY on FANATICS
  Combined odds: +394  |  $100 wins $394
  
    1. Toronto Blue Jays ML +110
    2. Minnesota Twins ML +135
  
  Not financial advice. Bet responsibly. 21+
  
  #MLB #sportsbetting #MLBpicks #parlay #sharpbetting #valuebet #DraftKings #FanDuel #BetMGM #bettingmodel

  ── Parlay Reddit ──────────────────────────────────────────────────────

  **ChefTonyBets AI — MLB SAME-GAME PARLAY · MAY 31, 2026**
  
  AI model identified 2 correlated edges — built into a 2-leg same-game parlay on **FANATICS**.
  
  **Combined odds: +394** | $100 wins **$394**
  
  | # | Bet | Odds |
  |---|-----|------|
  | 1 | Toronto Blue Jays ML +110 | +110 |
  | 2 | Minnesota Twins ML +135 | +135 |
  
  ---
  
  *All picks timestamped before tip-off/first pitch. Results posted daily.*
  
  *Not financial advice. Bet responsibly. 21+*

  ── Parlay Twitter ─────────────────────────────────────────────────────

  ⚾ May 31 | 2-LEG SAME-GAME PARLAY · MLB
  🔒 Toronto Blue Jays ML +110
  🔒 Minnesota Twins ML +135
  Combined: +394  ($100 → $394)
  Not financial advice. Bet responsibly. 21+  #MLB #parlay
  
  ---
  
  👇 Place this parlay on FANATICS!

  ── Reddit Mlb Picks ───────────────────────────────────────────────────

  **ChefTonyBets AI — MLB Picks · 5/31/26 (Sunday)**
  
  XGBoost + Pythagorean ensemble | Walk-forward validated | **Season: 59-48 (55.1% WR, +0.0u)**
  
  All picks timestamped before first pitch. No retroactive edits.
  
  ---
  
  **💰 Moneyline Edges**
  
  | Game | Odds | Edge | Book |
  |------|------|------|------|
  | Toronto Blue Jays vs  | +110 | +18.3% | Fanatics |
  | Chicago Cubs vs  | -103 | +16.9% | DraftKings |
  | Boston Red Sox vs  | +100 | +16.4% | theScore Bet |
  | Kansas City Royals vs  | -102 | +15.9% | FanDuel |
  | Minnesota Twins vs  | +135 | +15.6% | Fanatics |
  
  **⚡ NRFI Plays**
  
  | Game | Bet | Proj% | Book |
  |------|-----|-------|------|
  | Philadelphia Phillies @ Los Angeles Dodgers NRFI (Andrew Painter vs Yoshinobu Yamamoto) | NRFI +112 | 63% | FanDuel |
  | New York Yankees @ Athletics NRFI (Will Warren vs Jacob Lopez) | NRFI +118 | 62% | FanDuel |
  | San Francisco Giants @ Colorado Rockies NRFI (Robbie Ray vs Tanner Gordon) | NRFI +120 | 59% | BetMGM |
  | Toronto Blue Jays @ Baltimore Orioles NRFI (Spencer Miles vs Kyle Bradish) | NRFI -125 | 67% | BetMGM |
  | Atlanta Braves @ Cincinnati Reds NRFI (Spencer Strider vs Nick Lodolo) | NRFI -118 | 64% | BetMGM |
  
  ---
  
  **Model overview:** Ensemble of XGBoost (pitcher ERA, FIP, xFIP, bullpen REST, lineup wRC+) and Pythagorean expectation. Edge = model win prob minus sportsbook implied prob after vig removal. Only plays where both methods agree are posted as card picks.
  
  Drop questions in the comments — happy to explain any pick.
  
  *Not financial advice. Bet responsibly. 21+*

  ── Reddit Mlb Props ───────────────────────────────────────────────────

  **ChefTonyBets AI — MLB Props · 5/31/26 (Sunday)**
  
  Running XGBoost prop model on pitcher K-rate, batter contact, park factors, and weather. 13 edges found today.
  
  **Season Record (props):** 59-48 (55.1% WR, +0.0u)
  
  ---
  
  **🎯 Pitcher Strikeouts**
  
  | Player | Bet | Odds | Edge | Book |
  |--------|-----|------|------|------|
  | Merrill Kelly | UNDER Strikeouts 5.5 | -180 | +30.6% (proj: 3.6) | theScore Bet |
  | Spencer Miles | OVER Strikeouts 3.5 | -130 | +18.6% (proj: 5.3) | Hard Rock Bet |
  | Nick Lodolo | UNDER Strikeouts 7.5 | -500 | +17.7% (proj: 4.7) | BetRivers |
  | Yoshinobu Yamamoto | UNDER Strikeouts 7.5 | -375 | +17.2% (proj: 5.3) | theScore Bet |
  | Robbie Ray | UNDER Strikeouts 6.5 | -360 | +16.9% (proj: 4.4) | betPARX |
  | Shane McClanahan | UNDER Strikeouts 7.5 | -345 | +16.7% (proj: 5.3) | betPARX |
  | Zack Littell | UNDER Strikeouts 4.5 | -375 | +16.4% (proj: 3.0) | theScore Bet |
  | Michael Wacha | UNDER Strikeouts 5.5 | -180 | +15.2% (proj: 4.6) | theScore Bet |
  
  ---
  
  **How the prop model works:** Projects pitcher strikeout totals using K/9, opposing team K%, umpire tendencies, and ballpark factors. Batter props use wOBA, hard-hit rate, and matchup data vs. starter handedness.
  
  All picks logged before first pitch. Verified record in post history.
  
  *Not financial advice. Bet responsibly. 21+*

  ── Reddit Potd ────────────────────────────────────────────────────────

  **ChefTonyBets AI — Pick of the Day · 5/31/26 (Sunday)**
  
  **Sport:** MLB
  **Pick:** Toronto Blue Jays Moneyline +110 @ Fanatics
  **Event:** Toronto Blue Jays
  **Bet Size:** 1.0 units
  
  ---
  
  **Model Edge:** +18.3% (model: 0.0% vs market: 47.6%)
  **Season Record:** 59-48 (55.1% WR, +0.0u)
  
  ---
  
  **About the Model**
  
  XGBoost + Pythagorean expectation ensemble trained on 10 years of MLB/NBA data. Walk-forward validated on held-out seasons. Edges calculated by comparing model win probability to sportsbook implied probability after vig removal. Kelly criterion used for sizing.
  
  The model runs daily before first pitch/tip-off. All picks are timestamped and logged publicly — you can verify the record at any point. No retroactive changes.
  
  This pick was selected as POTD because it has the highest positive expected value among today's plays within the -200/+200 odds requirement.
  
  ---
  
  *Not financial advice. Bet responsibly. 21+*

  ── NRFI / YRFI ────────────────────────────────────────────────────────

  First pitch edge. Model projects first-inning run probability for every game.
  
  May 31 NRFI / YRFI Plays 🎯
  ━━━━━━━━━━━━━━━
  🔒 Philadelphia Phillies @ Los Angeles Dodgers — NRFI +112 +18.8% edge [FanDuel]
  📌 New York Yankees @ Athletics — NRFI +118 +18.6% edge [FanDuel]
  📌 San Francisco Giants @ Colorado Rockies — NRFI +120 +16.6% edge [BetMGM]
  • Toronto Blue Jays @ Baltimore Orioles — NRFI -125 +14.8% edge [BetMGM]
  • Atlanta Braves @ Cincinnati Reds — NRFI -118 +13.0% edge [BetMGM]
  ━━━━━━━━━━━━━━━
  
  Model uses pitcher ERA, K/9 rate, and last 10 starts to project first-inning run probability for both teams. NRFI = neither team scores in the 1st.
  
  Not financial advice. Bet responsibly. 21+
  
  #sportsbetting #mlbpicks #baseballbetting #bettingtips #freepicks #bettingcommunity #sharpbetting #valuebet #edgebetting #mlbodds #nrfi #yrfi #firstinning #nrfibets #mlbprops

  ── MONEYLINE PICKS ────────────────────────────────────────────────────

  Model just finished processing today's lines. Here's the output:
  
  May 31 MLB Picks 🔥
  ━━━━━━━━━━━━━━━
  🔒 Toronto Blue Jays +110 — +18% edge [Fanatics]
  📌 Chicago Cubs -103 — +17% edge [DraftKings]
  📌 Boston Red Sox +100 — +16% edge [theScore Bet]
  • Kansas City Royals -102 — +16% edge [FanDuel]
  • Minnesota Twins +135 — +16% edge [Fanatics]
  ━━━━━━━━━━━━━━━
  
  All picks generated by our ensemble model (XGBoost + Pythagorean). We track every result publicly — link in bio.
  
  Not financial advice. Bet responsibly. 21+
  
  #sportsbetting #mlbpicks #baseballbetting #bettingtips #freepicks #bettingcommunity #sharpbetting #valuebet #edgebetting #mlbodds

  ── PROPS ──────────────────────────────────────────────────────────────

  Today's player props with model edge — pitcher Ks, hits, and more.
  
  May 31 Player Props 🧮
  ━━━━━━━━━━━━━━━
  ⚡ Strikeouts:
    • Merrill Kelly UNDER 5.5 Ks (proj 3.6) -180 [theScore Bet]
    • Spencer Miles OVER 3.5 Ks (proj 5.3) -130 [Hard Rock Bet]
    • Nick Lodolo UNDER 7.5 Ks (proj 4.7) -500 [BetRivers]
  ━━━━━━━━━━━━━━━
  
  Model projects expected Ks using pitcher K/9 rate, last 10 starts, and opposing lineup OPS. We only post when we find real edge vs the book line.
  
  Full slate in the props card above. Swipe for game picks 👆
  
  Not financial advice. Bet responsibly. 21+
  
  #sportsbetting #mlbpicks #baseballbetting #bettingtips #freepicks #bettingcommunity #sharpbetting #valuebet #edgebetting #mlbodds #playerpropbets #propbets #mlbprops #strikeoutprop #nhlpicks

  ── TOTALS ─────────────────────────────────────────────────────────────

  Model just finished processing today's lines. Here's the output:
  
  May 31 MLB Picks 🔥
  ━━━━━━━━━━━━━━━
  🔒 OVER 7.5 (Milwaukee Brewers @ Houston Astros) -105 — +3.6 run edge [Fliff]
  📌 UNDER 10.5 (New York Yankees @ Athletics) -102 — +2.2 run edge [DraftKings]
  📌 OVER 8.5 (Toronto Blue Jays @ Baltimore Orioles) +105 — +2.0 run edge [theScore Bet]
  • OVER 8.5 (Atlanta Braves @ Cincinnati Reds) -114 — +1.3 run edge [betPARX]
  • OVER 7.5 (Minnesota Twins @ Pittsburgh Pirates) -110 — +1.3 run edge [Fliff]
  ━━━━━━━━━━━━━━━
  
  All picks generated by our ensemble model (XGBoost + Pythagorean). We track every result publicly — link in bio.
  
  Not financial advice. Bet responsibly. 21+
  
  #sportsbetting #mlbpicks #baseballbetting #bettingtips #freepicks #bettingcommunity #sharpbetting #valuebet #edgebetting #mlbodds

  ── RUN LINE ───────────────────────────────────────────────────────────

  Model just finished processing today's lines. Here's the output:
  
  May 31 MLB Picks 🔥
  ━━━━━━━━━━━━━━━
  🔒 Washington Nationals (San Diego Padres @ Washington Nationals) -156 — +2.6 run edge [DraftKings]
  📌 Colorado Rockies (San Francisco Giants @ Colorado Rockies) -150 — +2.6 run edge [Bally Bet]
  📌 Miami Marlins (Miami Marlins @ New York Mets) -160 — +0.8 run edge [Caesars]
  ━━━━━━━━━━━━━━━
  
  All picks generated by our ensemble model (XGBoost + Pythagorean). We track every result publicly — link in bio.
  
  Not financial advice. Bet responsibly. 21+
  
  #sportsbetting #mlbpicks #baseballbetting #bettingtips #freepicks #bettingcommunity #sharpbetting #valuebet #edgebetting #mlbodds

────────────────────────────────────────────────────────────────────────
  NBA
  Source: output/picks/basketball_nba/20260531
────────────────────────────────────────────────────────────────────────

  ── Instagram ──────────────────────────────────────────────────────────

  NBA — May 31 PICKS
  
  BEST BET
  OVER 218.5  -105 @ theScore Bet
  Model edge: +14.9%
  New York Knicks @ San Antonio Spurs
  
  Season 116-73 (61.4% WR, +38.3u)
  Picks timestamped before first pitch. Record in bio.
  
  Not financial advice. Bet responsibly. 21+
  
  #NBA #NBAPlayoffs #sportsbetting #NBApicks #sharpbetting #valuebet #edgebetting #DraftKings #FanDuel #BetMGM #bettingmodel #freepicks #dailypicks #NBAPlayoffs2026

  ── X / Twitter ────────────────────────────────────────────────────────

  NBA — May 31 | BEST BET
  OVER 218.5 (Knicks @ Spurs)  -105 @theScoreBet
  Model edge: +14.9%
  Season 116-73 (61.4% WR, +38.3u)
  Not financial advice. Bet responsibly. 21+  #NBAPlayoffs #sportsbetting

  ── Reddit ─────────────────────────────────────────────────────────────

  **ChefTonyBets AI Model — NBA PLAYOFFS MAY 31, 2026**
  
  Running XGBoost on NBA efficiency ratings (ORtg/DRtg/Pace). Walk-forward validated on 2015-2026 games. All picks logged with timestamp before tip-off.
  
  ---
  
  **Season 116-73 (61.4% WR, +38.3u)**
  
  **🔒 Totals (model's strongest market)**
  
  | Game | Bet | Odds | Edge | Book |
  |------|-----|------|------|------|
  | New York Knicks @ San Antonio Spurs | OVER 218.5 | -105 | +14.9% | theScore Bet |
  
  **Other Edges**
  
  | Bet | Odds | Edge | Book |
  |-----|------|------|------|
  | San Antonio Spurs | -195 | +3.5% | theScore Bet |
  
  ---
  
  *Results posted daily. All picks logged before game time. No paid shills.*
  
  *Not financial advice. Bet responsibly. 21+*

  ── Reddit Nba Picks ───────────────────────────────────────────────────

  **ChefTonyBets AI — NBA Picks · 5/31/26 (Sunday)**
  
  XGBoost on ORtg/DRtg/Pace efficiency ratings | **Season: 53-25 (67.9% WR, +0.0u)**
  
  All picks timestamped before tip-off. Verified record in post history.
  
  ---
  
  **🏀 Moneyline**
  
  | Pick | Odds | Edge | Book |
  |------|------|------|------|
  | San Antonio Spurs (New York Knicks @ San Antonio Spurs) | -195 | +3.5% | theScore Bet |
  
  **📊 Totals (O/U)**
  
  | Game | Bet | Edge | Book |
  |------|-----|------|------|
  | New York Knicks @ San Antonio Spurs | OVER  -105 | +14.9% | theScore Bet |
  
  ---
  
  **Model overview:** Trains on 10 years of NBA box scores. Features: offensive/defensive rating, pace, rest advantage, travel, home court, lineup injury adjustments. Walk-forward validated — no look-ahead bias. Edge = model probability minus sportsbook implied after vig removal.
  
  Drop any questions below.
  
  *Not financial advice. Bet responsibly. 21+*

  ── Reddit Potd ────────────────────────────────────────────────────────

  **ChefTonyBets AI — Pick of the Day · 5/31/26 (Sunday)**
  
  **Sport:** NBA
  **Pick:** OVER 218.5 TOTAL -105 @ theScore Bet
  **Event:** New York Knicks @ San Antonio Spurs
  **Bet Size:** 1.0 units
  
  ---
  
  **Model Edge:** +14.9% (model: 0.0% vs market: 51.2%)
  **Season Record:** 53-25 (67.9% WR, +0.0u)
  
  ---
  
  **About the Model**
  
  XGBoost + Pythagorean expectation ensemble trained on 10 years of MLB/NBA data. Walk-forward validated on held-out seasons. Edges calculated by comparing model win probability to sportsbook implied probability after vig removal. Kelly criterion used for sizing.
  
  The model runs daily before first pitch/tip-off. All picks are timestamped and logged publicly — you can verify the record at any point. No retroactive changes.
  
  This pick was selected as POTD because it has the highest positive expected value among today's plays within the -200/+200 odds requirement.
  
  ---
  
  *Not financial advice. Bet responsibly. 21+*

  ── MONEYLINE PICKS ────────────────────────────────────────────────────

  NBA picks are live. Backed by efficiency ratings, not opinions 💡
  
  May 31 NBA PLAYOFFS Picks 🔥
  ━━━━━━━━━━━━━━━
  🔒 OVER 218.5 (NEW vs SAN) -105 — +14.9% edge [theScore Bet]
  📌 San Antonio Spurs ML -195 — +3.5% edge [theScore Bet]
  ━━━━━━━━━━━━━━━
  
  Picks generated by our efficiency-rating model (ORtg/DRtg/Pace). We track every result publicly — link in bio.
  
  Not financial advice. Bet responsibly. 21+
  
  #NBA #NBAPlayoffs #sportsbetting #NBApicks #NBATwitter #sharpbetting #valuebet #edgebetting #NBAPlayoffs2026 #playoffs #NBAplayoff

  ── PROPS ──────────────────────────────────────────────────────────────

  Props market moves slower on playoff games. That's where edge hides.
  
  May 31 NBA Player Props 🧮
  ━━━━━━━━━━━━━━━
  💪 Rebounds:
    • Jalen Brunson UNDER 2.5 REB +120 [BetMGM]
  🎯 Assists:
    • OG Anunoby UNDER 1.5 AST +110 [Hard Rock Bet]
  ━━━━━━━━━━━━━━━
  
  Model projects each stat using season averages + opponent defensive rating. Only posts when we find real edge vs the book line.
  
  Swipe for game picks 👆
  
  Not financial advice. Bet responsibly. 21+
  
  #NBA #NBAPlayoffs #sportsbetting #NBApicks #NBATwitter #sharpbetting #valuebet #edgebetting #NBAPlayoffs2026 #playoffs #NBAplayoff #NBApropbets #propbets #NBAprops #pointsprop #reboundsprop

  ── TOTALS ─────────────────────────────────────────────────────────────

  Model projected tonight's totals. These lines are off.
  
  May 31 NBA PLAYOFFS Totals 📊
  ━━━━━━━━━━━━━━━
  🔒 OVER 218.5 (New York Knicks @ San Antonio Spurs) -105 — +14.9% edge [theScore Bet]
  ━━━━━━━━━━━━━━━
  
  Pace + ORtg/DRtg model projects the final score of every game. Only posting where we find edge.
  
  Not financial advice. Bet responsibly. 21+
  
  #NBA #NBAPlayoffs #sportsbetting #NBApicks #NBATwitter #sharpbetting #valuebet #edgebetting #NBAPlayoffs2026 #playoffs #NBAplayoff #NBAtotals #NBAovers #NBAunders

════════════════════════════════════════════════════════════════════════


════════════════════════════════════════════════════════════════════════
  CAPTIONS — JUNE 02, 2026
════════════════════════════════════════════════════════════════════════

────────────────────────────────────────────────────────────────────────
  MLB
  Source: output/picks/baseball_mlb/20260602
────────────────────────────────────────────────────────────────────────

  ── Instagram ──────────────────────────────────────────────────────────

  MLB — Jun 02 PICKS
  
  BEST BET
  OVER 9.0  -105 @ Fanatics
  Model edge: +3.5%
  Miami Marlins @ Washington Nationals
  
  Also:
  - Arizona Diamondbacks (Dodgers @ Diamondbacks)  -155 @ Fanatics  |  +2.6%
  - OVER 8.0 (Sox @ Twins)  +105 @ theScore Bet  |  +2.1%
  
  Season 120-78 (60.6% WR, +37.2u)
  Picks timestamped before first pitch. Record in bio.
  
  Not financial advice. Bet responsibly. 21+
  
  #MLB #MLBpicks #sportsbetting #baseballbetting #sharpbetting #valuebet #totals #DraftKings #FanDuel #BetMGM #edgebetting #bettingmodel #freepicks #dailypicks #sportsbettingtips

  ── X / Twitter ────────────────────────────────────────────────────────

  MLB — Jun 02 | BEST BET
  OVER 9.0 (Marlins @ Nationals)  -105 @Fanatics
  Model edge: +3.5%
  Season 120-78 (60.6% WR, +37.2u)
  Not financial advice. Bet responsibly. 21+  #MLB #sportsbetting
  
  ---
  
  Full card:
  - Arizona Diamondbacks  -155 @Fanatics  (+2.6%)
  - OVER 8.0  +105 @theScoreBet  (+2.1%)
  - OVER 9.0  +115 @theScoreBet  (+1.4%)

  ── Reddit ─────────────────────────────────────────────────────────────

  **ChefTonyBets AI Model — MLB JUNE 02, 2026**
  
  Running XGBoost + Pythagorean ensemble on MLB team stats. All picks logged with timestamp before first pitch.
  
  ---
  
  **Season 120-78 (60.6% WR, +37.2u)**
  
  **🔒 Totals (model's strongest market)**
  
  | Game | Bet | Odds | Edge | Book |
  |------|-----|------|------|------|
  | Miami Marlins @ Washington Nationals | OVER 9.0 | -105 | +3.5% | Fanatics |
  | Chicago White Sox @ Minnesota Twins | OVER 8.0 | +105 | +2.1% | theScore Bet |
  | Kansas City Royals @ Cincinnati Reds | OVER 9.0 | +115 | +1.4% | theScore Bet |
  | Texas Rangers @ St. Louis Cardinals | OVER 7.0 | +120 | +1.1% | theScore Bet |
  
  **Other Edges**
  
  | Bet | Odds | Edge | Book |
  |-----|------|------|------|
  | New York Mets | +130 | +15.8% | FanDuel |
  | Texas Rangers | -110 | +15.2% | FanDuel |
  | Detroit Tigers | +120 | +15.0% | Fanatics |
  | Athletics | +110 | +12.8% | BetRivers |
  
  ---
  
  *Results posted daily. All picks logged before game time. No paid shills.*
  
  *Not financial advice. Bet responsibly. 21+*

  ── Parlay Instagram ───────────────────────────────────────────────────

  ⚾ Jun 02 SAME-GAME PARLAY — MLB
  
  🎰 4-Leg SAME-GAME PARLAY on BETFAIR
  Combined odds: +1758  |  $100 wins $1,758
  
    1. Colorado Rockies ML +148
    2. Los Angeles Dodgers ML -111
    3. Chicago White Sox ML -114
    4. Toronto Blue Jays ML +110
  
  Not financial advice. Bet responsibly. 21+
  
  #MLB #sportsbetting #MLBpicks #parlay #sharpbetting #valuebet #DraftKings #FanDuel #BetMGM #bettingmodel

  ── Parlay Reddit ──────────────────────────────────────────────────────

  **ChefTonyBets AI — MLB SAME-GAME PARLAY · JUNE 02, 2026**
  
  AI model identified 4 correlated edges — built into a 4-leg same-game parlay on **BETFAIR**.
  
  **Combined odds: +1758** | $100 wins **$1,758**
  
  | # | Bet | Odds |
  |---|-----|------|
  | 1 | Colorado Rockies ML +148 | +148 |
  | 2 | Los Angeles Dodgers ML -111 | -111 |
  | 3 | Chicago White Sox ML -114 | -114 |
  | 4 | Toronto Blue Jays ML +110 | +110 |
  
  ---
  
  *All picks timestamped before tip-off/first pitch. Results posted daily.*
  
  *Not financial advice. Bet responsibly. 21+*

  ── Parlay Twitter ─────────────────────────────────────────────────────

  ⚾ Jun 02 | 4-LEG SAME-GAME PARLAY · MLB
  🔒 Colorado Rockies ML +148
  🔒 Los Angeles Dodgers ML -111
  🔒 Chicago White Sox ML -114
  🔒 Toronto Blue Jays ML +110
  Combined: +1758  ($100 → $1,758)
  Not financial advice. Bet responsibly. 21+  #MLB #parlay
  
  ---
  
  👇 Place this parlay on BETFAIR!

  ── Reddit Mlb Picks ───────────────────────────────────────────────────

  **ChefTonyBets AI — MLB Picks · 6/2/26 (Tuesday)**
  
  XGBoost + Pythagorean ensemble | Walk-forward validated | **Season: 63-53 (54.3% WR, +0.0u)**
  
  All picks timestamped before first pitch. No retroactive edits.
  
  ---
  
  **💰 Moneyline Edges**
  
  | Game | Odds | Edge | Book |
  |------|------|------|------|
  | Miami Marlins vs  | +100 | +18.2% | Hard Rock Bet (OH) |
  | Colorado Rockies vs  | +148 | +18.6% | Betfair |
  | New York Mets vs  | +130 | +15.8% | FanDuel |
  | Texas Rangers vs  | -110 | +15.2% | FanDuel |
  | Detroit Tigers vs  | +120 | +15.0% | Fanatics |
  
  **⚡ NRFI Plays**
  
  | Game | Bet | Proj% | Book |
  |------|-----|-------|------|
  | Kansas City Royals @ Cincinnati Reds NRFI (Noah Cameron vs Andrew Abbott) | NRFI +106 | 67% | FanDuel |
  | Baltimore Orioles @ Boston Red Sox NRFI (Shane Baz vs Connelly Early) | NRFI -120 | 66% | BetMGM |
  | Toronto Blue Jays @ Atlanta Braves NRFI (Kevin Gausman vs Bryce Elder) | NRFI -125 | 67% | BetMGM |
  | Cleveland Guardians @ New York Yankees NRFI (Joey Cantillo vs Cam Schlittler) | NRFI -130 | 67% | BetMGM |
  | San Diego Padres @ Philadelphia Phillies NRFI (Randy Vásquez vs Aaron Nola) | NRFI -115 | 63% | FanDuel |
  
  ---
  
  **Model overview:** Ensemble of XGBoost (pitcher ERA, FIP, xFIP, bullpen REST, lineup wRC+) and Pythagorean expectation. Edge = model win prob minus sportsbook implied prob after vig removal. Only plays where both methods agree are posted as card picks.
  
  Drop questions in the comments — happy to explain any pick.
  
  *Not financial advice. Bet responsibly. 21+*

  ── Reddit Mlb Props ───────────────────────────────────────────────────

  **ChefTonyBets AI — MLB Props · 6/2/26 (Tuesday)**
  
  Running XGBoost prop model on pitcher K-rate, batter contact, park factors, and weather. 11 edges found today.
  
  **Season Record (props):** 63-53 (54.3% WR, +0.0u)
  
  ---
  
  **🎯 Pitcher Strikeouts**
  
  | Player | Bet | Odds | Edge | Book |
  |--------|-----|------|------|------|
  | Andrew Abbott | UNDER Strikeouts 5.5 | -400 | +17.0% (proj: 3.7) | theScore Bet |
  | Steven Matz | UNDER Strikeouts 5.5 | -425 | +14.8% (proj: 3.8) | theScore Bet |
  | Connelly Early | UNDER Strikeouts 6.5 | -220 | +13.8% (proj: 5.3) | theScore Bet |
  | Joey Cantillo | UNDER Strikeouts 5.5 | -260 | +13.6% (proj: 4.2) | theScore Bet |
  | Kevin Gausman | UNDER Strikeouts 6.5 | -260 | +11.8% (proj: 5.2) | theScore Bet |
  | Cam Schlittler | UNDER Strikeouts 7.5 | -275 | +11.4% (proj: 6.1) | theScore Bet |
  | Nathan Eovaldi | UNDER Strikeouts 6.5 | -240 | +11.4% (proj: 5.4) | theScore Bet |
  | Aaron Nola | UNDER Strikeouts 6.5 | -400 | +9.2% (proj: 5.0) | theScore Bet |
  
  ---
  
  **How the prop model works:** Projects pitcher strikeout totals using K/9, opposing team K%, umpire tendencies, and ballpark factors. Batter props use wOBA, hard-hit rate, and matchup data vs. starter handedness.
  
  All picks logged before first pitch. Verified record in post history.
  
  *Not financial advice. Bet responsibly. 21+*

  ── Reddit Potd ────────────────────────────────────────────────────────

  **ChefTonyBets AI — Pick of the Day · 6/2/26 (Tuesday)**
  
  **Sport:** MLB
  **Pick:** Colorado Rockies Moneyline +148 @ Betfair
  **Event:** Colorado Rockies
  **Bet Size:** 1.0 units
  
  ---
  
  **Model Edge:** +18.6% (model: 0.0% vs market: 40.3%)
  **Season Record:** 63-53 (54.3% WR, +0.0u)
  
  ---
  
  **About the Model**
  
  XGBoost + Pythagorean expectation ensemble trained on 10 years of MLB/NBA data. Walk-forward validated on held-out seasons. Edges calculated by comparing model win probability to sportsbook implied probability after vig removal. Kelly criterion used for sizing.
  
  The model runs daily before first pitch/tip-off. All picks are timestamped and logged publicly — you can verify the record at any point. No retroactive changes.
  
  This pick was selected as POTD because it has the highest positive expected value among today's plays within the -200/+200 odds requirement.
  
  ---
  
  *Not financial advice. Bet responsibly. 21+*

  ── NRFI / YRFI ────────────────────────────────────────────────────────

  Starting pitcher K/9 and ERA point to these first-inning plays today.
  
  Jun 2 NRFI / YRFI Plays 🎯
  ━━━━━━━━━━━━━━━
  🔒 Kansas City Royals @ Cincinnati Reds — NRFI +106 +21.2% edge [FanDuel]
  📌 Baltimore Orioles @ Boston Red Sox — NRFI -120 +14.8% edge [BetMGM]
  📌 Toronto Blue Jays @ Atlanta Braves — NRFI -125 +14.6% edge [BetMGM]
  • Cleveland Guardians @ New York Yankees — NRFI -130 +14.2% edge [BetMGM]
  • San Diego Padres @ Philadelphia Phillies — NRFI -115 +12.9% edge [FanDuel]
  ━━━━━━━━━━━━━━━
  
  Model uses pitcher ERA, K/9 rate, and last 10 starts to project first-inning run probability for both teams. NRFI = neither team scores in the 1st.
  
  Not financial advice. Bet responsibly. 21+
  
  #sportsbetting #mlbpicks #baseballbetting #bettingtips #freepicks #positiveev #kellycriterion #bettingmodel #AIbetting #datadrivenbetting #nrfi #yrfi #firstinning #nrfibets #mlbprops

  ── MONEYLINE PICKS ────────────────────────────────────────────────────

  AI ran the numbers on today's slate. These 5 games have edge.
  
  Jun 2 MLB Picks 🔥
  ━━━━━━━━━━━━━━━
  🔒 Miami Marlins +100 — +18% edge [Hard Rock Bet (OH)]
  📌 Colorado Rockies +148 — +19% edge [Betfair]
  📌 New York Mets +130 — +16% edge [FanDuel]
  • Texas Rangers -110 — +15% edge [FanDuel]
  • Detroit Tigers +120 — +15% edge [Fanatics]
  ━━━━━━━━━━━━━━━
  
  All picks generated by our ensemble model (XGBoost + Pythagorean). We track every result publicly — link in bio.
  
  Not financial advice. Bet responsibly. 21+
  
  #sportsbetting #mlbpicks #baseballbetting #bettingtips #freepicks #positiveev #kellycriterion #bettingmodel #AIbetting #datadrivenbetting

  ── PROPS ──────────────────────────────────────────────────────────────

  The props market moves slower than moneylines. That's where edge hides.
  
  Jun 2 Player Props 🧮
  ━━━━━━━━━━━━━━━
  ⚡ Strikeouts:
    • Andrew Abbott UNDER 5.5 Ks (proj 3.7) -400 [theScore Bet]
    • Steven Matz UNDER 5.5 Ks (proj 3.8) -425 [theScore Bet]
    • Connelly Early UNDER 6.5 Ks (proj 5.3) -220 [theScore Bet]
  ━━━━━━━━━━━━━━━
  
  Model projects expected Ks using pitcher K/9 rate, last 10 starts, and opposing lineup OPS. We only post when we find real edge vs the book line.
  
  Full slate in the props card above. Swipe for game picks 👆
  
  Not financial advice. Bet responsibly. 21+
  
  #sportsbetting #mlbpicks #baseballbetting #bettingtips #freepicks #positiveev #kellycriterion #bettingmodel #AIbetting #datadrivenbetting #playerpropbets #propbets #mlbprops #strikeoutprop #nhlpicks

  ── TOTALS ─────────────────────────────────────────────────────────────

  AI ran the numbers on today's slate. These 5 games have edge.
  
  Jun 2 MLB Picks 🔥
  ━━━━━━━━━━━━━━━
  🔒 OVER 9.0 (Miami Marlins @ Washington Nationals) -105 — +3.5 run edge [Fanatics]
  📌 OVER 8.0 (Chicago White Sox @ Minnesota Twins) +105 — +2.1 run edge [theScore Bet]
  📌 OVER 9.0 (Kansas City Royals @ Cincinnati Reds) +115 — +1.4 run edge [theScore Bet]
  • OVER 7.0 (Texas Rangers @ St. Louis Cardinals) +120 — +1.1 run edge [theScore Bet]
  • UNDER 8.5 (Detroit Tigers @ Tampa Bay Rays) -113 — +1.0 run edge [Bally Bet]
  ━━━━━━━━━━━━━━━
  
  All picks generated by our ensemble model (XGBoost + Pythagorean). We track every result publicly — link in bio.
  
  Not financial advice. Bet responsibly. 21+
  
  #sportsbetting #mlbpicks #baseballbetting #bettingtips #freepicks #positiveev #kellycriterion #bettingmodel #AIbetting #datadrivenbetting

  ── RUN LINE ───────────────────────────────────────────────────────────

  AI ran the numbers on today's slate. These 5 games have edge.
  
  Jun 2 MLB Picks 🔥
  ━━━━━━━━━━━━━━━
  🔒 Arizona Diamondbacks (Los Angeles Dodgers @ Arizona Diamondbacks) -155 — +2.6 run edge [Fanatics]
  📌 San Diego Padres (San Diego Padres @ Philadelphia Phillies) -165 — +2.6 run edge [Hard Rock Bet (OH)]
  ━━━━━━━━━━━━━━━
  
  All picks generated by our ensemble model (XGBoost + Pythagorean). We track every result publicly — link in bio.
  
  Not financial advice. Bet responsibly. 21+
  
  #sportsbetting #mlbpicks #baseballbetting #bettingtips #freepicks #positiveev #kellycriterion #bettingmodel #AIbetting #datadrivenbetting

────────────────────────────────────────────────────────────────────────
  Tennis — Roland-Garros (ATP)
  Source: output/picks/tennis_atp_french_open/20260602
────────────────────────────────────────────────────────────────────────

  ── Instagram ──────────────────────────────────────────────────────────

  🎾 FRENCH OPEN — Jun 02 PICKS
  
  Elo model scanning today's clay court matches.
  
  BEST BET
  Rafael Jodar  +255 @ Draftkings
  Model edge: +18.7%
  Alexander Zverev vs Rafael Jodar
  
  Also liking:
  - Jakub Mensik  +178 @ Draftkings  |  +15.8%
  Picks logged before match time. Record in bio.
  
  Not financial advice. Bet responsibly. 21+
  
  #tennis #sportsbetting #tennisbetting #WTA #valuebet #edgebetting

  ── X / Twitter ────────────────────────────────────────────────────────

  🎾 French Open picks — Jun 02
  Elo model found edge on 2 match(es).
  Rafael Jodar  +255 @DraftKings  edge: +18.7%
  Graded publicly.  Not financial advice. Bet responsibly. 21+  #tennis #sportsbetting
  
  ---
  
  Full card:
  - Jakub Mensik  +178 @DraftKings  (+15.8%)

  ── Reddit ─────────────────────────────────────────────────────────────

  **ChefTonyBets Elo Model — French Open June 02, 2026**
  
  Surface: Clay
  
  Model methodology: Surface-specific Elo ratings built from ATP/WTA match history (Kovalchik 2016 / Angelini 2022 peer-reviewed framework). Ratings updated after every match. Edges calculated vs no-vig implied probability across FanDuel, DraftKings, BetMGM, Caesars, and Bet365.
  
  ---
  
  **Edges today**
  
  | Match | Pick | Odds | Model Prob | Implied Prob | Edge | Book |
  |-------|------|------|------------|--------------|------|------|
  | Alexander Zverev vs Rafael Jodar | Rafael Jodar | +255 | 45.6% | 28.2% | +18.7% | DraftKings |
  | Joao Fonseca vs Jakub Mensik | Jakub Mensik | +178 | 50.0% | 36.0% | +15.8% | DraftKings |
  
  ---
  
  *All picks logged with timestamp before match start. Results posted daily.*
  
  *Not financial advice. Bet responsibly. 21+*

  ── TikTok Script ──────────────────────────────────────────────────────

  [TALKING HEAD — Tennis Picks Jun 02]
  [DURATION: 30-45 seconds]
  
  [HOLD UP PHONE / STAND IN FRONT OF CAMERA]
  
  HOOK (0-5s):
  "My Elo model just found a Clay court edge at French Open. Here's the pick."
  
  [PAUSE]
  
  ELO EXPLAINER (5-15s):
  "So what's an Elo model? Think chess ratings — every tennis player gets a number
  based on who they beat and how. Beat a top-10 guy, your number shoots up.
  Lose to a qualifier, it tanks. My model tracks these ratings by surface,
  because a clay-court Elo and a grass-court Elo are completely different numbers."
  
  [PAUSE]
  
  THE PICK (15-25s):
  "Today's top play: Rafael Jodar +255 at Draftkings.
  My model gives them a +18.7% edge over the book's number.
  That's meaningful on clay — it's a grind-it-out surface where Elo is most predictive."
  
  [SHOW SCREEN — caption or pick card]
  
  CTA (25-35s):
  "Full card's in the caption. Every pick gets logged before match time —
  you can verify the timestamp. Follow for the nightly recap."
  
  [PAUSE]
  
  OUTRO:
  "Not financial advice. Bet responsibly. 21+."
  
  [END]

────────────────────────────────────────────────────────────────────────
  Basketball Wnba
  Source: output/picks/basketball_wnba/20260602
────────────────────────────────────────────────────────────────────────

  ── Instagram ──────────────────────────────────────────────────────────

  NBA — Jun 02 PICKS
  
  BEST BET
  Atlanta Dream  -110 @ FanDuel
  Model edge: +49.8%
  Connecticut Sun @ Atlanta Dream
  
  Also:
  - Golden State Valkyries (Fire @ Valkyries)  -110 @ DraftKings  |  +44.6%
  - Las Vegas Aces (Aces @ Sparks)  -110 @ BetMGM  |  +34.4%
  
  Season 119-78 (60.4% WR, +36.1u)
  Picks timestamped before first pitch. Record in bio.
  
  Not financial advice. Bet responsibly. 21+
  
  #NBA #NBAPlayoffs #sportsbetting #NBApicks #sharpbetting #valuebet #edgebetting #DraftKings #FanDuel #BetMGM #bettingmodel #freepicks #dailypicks #NBAPlayoffs2026

  ── X / Twitter ────────────────────────────────────────────────────────

  NBA — Jun 02 | BEST BET
  Atlanta Dream (Sun @ Dream)  -110 @FanDuel
  Model edge: +49.8%
  Season 119-78 (60.4% WR, +36.1u)
  Not financial advice. Bet responsibly. 21+  #NBAPlayoffs #sportsbetting
  
  ---
  
  Full card:
  - Golden State Valkyries  -110 @DraftKings  (+44.6%)
  - Las Vegas Aces  -110 @BetMGM  (+34.4%)
  - Washington Mystics  -105 @theScoreBet  (+15.4%)

  ── Reddit ─────────────────────────────────────────────────────────────

  **ChefTonyBets AI Model — NBA PLAYOFFS JUNE 02, 2026**
  
  Running XGBoost on NBA efficiency ratings (ORtg/DRtg/Pace). Walk-forward validated on 2015-2026 games. All picks logged with timestamp before tip-off.
  
  ---
  
  **Season 119-78 (60.4% WR, +36.1u)**
  
  **🔒 Totals (model's strongest market)**
  
  | Game | Bet | Odds | Edge | Book |
  |------|-----|------|------|------|
  | Las Vegas Aces @ Los Angeles Sparks | UNDER 176.5 | -110 | +14.4% | DraftKings |
  
  **Other Edges**
  
  | Bet | Odds | Edge | Book |
  |-----|------|------|------|
  | Atlanta Dream | -110 | +49.8% | FanDuel |
  | Golden State Valkyries | -110 | +44.6% | DraftKings |
  | Las Vegas Aces | -110 | +34.4% | BetMGM |
  | Los Angeles Sparks | +260 | +16.3% | DraftKings |
  
  ---
  
  *Results posted daily. All picks logged before game time. No paid shills.*
  
  *Not financial advice. Bet responsibly. 21+*

════════════════════════════════════════════════════════════════════════


════════════════════════════════════════════════════════════════════════
  CAPTIONS — JUNE 05, 2026
════════════════════════════════════════════════════════════════════════

────────────────────────────────────────────────────────────────────────
  MLB
  Source: output/picks/baseball_mlb/20260605
────────────────────────────────────────────────────────────────────────

  ── Instagram ──────────────────────────────────────────────────────────

  MLB — Jun 05 PICKS
  
  BEST BET
  UNDER 11.0  +105 @ theScore Bet
  Model edge: +3.0%
  San Francisco Giants @ Chicago Cubs
  
  Also:
  - OVER 7.5 (Rays @ Marlins)  -101 @ DraftKings  |  +1.8%
  - UNDER 9.0 (Reds @ Cardinals)  +115 @ Hard Rock Bet  |  +1.3%
  
  Season 129-85 (60.3% WR, +40.6u)
  Picks timestamped before first pitch. Record in bio.
  
  Not financial advice. Bet responsibly. 21+
  
  #MLB #MLBpicks #sportsbetting #baseballbetting #sharpbetting #valuebet #totals #DraftKings #FanDuel #BetMGM #edgebetting #bettingmodel #freepicks #dailypicks #sportsbettingtips

  ── X / Twitter ────────────────────────────────────────────────────────

  MLB — Jun 05 | BEST BET
  UNDER 11.0 (Giants @ Cubs)  +105 @theScoreBet
  Model edge: +3.0%
  Season 129-85 (60.3% WR, +40.6u)
  Not financial advice. Bet responsibly. 21+  #MLB #sportsbetting
  
  ---
  
  Full card:
  - OVER 7.5  -101 @DraftKings  (+1.8%)
  - UNDER 9.0  +115 @HardRockBet  (+1.3%)

  ── Reddit ─────────────────────────────────────────────────────────────

  **ChefTonyBets AI Model — MLB JUNE 05, 2026**
  
  Running XGBoost + Pythagorean ensemble on MLB team stats. All picks logged with timestamp before first pitch.
  
  ---
  
  **Season 129-85 (60.3% WR, +40.6u)**
  
  **🔒 Totals (model's strongest market)**
  
  | Game | Bet | Odds | Edge | Book |
  |------|-----|------|------|------|
  | San Francisco Giants @ Chicago Cubs | UNDER 11.0 | +105 | +3.0% | theScore Bet |
  | Tampa Bay Rays @ Miami Marlins | OVER 7.5 | -101 | +1.8% | DraftKings |
  | Cincinnati Reds @ St. Louis Cardinals | UNDER 9.0 | +115 | +1.3% | Hard Rock Bet |
  
  **Other Edges**
  
  | Bet | Odds | Edge | Book |
  |-----|------|------|------|
  | Boston Red Sox | +125 | +14.8% | theScore Bet |
  | Seattle Mariners | -120 | +14.7% | Caesars |
  | New York Mets | +110 | +13.6% | theScore Bet |
  | Washington Nationals | +116 | +11.0% | FanDuel |
  
  ---
  
  *Results posted daily. All picks logged before game time. No paid shills.*
  
  *Not financial advice. Bet responsibly. 21+*

  ── Parlay Instagram ───────────────────────────────────────────────────

  ⚾ Jun 05 SAME-GAME PARLAY — MLB
  
  🎰 3-Leg SAME-GAME PARLAY on FanDuel
  Combined odds: +659  |  $100 wins $659
  
    1. Washington Nationals ML +116
    2. Kansas City Royals ML +100
    3. Cleveland Guardians ML -132
  
  🎁 New to FanDuel? Sign up & bet $5+ → get $50 in Bonus Bets
  👉 Sign up link in bio 🔗
  
  Not financial advice. Bet responsibly. 21+
  
  #MLB #sportsbetting #MLBpicks #parlay #sharpbetting #valuebet #DraftKings #FanDuel #BetMGM #bettingmodel

  ── Parlay Reddit ──────────────────────────────────────────────────────

  **ChefTonyBets AI — MLB SAME-GAME PARLAY · JUNE 05, 2026**
  
  AI model identified 3 correlated edges — built into a 3-leg same-game parlay on **FanDuel**.
  
  **Combined odds: +659** | $100 wins **$659**
  
  | # | Bet | Odds |
  |---|-----|------|
  | 1 | Washington Nationals ML +116 | +116 |
  | 2 | Kansas City Royals ML +100 | +100 |
  | 3 | Cleveland Guardians ML -132 | -132 |
  
  **Sign up via my referral (FanDuel):** Sign up & bet $5+ → get $50 in Bonus Bets — [Sign up here](https://fndl.co/92pew6d)
  
  ---
  
  *All picks timestamped before tip-off/first pitch. Results posted daily.*
  
  *Not financial advice. Bet responsibly. 21+*

  ── Parlay Twitter ─────────────────────────────────────────────────────

  ⚾ Jun 05 | 3-LEG SAME-GAME PARLAY · MLB
  🔒 Washington Nationals ML +116
  🔒 Kansas City Royals ML +100
  🔒 Cleveland Guardians ML -132
  Combined: +659  ($100 → $659)
  Not financial advice. Bet responsibly. 21+  #MLB #parlay
  
  ---
  
  👇 New to FanDuel? Sign up & bet $5+ → get $50 in Bonus Bets
  Sign up with my link: https://fndl.co/92pew6d

  ── Reddit Mlb Picks ───────────────────────────────────────────────────

  **ChefTonyBets AI — MLB Picks · 6/5/26 (Friday)**
  
  XGBoost + Pythagorean ensemble | Walk-forward validated | **Season: 72-56 (56.2% WR, +0.0u)**
  
  All picks timestamped before first pitch. No retroactive edits.
  
  ---
  
  **💰 Moneyline Edges**
  
  | Game | Odds | Edge | Book |
  |------|------|------|------|
  | New York Mets vs  | +110 | +13.6% | theScore Bet |
  | Boston Red Sox vs  | +125 | +14.8% | theScore Bet |
  | Seattle Mariners vs  | -120 | +14.7% | Caesars |
  | Baltimore Orioles vs  | +132 | +14.5% | Bally Bet |
  | Washington Nationals vs  | +116 | +11.0% | FanDuel |
  
  **⚡ NRFI Plays**
  
  | Game | Bet | Proj% | Book |
  |------|-----|-------|------|
  | Chicago White Sox @ Philadelphia Phillies NRFI (Anthony Kay vs Jesús Luzardo) | NRFI -111 | 67% | FanDuel |
  | San Francisco Giants @ Chicago Cubs NRFI (Robbie Ray vs Edward Cabrera) | NRFI +116 | 61% | FanDuel |
  | Baltimore Orioles @ Toronto Blue Jays NRFI (Brandon Young vs Trey Yesavage) | NRFI -113 | 67% | FanDuel |
  | Boston Red Sox @ New York Yankees NRFI (Sonny Gray vs Ryan Weathers) | NRFI -115 | 67% | FanDuel |
  | Pittsburgh Pirates @ Atlanta Braves NRFI (Mitch Keller vs Martín Pérez) | NRFI -118 | 63% | BetMGM |
  
  ---
  
  **Model overview:** Ensemble of XGBoost (pitcher ERA, FIP, xFIP, bullpen REST, lineup wRC+) and Pythagorean expectation. Edge = model win prob minus sportsbook implied prob after vig removal. Only plays where both methods agree are posted as card picks.
  
  Drop questions in the comments — happy to explain any pick.
  
  *Not financial advice. Bet responsibly. 21+*

  ── Reddit Mlb Props ───────────────────────────────────────────────────

  **ChefTonyBets AI — MLB Props · 6/5/26 (Friday)**
  
  Running XGBoost prop model on pitcher K-rate, batter contact, park factors, and weather. 7 edges found today.
  
  **Season Record (props):** 72-56 (56.2% WR, +0.0u)
  
  ---
  
  **🎯 Pitcher Strikeouts**
  
  | Player | Bet | Odds | Edge | Book |
  |--------|-----|------|------|------|
  | Mitch Keller | UNDER Strikeouts 5.5 | -260 | +15.2% (proj: 4.1) | theScore Bet |
  | Framber Valdez | UNDER Strikeouts 5.5 | -200 | +14.5% (proj: 4.5) | theScore Bet |
  | Trey Yesavage | UNDER Strikeouts 7.5 | -375 | +9.0% (proj: 6.0) | theScore Bet |
  | Sonny Gray | UNDER Strikeouts 6.5 | -325 | +8.5% (proj: 5.2) | theScore Bet |
  | Anthony Kay | UNDER Strikeouts 5.5 | -425 | +6.4% (proj: 4.3) | theScore Bet |
  | Robbie Ray | UNDER Strikeouts 4.5 | +104 | +6.0% (proj: 4.9) | FanDuel |
  | Drew Rasmussen | UNDER Strikeouts 5.5 | -250 | +5.6% (proj: 4.8) | theScore Bet |
  
  ---
  
  **How the prop model works:** Projects pitcher strikeout totals using K/9, opposing team K%, umpire tendencies, and ballpark factors. Batter props use wOBA, hard-hit rate, and matchup data vs. starter handedness.
  
  All picks logged before first pitch. Verified record in post history.
  
  *Not financial advice. Bet responsibly. 21+*

  ── Reddit Potd ────────────────────────────────────────────────────────

  **ChefTonyBets AI — Pick of the Day · 6/5/26 (Friday)**
  
  **Sport:** MLB
  **Pick:** Boston Red Sox Moneyline +125 @ theScore Bet
  **Event:** Boston Red Sox
  **Bet Size:** 1.0 units
  
  ---
  
  **Model Edge:** +14.8% (model: 0.0% vs market: 44.4%)
  **Season Record:** 72-56 (56.2% WR, +0.0u)
  
  ---
  
  **About the Model**
  
  XGBoost + Pythagorean expectation ensemble trained on 10 years of MLB/NBA data. Walk-forward validated on held-out seasons. Edges calculated by comparing model win probability to sportsbook implied probability after vig removal. Kelly criterion used for sizing.
  
  The model runs daily before first pitch/tip-off. All picks are timestamped and logged publicly — you can verify the record at any point. No retroactive changes.
  
  This pick was selected as POTD because it has the highest positive expected value among today's plays within the -200/+200 odds requirement.
  
  ---
  
  *Not financial advice. Bet responsibly. 21+*

  ── NRFI / YRFI ────────────────────────────────────────────────────────

  NRFI bets hit at 42% historically. Model says these games are above that. 📊
  
  Jun 5 NRFI / YRFI Plays 🎯
  ━━━━━━━━━━━━━━━
  🔒 Chicago White Sox @ Philadelphia Phillies — NRFI -111 +17.7% edge [FanDuel]
  📌 San Francisco Giants @ Chicago Cubs — NRFI +116 +17.7% edge [FanDuel]
  📌 Baltimore Orioles @ Toronto Blue Jays — NRFI -113 +17.2% edge [FanDuel]
  • Boston Red Sox @ New York Yankees — NRFI -115 +16.8% edge [FanDuel]
  • Pittsburgh Pirates @ Atlanta Braves — NRFI -118 +11.9% edge [BetMGM]
  ━━━━━━━━━━━━━━━
  
  Model uses pitcher ERA, K/9 rate, and last 10 starts to project first-inning run probability for both teams. NRFI = neither team scores in the 1st.
  
  Not financial advice. Bet responsibly. 21+
  
  #sportsbetting #mlbpicks #baseballbetting #bettingtips #freepicks #positiveev #kellycriterion #bettingmodel #AIbetting #datadrivenbetting #nrfi #yrfi #firstinning #nrfibets #mlbprops

  ── MONEYLINE PICKS ────────────────────────────────────────────────────

  Today's slate is live. Model flagged these 5 as best value.
  
  Jun 5 MLB Picks 🔥
  ━━━━━━━━━━━━━━━
  🔒 New York Mets +110 — +14% edge [theScore Bet]
  📌 Boston Red Sox +125 — +15% edge [theScore Bet]
  📌 Seattle Mariners -120 — +15% edge [Caesars]
  • Baltimore Orioles +132 — +14% edge [Bally Bet]
  • Washington Nationals +116 — +11% edge [FanDuel]
  ━━━━━━━━━━━━━━━
  
  All picks generated by our ensemble model (XGBoost + Pythagorean). We track every result publicly — link in bio.
  
  Not financial advice. Bet responsibly. 21+
  
  #sportsbetting #mlbpicks #baseballbetting #bettingtips #freepicks #positiveev #kellycriterion #bettingmodel #AIbetting #datadrivenbetting

  ── PROPS ──────────────────────────────────────────────────────────────

  Sportsbooks mispriced these props today. We found them first.
  
  Jun 5 Player Props 🧮
  ━━━━━━━━━━━━━━━
  ⚡ Strikeouts:
    • Mitch Keller UNDER 5.5 Ks (proj 4.1) -260 [theScore Bet]
    • Framber Valdez UNDER 5.5 Ks (proj 4.5) -200 [theScore Bet]
    • Trey Yesavage UNDER 7.5 Ks (proj 6.0) -375 [theScore Bet]
  ━━━━━━━━━━━━━━━
  
  Model projects expected Ks using pitcher K/9 rate, last 10 starts, and opposing lineup OPS. We only post when we find real edge vs the book line.
  
  Full slate in the props card above. Swipe for game picks 👆
  
  Not financial advice. Bet responsibly. 21+
  
  #sportsbetting #mlbpicks #baseballbetting #bettingtips #freepicks #positiveev #kellycriterion #bettingmodel #AIbetting #datadrivenbetting #playerpropbets #propbets #mlbprops #strikeoutprop #nhlpicks

  ── TOTALS ─────────────────────────────────────────────────────────────

  Today's slate is live. Model flagged these 5 as best value.
  
  Jun 5 MLB Picks 🔥
  ━━━━━━━━━━━━━━━
  🔒 UNDER 11.0 (San Francisco Giants @ Chicago Cubs) +105 — +3.0 run edge [theScore Bet]
  📌 OVER 7.5 (Tampa Bay Rays @ Miami Marlins) -101 — +1.8 run edge [DraftKings]
  📌 UNDER 9.0 (Cincinnati Reds @ St. Louis Cardinals) +115 — +1.3 run edge [Hard Rock Bet]
  ━━━━━━━━━━━━━━━
  
  All picks generated by our ensemble model (XGBoost + Pythagorean). We track every result publicly — link in bio.
  
  Not financial advice. Bet responsibly. 21+
  
  #sportsbetting #mlbpicks #baseballbetting #bettingtips #freepicks #positiveev #kellycriterion #bettingmodel #AIbetting #datadrivenbetting

  ── RUN LINE ───────────────────────────────────────────────────────────

  Today's slate is live. Model flagged these 5 as best value.
  
  Jun 5 MLB Picks 🔥
  ━━━━━━━━━━━━━━━
  🔒 Miami Marlins (Tampa Bay Rays @ Miami Marlins) -141 — +2.2 run edge [betPARX]
  ━━━━━━━━━━━━━━━
  
  All picks generated by our ensemble model (XGBoost + Pythagorean). We track every result publicly — link in bio.
  
  Not financial advice. Bet responsibly. 21+
  
  #sportsbetting #mlbpicks #baseballbetting #bettingtips #freepicks #positiveev #kellycriterion #bettingmodel #AIbetting #datadrivenbetting

────────────────────────────────────────────────────────────────────────
  NBA
  Source: output/picks/basketball_nba/20260605
────────────────────────────────────────────────────────────────────────

  ── Instagram ──────────────────────────────────────────────────────────

  NBA — Jun 05 PICKS
  
  BEST BET
  OVER 216.5  -105 @ BetMGM
  Model edge: +15.7%
  New York Knicks @ San Antonio Spurs
  
  Season 129-85 (60.3% WR, +40.6u)
  Picks timestamped before first pitch. Record in bio.
  
  Not financial advice. Bet responsibly. 21+
  
  #NBA #NBAPlayoffs #sportsbetting #NBApicks #sharpbetting #valuebet #edgebetting #DraftKings #FanDuel #BetMGM #bettingmodel #freepicks #dailypicks #NBAPlayoffs2026

  ── X / Twitter ────────────────────────────────────────────────────────

  NBA — Jun 05 | BEST BET
  OVER 216.5 (Knicks @ Spurs)  -105 @BetMGM
  Model edge: +15.7%
  Season 129-85 (60.3% WR, +40.6u)
  Not financial advice. Bet responsibly. 21+  #NBAPlayoffs #sportsbetting

  ── Reddit ─────────────────────────────────────────────────────────────

  **ChefTonyBets AI Model — NBA PLAYOFFS JUNE 05, 2026**
  
  Running XGBoost on NBA efficiency ratings (ORtg/DRtg/Pace). Walk-forward validated on 2015-2026 games. All picks logged with timestamp before tip-off.
  
  ---
  
  **Season 129-85 (60.3% WR, +40.6u)**
  
  **🔒 Totals (model's strongest market)**
  
  | Game | Bet | Odds | Edge | Book |
  |------|-----|------|------|------|
  | New York Knicks @ San Antonio Spurs | OVER 216.5 | -105 | +15.7% | BetMGM |
  
  ---
  
  *Results posted daily. All picks logged before game time. No paid shills.*
  
  *Not financial advice. Bet responsibly. 21+*

  ── Reddit Nba Picks ───────────────────────────────────────────────────

  **ChefTonyBets AI — NBA Picks · 6/5/26 (Friday)**
  
  XGBoost on ORtg/DRtg/Pace efficiency ratings | **Season: 53-26 (67.1% WR, +0.0u)**
  
  All picks timestamped before tip-off. Verified record in post history.
  
  ---
  
  **📊 Totals (O/U)**
  
  | Game | Bet | Edge | Book |
  |------|-----|------|------|
  | New York Knicks @ San Antonio Spurs | OVER  -105 | +15.7% | BetMGM |
  
  ---
  
  **Model overview:** Trains on 10 years of NBA box scores. Features: offensive/defensive rating, pace, rest advantage, travel, home court, lineup injury adjustments. Walk-forward validated — no look-ahead bias. Edge = model probability minus sportsbook implied after vig removal.
  
  Drop any questions below.
  
  *Not financial advice. Bet responsibly. 21+*

  ── Reddit Potd ────────────────────────────────────────────────────────

  **ChefTonyBets AI — Pick of the Day · 6/5/26 (Friday)**
  
  **Sport:** NBA
  **Pick:** OVER 216.5 TOTAL -105 @ BetMGM
  **Event:** New York Knicks @ San Antonio Spurs
  **Bet Size:** 1.0 units
  
  ---
  
  **Model Edge:** +15.7% (model: 0.0% vs market: 51.2%)
  **Season Record:** 53-26 (67.1% WR, +0.0u)
  
  ---
  
  **About the Model**
  
  XGBoost + Pythagorean expectation ensemble trained on 10 years of MLB/NBA data. Walk-forward validated on held-out seasons. Edges calculated by comparing model win probability to sportsbook implied probability after vig removal. Kelly criterion used for sizing.
  
  The model runs daily before first pitch/tip-off. All picks are timestamped and logged publicly — you can verify the record at any point. No retroactive changes.
  
  This pick was selected as POTD because it has the highest positive expected value among today's plays within the -200/+200 odds requirement.
  
  ---
  
  *Not financial advice. Bet responsibly. 21+*

  ── MONEYLINE PICKS ────────────────────────────────────────────────────

  Tonight's NBA slate — algorithm found the best value plays.
  
  Jun 5 NBA PLAYOFFS Picks 🔥
  ━━━━━━━━━━━━━━━
  🔒 OVER 216.5 (NEW vs SAN) -105 — +15.7% edge [BetMGM]
  ━━━━━━━━━━━━━━━
  
  Picks generated by our efficiency-rating model (ORtg/DRtg/Pace). We track every result publicly — link in bio.
  
  Not financial advice. Bet responsibly. 21+
  
  #NBA #NBAPlayoffs #sportsbetting #NBApicks #positiveev #kellycriterion #bettingmodel #AIbetting #NBAPlayoffs2026 #playoffs #NBAplayoff

  ── TOTALS ─────────────────────────────────────────────────────────────

  Model projected tonight's totals. These lines are off.
  
  Jun 5 NBA PLAYOFFS Totals 📊
  ━━━━━━━━━━━━━━━
  🔒 OVER 216.5 (New York Knicks @ San Antonio Spurs) -105 — +15.7% edge [BetMGM]
  ━━━━━━━━━━━━━━━
  
  Pace + ORtg/DRtg model projects the final score of every game. Only posting where we find edge.
  
  Not financial advice. Bet responsibly. 21+
  
  #NBA #NBAPlayoffs #sportsbetting #NBApicks #positiveev #kellycriterion #bettingmodel #AIbetting #NBAPlayoffs2026 #playoffs #NBAplayoff #NBAtotals #NBAovers #NBAunders

────────────────────────────────────────────────────────────────────────
  Tennis — Roland-Garros (ATP)
  Source: output/picks/tennis_atp_french_open/20260605
────────────────────────────────────────────────────────────────────────

  ── Instagram ──────────────────────────────────────────────────────────

  🎾 FRENCH OPEN — Jun 05 PICKS
  
  Elo model scanning today's clay court matches.
  Picks logged before match time. Record in bio.
  
  Not financial advice. Bet responsibly. 21+
  
  #tennis #ATP #WTA #sportsbetting #edgebetting #dailypicks

  ── X / Twitter ────────────────────────────────────────────────────────

  🎾 French Open — Jun 05
  No edges meet threshold today. Watching clay court action.
  Not financial advice. Bet responsibly. 21+

  ── Reddit ─────────────────────────────────────────────────────────────

  **ChefTonyBets Elo Model — French Open June 05, 2026**
  
  Surface: Clay
  
  Model methodology: Surface-specific Elo ratings built from ATP/WTA match history (Kovalchik 2016 / Angelini 2022 peer-reviewed framework). Ratings updated after every match. Edges calculated vs no-vig implied probability across FanDuel, DraftKings, BetMGM, Caesars, and Bet365.
  
  ---
  
  No edges meet minimum threshold today.
  
  ---
  
  *All picks logged with timestamp before match start. Results posted daily.*
  
  *Not financial advice. Bet responsibly. 21+*

  ── TikTok Script ──────────────────────────────────────────────────────

  [TALKING HEAD — Tennis Picks Jun 05]
  [DURATION: 30-45 seconds]
  
  [HOLD UP PHONE / STAND IN FRONT OF CAMERA]
  
  HOOK (0-5s):
  "My Elo model just found a Clay court edge at French Open. Here's the pick."
  
  [PAUSE]
  
  ELO EXPLAINER (5-15s):
  "So what's an Elo model? Think chess ratings — every tennis player gets a number
  based on who they beat and how. Beat a top-10 guy, your number shoots up.
  Lose to a qualifier, it tanks. My model tracks these ratings by surface,
  because a clay-court Elo and a grass-court Elo are completely different numbers."
  
  [PAUSE]
  
  THE PICK (15-25s):
  "Today's top play: no clear edge today  at .
  My model gives them a  edge over the book's number.
  That's meaningful on clay — it's a grind-it-out surface where Elo is most predictive."
  
  [SHOW SCREEN — caption or pick card]
  
  CTA (25-35s):
  "Full card's in the caption. Every pick gets logged before match time —
  you can verify the timestamp. Follow for the nightly recap."
  
  [PAUSE]
  
  OUTRO:
  "Not financial advice. Bet responsibly. 21+."
  
  [END]

────────────────────────────────────────────────────────────────────────
  Basketball Wnba
  Source: output/picks/basketball_wnba/20260605
────────────────────────────────────────────────────────────────────────

  ── Instagram ──────────────────────────────────────────────────────────

  NBA — Jun 05 PICKS
  
  BEST BET
  Chicago Sky  -105 @ Fliff
  Model edge: +46.0%
  Connecticut Sun @ Chicago Sky
  
  Also:
  - Chicago Sky (Sun @ Sky)  -105 @ theScore Bet  |  +43.6%
  - UNDER 178.5 (Wings @ Sparks)  -105 @ theScore Bet  |  +26.2%
  
  Season 129-85 (60.3% WR, +40.6u)
  Picks timestamped before first pitch. Record in bio.
  
  Not financial advice. Bet responsibly. 21+
  
  #NBA #NBAPlayoffs #sportsbetting #NBApicks #sharpbetting #valuebet #edgebetting #DraftKings #FanDuel #BetMGM #bettingmodel #freepicks #dailypicks #NBAPlayoffs2026

  ── X / Twitter ────────────────────────────────────────────────────────

  NBA — Jun 05 | BEST BET
  Chicago Sky (Sun @ Sky)  -105 @Fliff
  Model edge: +46.0%
  Season 129-85 (60.3% WR, +40.6u)
  Not financial advice. Bet responsibly. 21+  #NBAPlayoffs #sportsbetting
  
  ---
  
  Full card:
  - Chicago Sky  -105 @theScoreBet  (+43.6%)
  - UNDER 178.5  -105 @theScoreBet  (+26.2%)
  - Portland Fire  -105 @DraftKings  (+25.8%)

  ── Reddit ─────────────────────────────────────────────────────────────

  **ChefTonyBets AI Model — NBA PLAYOFFS JUNE 05, 2026**
  
  Running XGBoost on NBA efficiency ratings (ORtg/DRtg/Pace). Walk-forward validated on 2015-2026 games. All picks logged with timestamp before tip-off.
  
  ---
  
  **Season 129-85 (60.3% WR, +40.6u)**
  
  **🔒 Totals (model's strongest market)**
  
  | Game | Bet | Odds | Edge | Book |
  |------|-----|------|------|------|
  | Dallas Wings @ Los Angeles Sparks | UNDER 178.5 | -105 | +26.2% | theScore Bet |
  | Dallas Wings @ Los Angeles Sparks | UNDER 179.0 | -114 | +25.5% | BetRivers |
  | Connecticut Sun @ Chicago Sky | UNDER 163.5 | -110 | +14.0% | theScore Bet |
  | Connecticut Sun @ Chicago Sky | UNDER 162.5 | -110 | +12.8% | Fliff |
  | Phoenix Mercury @ Portland Fire | UNDER 162.5 | -110 | +6.1% | BetMGM |
  
  **Other Edges**
  
  | Bet | Odds | Edge | Book |
  |-----|------|------|------|
  | Chicago Sky | -105 | +46.0% | Fliff |
  | Chicago Sky | -105 | +43.6% | theScore Bet |
  | Portland Fire | -105 | +25.8% | DraftKings |
  | Dallas Wings | +100 | +24.4% | theScore Bet |
  
  ---
  
  *Results posted daily. All picks logged before game time. No paid shills.*
  
  *Not financial advice. Bet responsibly. 21+*

════════════════════════════════════════════════════════════════════════


════════════════════════════════════════════════════════════════════════
  CAPTIONS — JUNE 06, 2026
════════════════════════════════════════════════════════════════════════

────────────────────────────────────────────────────────────────────────
  MLB
  Source: output/picks/baseball_mlb/20260606
────────────────────────────────────────────────────────────────────────

  ── Instagram ──────────────────────────────────────────────────────────

  MLB — Jun 06 PICKS
  
  BEST BET
  UNDER 10.0  +105 @ theScore Bet
  Model edge: +50.0%
  Chicago White Sox @ Philadelphia Phillies
  
  Also:
  - Chicago White Sox (Sox @ Phillies)  -170 @ FanDuel  |  +2.6%
  - OVER 7.5 (Giants @ Cubs)  -110 @ Fanatics  |  +2.1%
  
  Season 129-90 (58.9% WR, +35.6u)
  Picks timestamped before first pitch. Record in bio.
  
  Not financial advice. Bet responsibly. 21+
  
  #MLB #MLBpicks #sportsbetting #baseballbetting #sharpbetting #valuebet #totals #DraftKings #FanDuel #BetMGM #edgebetting #bettingmodel #freepicks #dailypicks #sportsbettingtips

  ── X / Twitter ────────────────────────────────────────────────────────

  MLB — Jun 06 | BEST BET
  UNDER 10.0 (Sox @ Phillies)  +105 @theScoreBet
  Model edge: +50.0%
  Season 129-90 (58.9% WR, +35.6u)
  Not financial advice. Bet responsibly. 21+  #MLB #sportsbetting
  
  ---
  
  Full card:
  - Chicago White Sox  -170 @FanDuel  (+2.6%)
  - OVER 7.5  -110 @Fanatics  (+2.1%)
  - UNDER 9.5  -105 @Fanatics  (+1.4%)

  ── Reddit ─────────────────────────────────────────────────────────────

  **ChefTonyBets AI Model — MLB JUNE 06, 2026**
  
  Running XGBoost + Pythagorean ensemble on MLB team stats. All picks logged with timestamp before first pitch.
  
  ---
  
  **Season 129-90 (58.9% WR, +35.6u)**
  
  **🔒 Totals (model's strongest market)**
  
  | Game | Bet | Odds | Edge | Book |
  |------|-----|------|------|------|
  | Chicago White Sox @ Philadelphia Phillies | UNDER 10.0 | +105 | +50.0% | theScore Bet |
  | San Francisco Giants @ Chicago Cubs | OVER 7.5 | -110 | +2.1% | Fanatics |
  | Cincinnati Reds @ St. Louis Cardinals | UNDER 9.5 | -105 | +1.4% | Fanatics |
  | Tampa Bay Rays @ Miami Marlins | OVER 7.5 | -102 | +1.3% | FanDuel |
  | Washington Nationals @ Arizona Diamondbacks | UNDER 9.5 | +100 | +1.2% | FanDuel |
  | Athletics @ Houston Astros | OVER 9.5 | +100 | +1.1% | theScore Bet |
  
  **Other Edges**
  
  | Bet | Odds | Edge | Book |
  |-----|------|------|------|
  | Baltimore Orioles | -108 | +13.7% | FanDuel |
  | Seattle Mariners | -135 | +11.0% | Caesars |
  | Athletics | +100 | +10.5% | Caesars |
  | Pittsburgh Pirates | +100 | +10.4% | theScore Bet |
  
  ---
  
  *Results posted daily. All picks logged before game time. No paid shills.*
  
  *Not financial advice. Bet responsibly. 21+*

  ── Parlay Instagram ───────────────────────────────────────────────────

  ⚾ Jun 06 SAME-GAME PARLAY — MLB
  
  🎰 2-Leg SAME-GAME PARLAY on BETFAIR
  Combined odds: +427  |  $100 wins $427
  
    1. San Francisco Giants ML +144
    2. Cincinnati Reds ML +116
  
  Not financial advice. Bet responsibly. 21+
  
  #MLB #sportsbetting #MLBpicks #parlay #sharpbetting #valuebet #DraftKings #FanDuel #BetMGM #bettingmodel

  ── Parlay Reddit ──────────────────────────────────────────────────────

  **ChefTonyBets AI — MLB SAME-GAME PARLAY · JUNE 06, 2026**
  
  AI model identified 2 correlated edges — built into a 2-leg same-game parlay on **BETFAIR**.
  
  **Combined odds: +427** | $100 wins **$427**
  
  | # | Bet | Odds |
  |---|-----|------|
  | 1 | San Francisco Giants ML +144 | +144 |
  | 2 | Cincinnati Reds ML +116 | +116 |
  
  ---
  
  *All picks timestamped before tip-off/first pitch. Results posted daily.*
  
  *Not financial advice. Bet responsibly. 21+*

  ── Parlay Twitter ─────────────────────────────────────────────────────

  ⚾ Jun 06 | 2-LEG SAME-GAME PARLAY · MLB
  🔒 San Francisco Giants ML +144
  🔒 Cincinnati Reds ML +116
  Combined: +427  ($100 → $427)
  Not financial advice. Bet responsibly. 21+  #MLB #parlay
  
  ---
  
  👇 Place this parlay on BETFAIR!

  ── Reddit Mlb Picks ───────────────────────────────────────────────────

  **ChefTonyBets AI — MLB Picks · 6/6/26 (Saturday)**
  
  XGBoost + Pythagorean ensemble | Walk-forward validated | **Season: 72-60 (54.5% WR, +0.0u)**
  
  All picks timestamped before first pitch. No retroactive edits.
  
  ---
  
  **💰 Moneyline Edges**
  
  | Game | Odds | Edge | Book |
  |------|------|------|------|
  | Baltimore Orioles vs  | -108 | +13.7% | FanDuel |
  | San Francisco Giants vs  | +144 | +12.2% | Betfair |
  | Athletics vs  | +100 | +10.5% | Caesars |
  | Pittsburgh Pirates vs  | +100 | +10.4% | theScore Bet |
  | Chicago White Sox vs  | +122 | +9.6% | GTbets |
  
  **⚡ NRFI Plays**
  
  | Game | Bet | Proj% | Book |
  |------|-----|-------|------|
  | Cincinnati Reds @ St. Louis Cardinals NRFI (Nick Lodolo vs Matthew Liberatore) | NRFI +112 | 64% | FanDuel |
  | Boston Red Sox @ New York Yankees NRFI (Ranger Suarez vs Will Warren) | NRFI -106 | 67% | FanDuel |
  | Chicago White Sox @ Philadelphia Phillies NRFI (Brandon Eisert vs Andrew Painter) | NRFI +112 | 62% | FanDuel |
  | Washington Nationals @ Arizona Diamondbacks NRFI (Zack Littell vs Eduardo Rodriguez) | NRFI +100 | 63% | FanDuel |
  | Tampa Bay Rays @ Miami Marlins NRFI (Shane McClanahan vs Lake Bachar) | NRFI -120 | 67% | FanDuel |
  
  ---
  
  **Model overview:** Ensemble of XGBoost (pitcher ERA, FIP, xFIP, bullpen REST, lineup wRC+) and Pythagorean expectation. Edge = model win prob minus sportsbook implied prob after vig removal. Only plays where both methods agree are posted as card picks.
  
  Drop questions in the comments — happy to explain any pick.
  
  *Not financial advice. Bet responsibly. 21+*

  ── Reddit Mlb Props ───────────────────────────────────────────────────

  **ChefTonyBets AI — MLB Props · 6/6/26 (Saturday)**
  
  Running XGBoost prop model on pitcher K-rate, batter contact, park factors, and weather. 10 edges found today.
  
  **Season Record (props):** 72-60 (54.5% WR, +0.0u)
  
  ---
  
  **🎯 Pitcher Strikeouts**
  
  | Player | Bet | Odds | Edge | Book |
  |--------|-----|------|------|------|
  | Matthew Liberatore | OVER Strikeouts 5.5 | +145 | +19.0% (proj: 6.5) | theScore Bet |
  | Landen Roupp | OVER Strikeouts 5.5 | +140 | +17.9% (proj: 6.4) | theScore Bet |
  | Tatsuya Imai | UNDER Strikeouts 6.5 | -425 | +15.1% (proj: 4.6) | theScore Bet |
  | Nick Lodolo | UNDER Strikeouts 5.5 | -200 | +14.5% (proj: 4.5) | theScore Bet |
  | Eduardo Rodriguez | UNDER Strikeouts 5.5 | -350 | +14.4% (proj: 3.9) | theScore Bet |
  | Tanner Bibee | UNDER Strikeouts 6.5 | -450 | +12.8% (proj: 4.6) | theScore Bet |
  | Andrew Painter | UNDER Strikeouts 5.5 | -425 | +12.7% (proj: 3.9) | theScore Bet |
  | Keider Montero | UNDER Strikeouts 5.5 | -500 | +12.0% (proj: 3.8) | theScore Bet |
  
  ---
  
  **How the prop model works:** Projects pitcher strikeout totals using K/9, opposing team K%, umpire tendencies, and ballpark factors. Batter props use wOBA, hard-hit rate, and matchup data vs. starter handedness.
  
  All picks logged before first pitch. Verified record in post history.
  
  *Not financial advice. Bet responsibly. 21+*

  ── Reddit Potd ────────────────────────────────────────────────────────

  **ChefTonyBets AI — Pick of the Day · 6/6/26 (Saturday)**
  
  **Sport:** MLB
  **Pick:** Baltimore Orioles Moneyline -108 @ FanDuel
  **Event:** Baltimore Orioles
  **Bet Size:** 1.0 units
  
  ---
  
  **Model Edge:** +13.7% (model: 0.0% vs market: 51.9%)
  **Season Record:** 72-60 (54.5% WR, +0.0u)
  
  ---
  
  **About the Model**
  
  XGBoost + Pythagorean expectation ensemble trained on 10 years of MLB/NBA data. Walk-forward validated on held-out seasons. Edges calculated by comparing model win probability to sportsbook implied probability after vig removal. Kelly criterion used for sizing.
  
  The model runs daily before first pitch/tip-off. All picks are timestamped and logged publicly — you can verify the record at any point. No retroactive changes.
  
  This pick was selected as POTD because it has the highest positive expected value among today's plays within the -200/+200 odds requirement.
  
  ---
  
  *Not financial advice. Bet responsibly. 21+*

  ── NRFI / YRFI ────────────────────────────────────────────────────────

  First pitch edge. Model projects first-inning run probability for every game.
  
  Jun 6 NRFI / YRFI Plays 🎯
  ━━━━━━━━━━━━━━━
  🔒 Cincinnati Reds @ St. Louis Cardinals — NRFI +112 +19.5% edge [FanDuel]
  📌 Boston Red Sox @ New York Yankees — NRFI -106 +18.7% edge [FanDuel]
  📌 Chicago White Sox @ Philadelphia Phillies — NRFI +112 +17.1% edge [FanDuel]
  • Washington Nationals @ Arizona Diamondbacks — NRFI +100 +16.1% edge [FanDuel]
  • Tampa Bay Rays @ Miami Marlins — NRFI -120 +15.8% edge [FanDuel]
  ━━━━━━━━━━━━━━━
  
  Model uses pitcher ERA, K/9 rate, and last 10 starts to project first-inning run probability for both teams. NRFI = neither team scores in the 1st.
  
  Not financial advice. Bet responsibly. 21+
  
  #sportsbetting #mlbpicks #baseballbetting #bettingtips #freepicks #baseballpicks #mlbtoday #baseballfan #baseballlife #mlbgames #nrfi #yrfi #firstinning #nrfibets #mlbprops

  ── MONEYLINE PICKS ────────────────────────────────────────────────────

  The algorithm doesn't guess. It found edge on these today 📊
  
  Jun 6 MLB Picks 🔥
  ━━━━━━━━━━━━━━━
  🔒 Baltimore Orioles -108 — +14% edge [FanDuel]
  📌 San Francisco Giants +144 — +12% edge [Betfair]
  📌 Athletics +100 — +10% edge [Caesars]
  • Pittsburgh Pirates +100 — +10% edge [theScore Bet]
  • Chicago White Sox +122 — +10% edge [GTbets]
  ━━━━━━━━━━━━━━━
  
  All picks generated by our ensemble model (XGBoost + Pythagorean). We track every result publicly — link in bio.
  
  Not financial advice. Bet responsibly. 21+
  
  #sportsbetting #mlbpicks #baseballbetting #bettingtips #freepicks #baseballpicks #mlbtoday #baseballfan #baseballlife #mlbgames

  ── PROPS ──────────────────────────────────────────────────────────────

  Today's player props with model edge — pitcher Ks, hits, and more.
  
  Jun 6 Player Props 🧮
  ━━━━━━━━━━━━━━━
  ⚡ Strikeouts:
    • Matthew Liberatore OVER 5.5 Ks (proj 6.5) +145 [theScore Bet]
    • Landen Roupp OVER 5.5 Ks (proj 6.4) +140 [theScore Bet]
    • Tatsuya Imai UNDER 6.5 Ks (proj 4.6) -425 [theScore Bet]
  ━━━━━━━━━━━━━━━
  
  Model projects expected Ks using pitcher K/9 rate, last 10 starts, and opposing lineup OPS. We only post when we find real edge vs the book line.
  
  Full slate in the props card above. Swipe for game picks 👆
  
  Not financial advice. Bet responsibly. 21+
  
  #sportsbetting #mlbpicks #baseballbetting #bettingtips #freepicks #baseballpicks #mlbtoday #baseballfan #baseballlife #mlbgames #playerpropbets #propbets #mlbprops #strikeoutprop #nhlpicks

  ── TOTALS ─────────────────────────────────────────────────────────────

  The algorithm doesn't guess. It found edge on these today 📊
  
  Jun 6 MLB Picks 🔥
  ━━━━━━━━━━━━━━━
  🔒 OVER 7.5 (San Francisco Giants @ Chicago Cubs) -110 — +2.1 run edge [Fanatics]
  📌 OVER 10.5 (Milwaukee Brewers @ Colorado Rockies) -105 — +1.8 run edge [Hard Rock Bet (OH)]
  📌 UNDER 9.5 (Cincinnati Reds @ St. Louis Cardinals) -105 — +1.4 run edge [Fanatics]
  • OVER 7.5 (Tampa Bay Rays @ Miami Marlins) -102 — +1.3 run edge [FanDuel]
  • OVER 8.5 (Kansas City Royals @ Minnesota Twins) -104 — +1.2 run edge [betPARX]
  ━━━━━━━━━━━━━━━
  
  All picks generated by our ensemble model (XGBoost + Pythagorean). We track every result publicly — link in bio.
  
  Not financial advice. Bet responsibly. 21+
  
  #sportsbetting #mlbpicks #baseballbetting #bettingtips #freepicks #baseballpicks #mlbtoday #baseballfan #baseballlife #mlbgames

  ── RUN LINE ───────────────────────────────────────────────────────────

  The algorithm doesn't guess. It found edge on these today 📊
  
  Jun 6 MLB Picks 🔥
  ━━━━━━━━━━━━━━━
  🔒 Chicago White Sox (Chicago White Sox @ Philadelphia Phillies) -170 — +2.6 run edge [FanDuel]
  ━━━━━━━━━━━━━━━
  
  All picks generated by our ensemble model (XGBoost + Pythagorean). We track every result publicly — link in bio.
  
  Not financial advice. Bet responsibly. 21+
  
  #sportsbetting #mlbpicks #baseballbetting #bettingtips #freepicks #baseballpicks #mlbtoday #baseballfan #baseballlife #mlbgames

────────────────────────────────────────────────────────────────────────
  Tennis — Roland-Garros (ATP)
  Source: output/picks/tennis_atp_french_open/20260606
────────────────────────────────────────────────────────────────────────

  ── Instagram ──────────────────────────────────────────────────────────

  🎾 FRENCH OPEN — Jun 06 PICKS
  
  Elo model scanning today's clay court matches.
  Picks logged before match time. Record in bio.
  
  Not financial advice. Bet responsibly. 21+
  
  #tennis #rolandgarros #sportsbetting #tennisbetting #freepicks #bettingmodel

  ── X / Twitter ────────────────────────────────────────────────────────

  🎾 French Open — Jun 06
  No edges meet threshold today. Watching clay court action.
  Not financial advice. Bet responsibly. 21+

  ── Reddit ─────────────────────────────────────────────────────────────

  **ChefTonyBets Elo Model — French Open June 06, 2026**
  
  Surface: Clay
  
  Model methodology: Surface-specific Elo ratings built from ATP/WTA match history (Kovalchik 2016 / Angelini 2022 peer-reviewed framework). Ratings updated after every match. Edges calculated vs no-vig implied probability across FanDuel, DraftKings, BetMGM, Caesars, and Bet365.
  
  ---
  
  No edges meet minimum threshold today.
  
  ---
  
  *All picks logged with timestamp before match start. Results posted daily.*
  
  *Not financial advice. Bet responsibly. 21+*

  ── TikTok Script ──────────────────────────────────────────────────────

  [TALKING HEAD — Tennis Picks Jun 06]
  [DURATION: 30-45 seconds]
  
  [HOLD UP PHONE / STAND IN FRONT OF CAMERA]
  
  HOOK (0-5s):
  "My Elo model just found a Clay court edge at French Open. Here's the pick."
  
  [PAUSE]
  
  ELO EXPLAINER (5-15s):
  "So what's an Elo model? Think chess ratings — every tennis player gets a number
  based on who they beat and how. Beat a top-10 guy, your number shoots up.
  Lose to a qualifier, it tanks. My model tracks these ratings by surface,
  because a clay-court Elo and a grass-court Elo are completely different numbers."
  
  [PAUSE]
  
  THE PICK (15-25s):
  "Today's top play: no clear edge today  at .
  My model gives them a  edge over the book's number.
  That's meaningful on clay — it's a grind-it-out surface where Elo is most predictive."
  
  [SHOW SCREEN — caption or pick card]
  
  CTA (25-35s):
  "Full card's in the caption. Every pick gets logged before match time —
  you can verify the timestamp. Follow for the nightly recap."
  
  [PAUSE]
  
  OUTRO:
  "Not financial advice. Bet responsibly. 21+."
  
  [END]

────────────────────────────────────────────────────────────────────────
  Basketball Wnba
  Source: output/picks/basketball_wnba/20260606
────────────────────────────────────────────────────────────────────────

  ── Instagram ──────────────────────────────────────────────────────────

  NBA — Jun 06 PICKS
  
  BEST BET
  Minnesota Lynx  -105 @ Fliff
  Model edge: +51.8%
  Seattle Storm @ Minnesota Lynx
  
  Also:
  - Minnesota Lynx (Storm @ Lynx)  -110 @ FanDuel  |  +49.7%
  - Atlanta Dream (Mystics @ Dream)  -105 @ FanDuel  |  +46.3%
  
  Season 129-90 (58.9% WR, +35.6u)
  Picks timestamped before first pitch. Record in bio.
  
  Not financial advice. Bet responsibly. 21+
  
  #NBA #NBAPlayoffs #sportsbetting #NBApicks #sharpbetting #valuebet #edgebetting #DraftKings #FanDuel #BetMGM #bettingmodel #freepicks #dailypicks #NBAPlayoffs2026

  ── X / Twitter ────────────────────────────────────────────────────────

  NBA — Jun 06 | BEST BET
  Minnesota Lynx (Storm @ Lynx)  -105 @Fliff
  Model edge: +51.8%
  Season 129-90 (58.9% WR, +35.6u)
  Not financial advice. Bet responsibly. 21+  #NBAPlayoffs #sportsbetting
  
  ---
  
  Full card:
  - Minnesota Lynx  -110 @FanDuel  (+49.7%)
  - Atlanta Dream  -105 @FanDuel  (+46.3%)
  - Atlanta Dream  -113 @BetRivers  (+44.2%)

  ── Reddit ─────────────────────────────────────────────────────────────

  **ChefTonyBets AI Model — NBA PLAYOFFS JUNE 06, 2026**
  
  Running XGBoost on NBA efficiency ratings (ORtg/DRtg/Pace). Walk-forward validated on 2015-2026 games. All picks logged with timestamp before tip-off.
  
  ---
  
  **Season 129-90 (58.9% WR, +35.6u)**
  
  **🔒 Totals (model's strongest market)**
  
  | Game | Bet | Odds | Edge | Book |
  |------|-----|------|------|------|
  | Indiana Fever @ New York Liberty | UNDER 176.0 | -110 | +12.3% | Fanatics |
  | Indiana Fever @ New York Liberty | UNDER 175.5 | -105 | +12.3% | DraftKings |
  | Seattle Storm @ Minnesota Lynx | OVER 160.5 | -114 | +10.5% | FanDuel |
  | Seattle Storm @ Minnesota Lynx | OVER 161.5 | -105 | +10.4% | theScore Bet |
  | Indiana Fever @ New York Liberty | UNDER 175.0 | -112 | +10.1% | BetRivers |
  | Washington Mystics @ Atlanta Dream | OVER 159.5 | -110 | +8.1% | theScore Bet |
  | Washington Mystics @ Atlanta Dream | OVER 160.0 | -110 | +7.0% | Fanatics |
  | Washington Mystics @ Atlanta Dream | OVER 160.5 | -108 | +6.4% | FanDuel |
  
  **Other Edges**
  
  | Bet | Odds | Edge | Book |
  |-----|------|------|------|
  | Minnesota Lynx | -105 | +51.8% | Fliff |
  | Minnesota Lynx | -110 | +49.7% | FanDuel |
  | Atlanta Dream | -105 | +46.3% | FanDuel |
  | Atlanta Dream | -113 | +44.2% | BetRivers |
  
  ---
  
  *Results posted daily. All picks logged before game time. No paid shills.*
  
  *Not financial advice. Bet responsibly. 21+*

════════════════════════════════════════════════════════════════════════


════════════════════════════════════════════════════════════════════════
  CAPTIONS — JUNE 07, 2026
════════════════════════════════════════════════════════════════════════

────────────────────────────────────────────────────────────────────────
  MLB
  Source: output/picks/baseball_mlb/20260607
────────────────────────────────────────────────────────────────────────

  ── Instagram ──────────────────────────────────────────────────────────

  MLB — Jun 07 PICKS
  
  BEST BET
  Baltimore Orioles  -178 @ Caesars
  Model edge: +50.0%
  Baltimore Orioles @ Toronto Blue Jays
  
  Also:
  - UNDER 9.5 (Reds @ Cardinals)  +100 @ FanDuel  |  +1.7%
  - UNDER 8.5 (Angels @ Dodgers)  -110 @ BetMGM  |  +1.1%
  
  Season 132-95 (58.1% WR, +32.8u)
  Picks timestamped before first pitch. Record in bio.
  
  Not financial advice. Bet responsibly. 21+
  
  #MLB #MLBpicks #sportsbetting #baseballbetting #sharpbetting #valuebet #totals #DraftKings #FanDuel #BetMGM #edgebetting #bettingmodel #freepicks #dailypicks #sportsbettingtips

  ── X / Twitter ────────────────────────────────────────────────────────

  MLB — Jun 07 | BEST BET
  Baltimore Orioles (Orioles @ Jays)  -178 @Caesars
  Model edge: +50.0%
  Season 132-95 (58.1% WR, +32.8u)
  Not financial advice. Bet responsibly. 21+  #MLB #sportsbetting
  
  ---
  
  Full card:
  - UNDER 9.5  +100 @FanDuel  (+1.7%)
  - UNDER 8.5  -110 @BetMGM  (+1.1%)
  - OVER 8.0  -105 @FanDuel  (+1.1%)

  ── Reddit ─────────────────────────────────────────────────────────────

  **ChefTonyBets AI Model — MLB JUNE 07, 2026**
  
  Running XGBoost + Pythagorean ensemble on MLB team stats. All picks logged with timestamp before first pitch.
  
  ---
  
  **Season 132-95 (58.1% WR, +32.8u)**
  
  **🔒 Totals (model's strongest market)**
  
  | Game | Bet | Odds | Edge | Book |
  |------|-----|------|------|------|
  | Cincinnati Reds @ St. Louis Cardinals | UNDER 9.5 | +100 | +1.7% | FanDuel |
  | Los Angeles Angels @ Los Angeles Dodgers | UNDER 8.5 | -110 | +1.1% | BetMGM |
  | San Francisco Giants @ Chicago Cubs | OVER 8.0 | -105 | +1.1% | FanDuel |
  
  **Other Edges**
  
  | Bet | Odds | Edge | Book |
  |-----|------|------|------|
  | Baltimore Orioles | -178 | +50.0% | Caesars |
  | Los Angeles Angels | +180 | +15.3% | Fliff |
  | Washington Nationals | +115 | +14.2% | Caesars |
  | Baltimore Orioles | +120 | +14.2% | BetMGM |
  
  ---
  
  *Results posted daily. All picks logged before game time. No paid shills.*
  
  *Not financial advice. Bet responsibly. 21+*

  ── Parlay Instagram ───────────────────────────────────────────────────

  ⚾ Jun 07 SAME-GAME PARLAY — MLB
  
  🎰 3-Leg SAME-GAME PARLAY on BETFAIR
  Combined odds: +1139  |  $100 wins $1,139
  
    1. Chicago White Sox ML +156
    2. Pittsburgh Pirates ML +142
    3. New York Mets ML +100
  
  Not financial advice. Bet responsibly. 21+
  
  #MLB #sportsbetting #MLBpicks #parlay #sharpbetting #valuebet #DraftKings #FanDuel #BetMGM #bettingmodel

  ── Parlay Reddit ──────────────────────────────────────────────────────

  **ChefTonyBets AI — MLB SAME-GAME PARLAY · JUNE 07, 2026**
  
  AI model identified 3 correlated edges — built into a 3-leg same-game parlay on **BETFAIR**.
  
  **Combined odds: +1139** | $100 wins **$1,139**
  
  | # | Bet | Odds |
  |---|-----|------|
  | 1 | Chicago White Sox ML +156 | +156 |
  | 2 | Pittsburgh Pirates ML +142 | +142 |
  | 3 | New York Mets ML +100 | +100 |
  
  ---
  
  *All picks timestamped before tip-off/first pitch. Results posted daily.*
  
  *Not financial advice. Bet responsibly. 21+*

  ── Parlay Twitter ─────────────────────────────────────────────────────

  ⚾ Jun 07 | 3-LEG SAME-GAME PARLAY · MLB
  🔒 Chicago White Sox ML +156
  🔒 Pittsburgh Pirates ML +142
  🔒 New York Mets ML +100
  Combined: +1139  ($100 → $1,139)
  Not financial advice. Bet responsibly. 21+  #MLB #parlay
  
  ---
  
  👇 Place this parlay on BETFAIR!

  ── Reddit Mlb Picks ───────────────────────────────────────────────────

  **ChefTonyBets AI — MLB Picks · 6/7/26 (Sunday)**
  
  XGBoost + Pythagorean ensemble | Walk-forward validated | **Season: 74-65 (53.2% WR, +0.0u)**
  
  All picks timestamped before first pitch. No retroactive edits.
  
  ---
  
  **💰 Moneyline Edges**
  
  | Game | Odds | Edge | Book |
  |------|------|------|------|
  | Washington Nationals vs  | +115 | +14.2% | Caesars |
  | Los Angeles Angels vs  | +180 | +15.3% | Fliff |
  | Chicago White Sox vs  | +156 | +12.9% | Betfair |
  | San Francisco Giants vs  | +105 | +11.1% | Caesars |
  | Pittsburgh Pirates vs  | +142 | +12.4% | Betfair |
  
  **⚡ NRFI Plays**
  
  | Game | Bet | Proj% | Book |
  |------|-----|-------|------|
  | Los Angeles Angels @ Los Angeles Dodgers NRFI (José Soriano vs Emmet Sheehan) | NRFI -113 | 67% | FanDuel |
  | Athletics @ Houston Astros NRFI (Gage Jump vs Mike Burrows) | NRFI +102 | 63% | FanDuel |
  | Pittsburgh Pirates @ Atlanta Braves NRFI (Bubba Chandler vs Bryce Elder) | NRFI -110 | 65% | BetMGM |
  | Kansas City Royals @ Minnesota Twins NRFI (Noah Cameron vs Connor Prielipp) | NRFI -110 | 65% | BetMGM |
  | Washington Nationals @ Arizona Diamondbacks NRFI (Cade Cavalli vs Michael Soroka) | NRFI -125 | 67% | BetMGM |
  
  ---
  
  **Model overview:** Ensemble of XGBoost (pitcher ERA, FIP, xFIP, bullpen REST, lineup wRC+) and Pythagorean expectation. Edge = model win prob minus sportsbook implied prob after vig removal. Only plays where both methods agree are posted as card picks.
  
  Drop questions in the comments — happy to explain any pick.
  
  *Not financial advice. Bet responsibly. 21+*

  ── Reddit Mlb Props ───────────────────────────────────────────────────

  **ChefTonyBets AI — MLB Props · 6/7/26 (Sunday)**
  
  Running XGBoost prop model on pitcher K-rate, batter contact, park factors, and weather. 13 edges found today.
  
  **Season Record (props):** 74-65 (53.2% WR, +0.0u)
  
  ---
  
  **🎯 Pitcher Strikeouts**
  
  | Player | Bet | Odds | Edge | Book |
  |--------|-----|------|------|------|
  | Mike Burrows | UNDER Strikeouts 6.5 | -325 | +23.1% (proj: 4.1) | theScore Bet |
  | Shane Drohan | OVER Strikeouts 3.5 | -150 | +21.0% (proj: 5.8) | Hard Rock Bet |
  | Sandy Alcantara | UNDER Strikeouts 5.5 | -325 | +16.8% (proj: 3.8) | theScore Bet |
  | Emmet Sheehan | UNDER Strikeouts 7.5 | -325 | +15.2% (proj: 5.6) | theScore Bet |
  | Bryce Elder | UNDER Strikeouts 5.5 | -215 | +14.9% (proj: 4.4) | theScore Bet |
  | Kyle Freeland | OVER Strikeouts 3.5 | -118 | +14.7% (proj: 4.9) | DraftKings |
  | Gage Jump | UNDER Strikeouts 5.5 | -200 | +13.3% (proj: 4.6) | theScore Bet |
  | Joey Cantillo | UNDER Strikeouts 6.5 | -360 | +11.7% (proj: 4.8) | betPARX |
  
  ---
  
  **How the prop model works:** Projects pitcher strikeout totals using K/9, opposing team K%, umpire tendencies, and ballpark factors. Batter props use wOBA, hard-hit rate, and matchup data vs. starter handedness.
  
  All picks logged before first pitch. Verified record in post history.
  
  *Not financial advice. Bet responsibly. 21+*

  ── Reddit Potd ────────────────────────────────────────────────────────

  **ChefTonyBets AI — Pick of the Day · 6/7/26 (Sunday)**
  
  **Sport:** MLB
  **Pick:** Los Angeles Angels Moneyline +180 @ Fliff
  **Event:** Los Angeles Angels
  **Bet Size:** 1.0 units
  
  ---
  
  **Model Edge:** +15.3% (model: 0.0% vs market: 35.7%)
  **Season Record:** 74-65 (53.2% WR, +0.0u)
  
  ---
  
  **About the Model**
  
  XGBoost + Pythagorean expectation ensemble trained on 10 years of MLB/NBA data. Walk-forward validated on held-out seasons. Edges calculated by comparing model win probability to sportsbook implied probability after vig removal. Kelly criterion used for sizing.
  
  The model runs daily before first pitch/tip-off. All picks are timestamped and logged publicly — you can verify the record at any point. No retroactive changes.
  
  This pick was selected as POTD because it has the highest positive expected value among today's plays within the -200/+200 odds requirement.
  
  ---
  
  *Not financial advice. Bet responsibly. 21+*

  ── NRFI / YRFI ────────────────────────────────────────────────────────

  The sharp play on first innings — NRFI or YRFI, model picks the edge side.
  
  Jun 7 NRFI / YRFI Plays 🎯
  ━━━━━━━━━━━━━━━
  🔒 Los Angeles Angels @ Los Angeles Dodgers — NRFI -113 +17.2% edge [FanDuel]
  📌 Athletics @ Houston Astros — NRFI +102 +16.7% edge [FanDuel]
  📌 Pittsburgh Pirates @ Atlanta Braves — NRFI -110 +15.8% edge [BetMGM]
  • Kansas City Royals @ Minnesota Twins — NRFI -110 +15.2% edge [BetMGM]
  • Washington Nationals @ Arizona Diamondbacks — NRFI -125 +14.8% edge [BetMGM]
  ━━━━━━━━━━━━━━━
  
  Model uses pitcher ERA, K/9 rate, and last 10 starts to project first-inning run probability for both teams. NRFI = neither team scores in the 1st.
  
  Not financial advice. Bet responsibly. 21+
  
  #sportsbetting #mlbpicks #baseballbetting #bettingtips #freepicks #bettingcommunity #sharpbetting #valuebet #edgebetting #mlbodds #nrfi #yrfi #firstinning #nrfibets #mlbprops

  ── MONEYLINE PICKS ────────────────────────────────────────────────────

  Free picks for today's MLB slate. Backed by data, not feelings.
  
  Jun 7 MLB Picks 🔥
  ━━━━━━━━━━━━━━━
  🔒 Washington Nationals +115 — +14% edge [Caesars]
  📌 Los Angeles Angels +180 — +15% edge [Fliff]
  📌 Chicago White Sox +156 — +13% edge [Betfair]
  • San Francisco Giants +105 — +11% edge [Caesars]
  • Pittsburgh Pirates +142 — +12% edge [Betfair]
  ━━━━━━━━━━━━━━━
  
  All picks generated by our ensemble model (XGBoost + Pythagorean). We track every result publicly — link in bio.
  
  Not financial advice. Bet responsibly. 21+
  
  #sportsbetting #mlbpicks #baseballbetting #bettingtips #freepicks #bettingcommunity #sharpbetting #valuebet #edgebetting #mlbodds

  ── PROPS ──────────────────────────────────────────────────────────────

  Props slate for today. AI projected vs book line, pick the overs.
  
  Jun 7 Player Props 🧮
  ━━━━━━━━━━━━━━━
  ⚡ Strikeouts:
    • Mike Burrows UNDER 6.5 Ks (proj 4.1) -325 [theScore Bet]
    • Shane Drohan OVER 3.5 Ks (proj 5.8) -150 [Hard Rock Bet]
    • Sandy Alcantara UNDER 5.5 Ks (proj 3.8) -325 [theScore Bet]
  ━━━━━━━━━━━━━━━
  
  Model projects expected Ks using pitcher K/9 rate, last 10 starts, and opposing lineup OPS. We only post when we find real edge vs the book line.
  
  Full slate in the props card above. Swipe for game picks 👆
  
  Not financial advice. Bet responsibly. 21+
  
  #sportsbetting #mlbpicks #baseballbetting #bettingtips #freepicks #bettingcommunity #sharpbetting #valuebet #edgebetting #mlbodds #playerpropbets #propbets #mlbprops #strikeoutprop #nhlpicks

  ── TOTALS ─────────────────────────────────────────────────────────────

  Free picks for today's MLB slate. Backed by data, not feelings.
  
  Jun 7 MLB Picks 🔥
  ━━━━━━━━━━━━━━━
  🔒 UNDER 9.5 (Cincinnati Reds @ St. Louis Cardinals) +100 — +1.7 run edge [FanDuel]
  📌 UNDER 8.5 (Los Angeles Angels @ Los Angeles Dodgers) -110 — +1.1 run edge [BetMGM]
  📌 OVER 8.0 (San Francisco Giants @ Chicago Cubs) -105 — +1.1 run edge [FanDuel]
  ━━━━━━━━━━━━━━━
  
  All picks generated by our ensemble model (XGBoost + Pythagorean). We track every result publicly — link in bio.
  
  Not financial advice. Bet responsibly. 21+
  
  #sportsbetting #mlbpicks #baseballbetting #bettingtips #freepicks #bettingcommunity #sharpbetting #valuebet #edgebetting #mlbodds

  ── RUN LINE ───────────────────────────────────────────────────────────

  Free picks for today's MLB slate. Backed by data, not feelings.
  
  Jun 7 MLB Picks 🔥
  ━━━━━━━━━━━━━━━
  🔒 Baltimore Orioles (Baltimore Orioles @ Toronto Blue Jays) -178 — +0.8 run edge [Caesars]
  📌 Washington Nationals (Washington Nationals @ Arizona Diamondbacks) -185 — +0.8 run edge [Hard Rock Bet (OH)]
  ━━━━━━━━━━━━━━━
  
  All picks generated by our ensemble model (XGBoost + Pythagorean). We track every result publicly — link in bio.
  
  Not financial advice. Bet responsibly. 21+
  
  #sportsbetting #mlbpicks #baseballbetting #bettingtips #freepicks #bettingcommunity #sharpbetting #valuebet #edgebetting #mlbodds

────────────────────────────────────────────────────────────────────────
  Basketball Wnba
  Source: output/picks/basketball_wnba/20260607
────────────────────────────────────────────────────────────────────────

  ── Instagram ──────────────────────────────────────────────────────────

  NBA — Jun 07 PICKS
  
  BEST BET
  Los Angeles Sparks  -105 @ DraftKings
  Model edge: +37.0%
  Portland Fire @ Los Angeles Sparks
  
  Also:
  - UNDER 177.5 (Fire @ Sparks)  -105 @ theScore Bet  |  +33.6%
  - Los Angeles Sparks (Fire @ Sparks)  -110 @ theScore Bet  |  +33.3%
  
  Season 131-94 (58.2% WR, +33.7u)
  Picks timestamped before first pitch. Record in bio.
  
  Not financial advice. Bet responsibly. 21+
  
  #NBA #NBAPlayoffs #sportsbetting #NBApicks #sharpbetting #valuebet #edgebetting #DraftKings #FanDuel #BetMGM #bettingmodel #freepicks #dailypicks #NBAPlayoffs2026

  ── X / Twitter ────────────────────────────────────────────────────────

  NBA — Jun 07 | BEST BET
  Los Angeles Sparks (Fire @ Sparks)  -105 @DraftKings
  Model edge: +37.0%
  Season 131-94 (58.2% WR, +33.7u)
  Not financial advice. Bet responsibly. 21+  #NBAPlayoffs #sportsbetting
  
  ---
  
  Full card:
  - UNDER 177.5  -105 @theScoreBet  (+33.6%)
  - Los Angeles Sparks  -110 @theScoreBet  (+33.3%)
  - Toronto Tempo  -105 @FanDuel  (+26.9%)

  ── Reddit ─────────────────────────────────────────────────────────────

  **ChefTonyBets AI Model — NBA PLAYOFFS JUNE 07, 2026**
  
  Running XGBoost on NBA efficiency ratings (ORtg/DRtg/Pace). Walk-forward validated on 2015-2026 games. All picks logged with timestamp before tip-off.
  
  ---
  
  **Season 131-94 (58.2% WR, +33.7u)**
  
  **🔒 Totals (model's strongest market)**
  
  | Game | Bet | Odds | Edge | Book |
  |------|-----|------|------|------|
  | Portland Fire @ Los Angeles Sparks | UNDER 177.5 | -105 | +33.6% | theScore Bet |
  | Chicago Sky @ Toronto Tempo | UNDER 172.5 | -105 | +17.9% | Hard Rock Bet |
  
  **Other Edges**
  
  | Bet | Odds | Edge | Book |
  |-----|------|------|------|
  | Los Angeles Sparks | -105 | +37.0% | DraftKings |
  | Los Angeles Sparks | -110 | +33.3% | theScore Bet |
  | Toronto Tempo | -105 | +26.9% | FanDuel |
  | Toronto Tempo | -113 | +21.9% | BetRivers |
  
  ---
  
  *Results posted daily. All picks logged before game time. No paid shills.*
  
  *Not financial advice. Bet responsibly. 21+*

════════════════════════════════════════════════════════════════════════


════════════════════════════════════════════════════════════════════════
  CAPTIONS — JUNE 08, 2026
════════════════════════════════════════════════════════════════════════

────────────────────────────────────────────────────────────────────────
  MLB
  Source: output/picks/baseball_mlb/20260608
────────────────────────────────────────────────────────────────────────

  ── Instagram ──────────────────────────────────────────────────────────

  MLB — Jun 08 PICKS
  
  BEST BET
  UNDER 11.0  +110 @ theScore Bet
  Model edge: +2.4%
  Milwaukee Brewers @ Athletics
  
  Also:
  - OVER 9.0 (Astros @ Angels)  +115 @ Hard Rock Bet  |  +1.5%
  - UNDER 8.0 (Yankees @ Guardians)  +105 @ theScore Bet  |  +1.1%
  
  Season 135-97 (58.2% WR, +34.0u)
  Picks timestamped before first pitch. Record in bio.
  
  Not financial advice. Bet responsibly. 21+
  
  #MLB #MLBpicks #sportsbetting #baseballbetting #sharpbetting #valuebet #totals #DraftKings #FanDuel #BetMGM #edgebetting #bettingmodel #freepicks #dailypicks #sportsbettingtips

  ── X / Twitter ────────────────────────────────────────────────────────

  MLB — Jun 08 | BEST BET
  UNDER 11.0 (Brewers @ Athletics)  +110 @theScoreBet
  Model edge: +2.4%
  Season 135-97 (58.2% WR, +34.0u)
  Not financial advice. Bet responsibly. 21+  #MLB #sportsbetting
  
  ---
  
  Full card:
  - OVER 9.0  +115 @HardRockBet  (+1.5%)
  - UNDER 8.0  +105 @theScoreBet  (+1.1%)

  ── Reddit ─────────────────────────────────────────────────────────────

  **Overlay AI Model — MLB JUNE 08, 2026**
  
  Running XGBoost + Pythagorean ensemble on MLB team stats. All picks logged with timestamp before first pitch.
  
  ---
  
  **Season 135-97 (58.2% WR, +34.0u)**
  
  **🔒 Totals (model's strongest market)**
  
  | Game | Bet | Odds | Edge | Book |
  |------|-----|------|------|------|
  | Milwaukee Brewers @ Athletics | UNDER 11.0 | +110 | +2.4% | theScore Bet |
  | Houston Astros @ Los Angeles Angels | OVER 9.0 | +115 | +1.5% | Hard Rock Bet |
  | New York Yankees @ Cleveland Guardians | UNDER 8.0 | +105 | +1.1% | theScore Bet |
  
  **Other Edges**
  
  | Bet | Odds | Edge | Book |
  |-----|------|------|------|
  | Milwaukee Brewers | -145 | +14.6% | Caesars |
  | New York Yankees | +110 | +14.2% | Caesars |
  | Boston Red Sox | -115 | +13.5% | Fanatics |
  | Seattle Mariners | -130 | +10.0% | FanDuel |
  
  ---
  
  *Results posted daily. All picks logged before game time. No paid shills.*
  
  *Not financial advice. Bet responsibly. 21+*

  ── Parlay Instagram ───────────────────────────────────────────────────

  ⚾ Jun 08 SAME-GAME PARLAY — MLB
  
  🎰 4-Leg SAME-GAME PARLAY on FanDuel
  Combined odds: +1330  |  $100 wins $1,330
  
    1. Houston Astros ML -118
    2. Cincinnati Reds ML +120
    3. New York Yankees ML -104
    4. Seattle Mariners ML -126
  
  🎁 New to FanDuel? Sign up & bet $5+ → get $50 in Bonus Bets
  👉 Sign up link in bio 🔗
  
  Not financial advice. Bet responsibly. 21+
  
  #MLB #sportsbetting #MLBpicks #parlay #sharpbetting #valuebet #DraftKings #FanDuel #BetMGM #bettingmodel

  ── Parlay Reddit ──────────────────────────────────────────────────────

  **Overlay AI — MLB SAME-GAME PARLAY · JUNE 08, 2026**
  
  AI model identified 4 correlated edges — built into a 4-leg same-game parlay on **FanDuel**.
  
  **Combined odds: +1330** | $100 wins **$1,330**
  
  | # | Bet | Odds |
  |---|-----|------|
  | 1 | Houston Astros ML -118 | -118 |
  | 2 | Cincinnati Reds ML +120 | +120 |
  | 3 | New York Yankees ML -104 | -104 |
  | 4 | Seattle Mariners ML -126 | -126 |
  
  **Sign up via my referral (FanDuel):** Sign up & bet $5+ → get $50 in Bonus Bets — [Sign up here](https://fndl.co/92pew6d)
  
  ---
  
  *All picks timestamped before tip-off/first pitch. Results posted daily.*
  
  *Not financial advice. Bet responsibly. 21+*

  ── Parlay Twitter ─────────────────────────────────────────────────────

  ⚾ Jun 08 | 4-LEG SAME-GAME PARLAY · MLB
  🔒 Houston Astros ML -118
  🔒 Cincinnati Reds ML +120
  🔒 New York Yankees ML -104
  🔒 Seattle Mariners ML -126
  Combined: +1330  ($100 → $1,330)
  Not financial advice. Bet responsibly. 21+  #MLB #parlay
  
  ---
  
  👇 New to FanDuel? Sign up & bet $5+ → get $50 in Bonus Bets
  Sign up with my link: https://fndl.co/92pew6d

  ── Reddit Mlb Picks ───────────────────────────────────────────────────

  **Overlay AI — MLB Picks · 6/8/26 (Monday)**
  
  XGBoost + Pythagorean ensemble | Walk-forward validated | **Season: 77-67 (53.5% WR, +0.0u)**
  
  All picks timestamped before first pitch. No retroactive edits.
  
  ---
  
  **💰 Moneyline Edges**
  
  | Game | Odds | Edge | Book |
  |------|------|------|------|
  | New York Yankees vs  | +110 | +14.2% | Caesars |
  | Boston Red Sox vs  | -115 | +13.5% | Fanatics |
  | Washington Nationals vs  | +139 | +12.7% | 1xBet |
  | Houston Astros vs  | -129 | +16.3% | Bally Bet |
  | Cincinnati Reds vs  | +120 | +15.7% | Tipico |
  
  **⚡ NRFI Plays**
  
  | Game | Bet | Proj% | Book |
  |------|-----|-------|------|
  | Boston Red Sox @ Tampa Bay Rays NRFI (Connelly Early vs Ian Seymour) | NRFI -115 | 66% | FanDuel |
  | New York Yankees @ Cleveland Guardians NRFI (Will Warren vs Gavin Williams) | NRFI -130 | 67% | BetMGM |
  | Philadelphia Phillies @ Toronto Blue Jays NRFI (Cristopher Sánchez vs Patrick Corbin) | NRFI -120 | 65% | FanDuel |
  | Cincinnati Reds @ San Diego Padres NRFI (Andrew Abbott vs Walker Buehler) | NRFI -120 | 67% | – |
  | Milwaukee Brewers @ Athletics NRFI (Kyle Harrison vs Jeffrey Springs) | NRFI -120 | 65% | – |
  
  ---
  
  **Model overview:** Ensemble of XGBoost (pitcher ERA, FIP, xFIP, bullpen REST, lineup wRC+) and Pythagorean expectation. Edge = model win prob minus sportsbook implied prob after vig removal. Only plays where both methods agree are posted as card picks.
  
  Drop questions in the comments — happy to explain any pick.
  
  *Not financial advice. Bet responsibly. 21+*

  ── Reddit Mlb Props ───────────────────────────────────────────────────

  **Overlay AI — MLB Props · 6/8/26 (Monday)**
  
  Running XGBoost prop model on pitcher K-rate, batter contact, park factors, and weather. 3 edges found today.
  
  **Season Record (props):** 77-67 (53.5% WR, +0.0u)
  
  ---
  
  **🎯 Pitcher Strikeouts**
  
  | Player | Bet | Odds | Edge | Book |
  |--------|-----|------|------|------|
  | Gavin Williams | UNDER Strikeouts 7.5 | -200 | +18.3% (proj: 6.0) | theScore Bet |
  | Patrick Corbin | UNDER Strikeouts 5.5 | -525 | +12.9% (proj: 3.7) | theScore Bet |
  | Emerson Hancock | UNDER Strikeouts 5.5 | -220 | +5.7% (proj: 4.9) | theScore Bet |
  
  ---
  
  **How the prop model works:** Projects pitcher strikeout totals using K/9, opposing team K%, umpire tendencies, and ballpark factors. Batter props use wOBA, hard-hit rate, and matchup data vs. starter handedness.
  
  All picks logged before first pitch. Verified record in post history.
  
  *Not financial advice. Bet responsibly. 21+*

  ── Reddit Potd ────────────────────────────────────────────────────────

  **Overlay AI — Pick of the Day · 6/8/26 (Monday)**
  
  **Sport:** MLB
  **Pick:** Houston Astros Moneyline -129 @ Bally Bet
  **Event:** Houston Astros
  **Bet Size:** 1.0 units
  
  ---
  
  **Model Edge:** +16.3% (model: 0.0% vs market: 56.3%)
  **Season Record:** 77-67 (53.5% WR, +0.0u)
  
  ---
  
  **About the Model**
  
  XGBoost + Pythagorean expectation ensemble trained on 10 years of MLB/NBA data. Walk-forward validated on held-out seasons. Edges calculated by comparing model win probability to sportsbook implied probability after vig removal. Kelly criterion used for sizing.
  
  The model runs daily before first pitch/tip-off. All picks are timestamped and logged publicly — you can verify the record at any point. No retroactive changes.
  
  This pick was selected as POTD because it has the highest positive expected value among today's plays within the -200/+200 odds requirement.
  
  ---
  
  *Not financial advice. Bet responsibly. 21+*

  ── NRFI / YRFI ────────────────────────────────────────────────────────

  Starting pitcher K/9 and ERA point to these first-inning plays today.
  
  Jun 8 NRFI / YRFI Plays 🎯
  ━━━━━━━━━━━━━━━
  🔒 Boston Red Sox @ Tampa Bay Rays — NRFI -115 +15.3% edge [FanDuel]
  📌 New York Yankees @ Cleveland Guardians — NRFI -130 +14.2% edge [BetMGM]
  📌 Philadelphia Phillies @ Toronto Blue Jays — NRFI -120 +13.9% edge [FanDuel]
  ━━━━━━━━━━━━━━━
  
  Model uses pitcher ERA, K/9 rate, and last 10 starts to project first-inning run probability for both teams. NRFI = neither team scores in the 1st.
  
  Not financial advice. Bet responsibly. 21+
  
  #sportsbetting #mlbpicks #baseballbetting #bettingtips #freepicks #bettingcommunity #sharpbetting #valuebet #edgebetting #mlbodds #nrfi #yrfi #firstinning #nrfibets #mlbprops

  ── MONEYLINE PICKS ────────────────────────────────────────────────────

  Model just finished processing today's lines. Here's the output:
  
  Jun 8 MLB Picks 🔥
  ━━━━━━━━━━━━━━━
  🔒 New York Yankees +110 — +14% edge [Caesars]
  📌 Boston Red Sox -115 — +14% edge [Fanatics]
  📌 Washington Nationals +139 — +13% edge [1xBet]
  • Houston Astros -129 — +16% edge [Bally Bet]
  • Cincinnati Reds +120 — +16% edge [Tipico]
  ━━━━━━━━━━━━━━━
  
  All picks generated by our ensemble model (XGBoost + Pythagorean). We track every result publicly — link in bio.
  
  Not financial advice. Bet responsibly. 21+
  
  #sportsbetting #mlbpicks #baseballbetting #bettingtips #freepicks #bettingcommunity #sharpbetting #valuebet #edgebetting #mlbodds

  ── PROPS ──────────────────────────────────────────────────────────────

  The props market moves slower than moneylines. That's where edge hides.
  
  Jun 8 Player Props 🧮
  ━━━━━━━━━━━━━━━
  ⚡ Strikeouts:
    • Gavin Williams UNDER 7.5 Ks (proj 6.0) -200 [theScore Bet]
    • Patrick Corbin UNDER 5.5 Ks (proj 3.7) -525 [theScore Bet]
    • Emerson Hancock UNDER 5.5 Ks (proj 4.9) -220 [theScore Bet]
  ━━━━━━━━━━━━━━━
  
  Model projects expected Ks using pitcher K/9 rate, last 10 starts, and opposing lineup OPS. We only post when we find real edge vs the book line.
  
  Full slate in the props card above. Swipe for game picks 👆
  
  Not financial advice. Bet responsibly. 21+
  
  #sportsbetting #mlbpicks #baseballbetting #bettingtips #freepicks #bettingcommunity #sharpbetting #valuebet #edgebetting #mlbodds #playerpropbets #propbets #mlbprops #strikeoutprop #nhlpicks

  ── TOTALS ─────────────────────────────────────────────────────────────

  Model just finished processing today's lines. Here's the output:
  
  Jun 8 MLB Picks 🔥
  ━━━━━━━━━━━━━━━
  🔒 UNDER 11.0 (Milwaukee Brewers @ Athletics) +110 — +2.4 run edge [theScore Bet]
  📌 OVER 9.0 (Houston Astros @ Los Angeles Angels) +115 — +1.5 run edge [Hard Rock Bet]
  📌 UNDER 8.0 (New York Yankees @ Cleveland Guardians) +105 — +1.1 run edge [theScore Bet]
  ━━━━━━━━━━━━━━━
  
  All picks generated by our ensemble model (XGBoost + Pythagorean). We track every result publicly — link in bio.
  
  Not financial advice. Bet responsibly. 21+
  
  #sportsbetting #mlbpicks #baseballbetting #bettingtips #freepicks #bettingcommunity #sharpbetting #valuebet #edgebetting #mlbodds

  ── RUN LINE ───────────────────────────────────────────────────────────

  Model just finished processing today's lines. Here's the output:
  
  Jun 8 MLB Picks 🔥
  ━━━━━━━━━━━━━━━
  🔒 Milwaukee Brewers (Milwaukee Brewers @ Athletics) +101 — +0.2 run edge [DraftKings]
  📌 Houston Astros (Houston Astros @ Los Angeles Angels) +135 — +0.2 run edge [BetMGM]
  📌 Philadelphia Phillies (Philadelphia Phillies @ Toronto Blue Jays) +100 — +0.1 run edge [Fanatics]
  • San Francisco Giants (Washington Nationals @ San Francisco Giants) +140 — +0.1 run edge [Fanatics]
  • Seattle Mariners (Seattle Mariners @ Baltimore Orioles) +135 — +0.1 run edge [theScore Bet]
  ━━━━━━━━━━━━━━━
  
  All picks generated by our ensemble model (XGBoost + Pythagorean). We track every result publicly — link in bio.
  
  Not financial advice. Bet responsibly. 21+
  
  #sportsbetting #mlbpicks #baseballbetting #bettingtips #freepicks #bettingcommunity #sharpbetting #valuebet #edgebetting #mlbodds

────────────────────────────────────────────────────────────────────────
  NBA
  Source: output/picks/basketball_nba/20260608
────────────────────────────────────────────────────────────────────────

  ── Instagram ──────────────────────────────────────────────────────────

  NBA — Jun 08 PICKS
  
  BEST BET
  OVER 216.5  -105 @ FanDuel
  Model edge: +14.6%
  San Antonio Spurs @ New York Knicks
  
  Season 135-97 (58.2% WR, +34.0u)
  Picks timestamped before first pitch. Record in bio.
  
  Not financial advice. Bet responsibly. 21+
  
  #NBA #NBAPlayoffs #sportsbetting #NBApicks #sharpbetting #valuebet #edgebetting #DraftKings #FanDuel #BetMGM #bettingmodel #freepicks #dailypicks #NBAPlayoffs2026

  ── X / Twitter ────────────────────────────────────────────────────────

  NBA — Jun 08 | BEST BET
  OVER 216.5 (Spurs @ Knicks)  -105 @FanDuel
  Model edge: +14.6%
  Season 135-97 (58.2% WR, +34.0u)
  Not financial advice. Bet responsibly. 21+  #NBAPlayoffs #sportsbetting

  ── Reddit ─────────────────────────────────────────────────────────────

  **Overlay AI Model — NBA PLAYOFFS JUNE 08, 2026**
  
  Running XGBoost on NBA efficiency ratings (ORtg/DRtg/Pace). Walk-forward validated on 2015-2026 games. All picks logged with timestamp before tip-off.
  
  ---
  
  **Season 135-97 (58.2% WR, +34.0u)**
  
  **🔒 Totals (model's strongest market)**
  
  | Game | Bet | Odds | Edge | Book |
  |------|-----|------|------|------|
  | San Antonio Spurs @ New York Knicks | OVER 216.5 | -105 | +14.6% | FanDuel |
  
  ---
  
  *Results posted daily. All picks logged before game time. No paid shills.*
  
  *Not financial advice. Bet responsibly. 21+*

  ── Reddit Nba Picks ───────────────────────────────────────────────────

  **Overlay AI — NBA Picks · 6/8/26 (Monday)**
  
  XGBoost on ORtg/DRtg/Pace efficiency ratings | **Season: 53-27 (66.2% WR, +0.0u)**
  
  All picks timestamped before tip-off. Verified record in post history.
  
  ---
  
  **📊 Totals (O/U)**
  
  | Game | Bet | Edge | Book |
  |------|-----|------|------|
  | San Antonio Spurs @ New York Knicks | OVER  -105 | +14.6% | FanDuel |
  
  ---
  
  **Model overview:** Trains on 10 years of NBA box scores. Features: offensive/defensive rating, pace, rest advantage, travel, home court, lineup injury adjustments. Walk-forward validated — no look-ahead bias. Edge = model probability minus sportsbook implied after vig removal.
  
  Drop any questions below.
  
  *Not financial advice. Bet responsibly. 21+*

  ── Reddit Potd ────────────────────────────────────────────────────────

  **Overlay AI — Pick of the Day · 6/8/26 (Monday)**
  
  **Sport:** NBA
  **Pick:** OVER 216.5 TOTAL -105 @ FanDuel
  **Event:** San Antonio Spurs @ New York Knicks
  **Bet Size:** 1.0 units
  
  ---
  
  **Model Edge:** +14.6% (model: 0.0% vs market: 51.2%)
  **Season Record:** 53-27 (66.2% WR, +0.0u)
  
  ---
  
  **About the Model**
  
  XGBoost + Pythagorean expectation ensemble trained on 10 years of MLB/NBA data. Walk-forward validated on held-out seasons. Edges calculated by comparing model win probability to sportsbook implied probability after vig removal. Kelly criterion used for sizing.
  
  The model runs daily before first pitch/tip-off. All picks are timestamped and logged publicly — you can verify the record at any point. No retroactive changes.
  
  This pick was selected as POTD because it has the highest positive expected value among today's plays within the -200/+200 odds requirement.
  
  ---
  
  *Not financial advice. Bet responsibly. 21+*

  ── MONEYLINE PICKS ────────────────────────────────────────────────────

  NBA picks are live. Backed by efficiency ratings, not opinions 💡
  
  Jun 8 NBA PLAYOFFS Picks 🔥
  ━━━━━━━━━━━━━━━
  🔒 OVER 216.5 (SAN vs NEW) -105 — +14.6% edge [FanDuel]
  ━━━━━━━━━━━━━━━
  
  Picks generated by our efficiency-rating model (ORtg/DRtg/Pace). We track every result publicly — link in bio.
  
  Not financial advice. Bet responsibly. 21+
  
  #NBA #NBAPlayoffs #sportsbetting #NBApicks #NBATwitter #sharpbetting #valuebet #edgebetting #NBAPlayoffs2026 #playoffs #NBAplayoff

  ── TOTALS ─────────────────────────────────────────────────────────────

  Model projected tonight's totals. These lines are off.
  
  Jun 8 NBA PLAYOFFS Totals 📊
  ━━━━━━━━━━━━━━━
  🔒 OVER 216.5 (San Antonio Spurs @ New York Knicks) -105 — +14.6% edge [FanDuel]
  ━━━━━━━━━━━━━━━
  
  Pace + ORtg/DRtg model projects the final score of every game. Only posting where we find edge.
  
  Not financial advice. Bet responsibly. 21+
  
  #NBA #NBAPlayoffs #sportsbetting #NBApicks #NBATwitter #sharpbetting #valuebet #edgebetting #NBAPlayoffs2026 #playoffs #NBAplayoff #NBAtotals #NBAovers #NBAunders

────────────────────────────────────────────────────────────────────────
  Basketball Wnba
  Source: output/picks/basketball_wnba/20260608
────────────────────────────────────────────────────────────────────────

  ── Instagram ──────────────────────────────────────────────────────────

  NBA — Jun 08 PICKS
  
  BEST BET
  Las Vegas Aces  -110 @ Fliff
  Model edge: +50.6%
  Seattle Storm @ Las Vegas Aces
  
  Also:
  - Las Vegas Aces (Storm @ Aces)  -113 @ BetRivers  |  +49.1%
  - New York Liberty (Liberty @ Sun)  -110 @ Hard Rock Bet  |  +48.6%
  
  Season 135-96 (58.4% WR, +35.0u)
  Picks timestamped before first pitch. Record in bio.
  
  Not financial advice. Bet responsibly. 21+
  
  #NBA #NBAPlayoffs #sportsbetting #NBApicks #sharpbetting #valuebet #edgebetting #DraftKings #FanDuel #BetMGM #bettingmodel #freepicks #dailypicks #NBAPlayoffs2026

  ── X / Twitter ────────────────────────────────────────────────────────

  NBA — Jun 08 | BEST BET
  Las Vegas Aces (Storm @ Aces)  -110 @Fliff
  Model edge: +50.6%
  Season 135-96 (58.4% WR, +35.0u)
  Not financial advice. Bet responsibly. 21+  #NBAPlayoffs #sportsbetting
  
  ---
  
  Full card:
  - Las Vegas Aces  -113 @BetRivers  (+49.1%)
  - New York Liberty  -110 @HardRockBet  (+48.6%)
  - Indiana Fever  -105 @BetMGM  (+30.2%)

  ── Reddit ─────────────────────────────────────────────────────────────

  **Overlay AI Model — NBA PLAYOFFS JUNE 08, 2026**
  
  Running XGBoost on NBA efficiency ratings (ORtg/DRtg/Pace). Walk-forward validated on 2015-2026 games. All picks logged with timestamp before tip-off.
  
  ---
  
  **Season 135-96 (58.4% WR, +35.0u)**
  
  **🔒 Totals (model's strongest market)**
  
  | Game | Bet | Odds | Edge | Book |
  |------|-----|------|------|------|
  | Indiana Fever @ Washington Mystics | UNDER 169.5 | -105 | +10.5% | theScore Bet |
  | New York Liberty @ Connecticut Sun | UNDER 163.0 | -114 | +6.9% | BetRivers |
  | Indiana Fever @ Washington Mystics | UNDER 168.5 | -113 | +6.8% | BetRivers |
  
  **Other Edges**
  
  | Bet | Odds | Edge | Book |
  |-----|------|------|------|
  | Las Vegas Aces | -110 | +50.6% | Fliff |
  | Las Vegas Aces | -113 | +49.1% | BetRivers |
  | New York Liberty | -110 | +48.6% | Hard Rock Bet |
  | Indiana Fever | -105 | +30.2% | BetMGM |
  
  ---
  
  *Results posted daily. All picks logged before game time. No paid shills.*
  
  *Not financial advice. Bet responsibly. 21+*

════════════════════════════════════════════════════════════════════════


════════════════════════════════════════════════════════════════════════
  CAPTIONS — JUNE 09, 2026
════════════════════════════════════════════════════════════════════════

────────────────────────────────────────────────────────────────────────
  MLB
  Source: output/picks/baseball_mlb/20260609
────────────────────────────────────────────────────────────────────────

  ── Instagram ──────────────────────────────────────────────────────────

  MLB — Jun 09 PICKS
  
  BEST BET
  UNDER 13.0  +105 @ theScore Bet
  Model edge: +4.5%
  Milwaukee Brewers @ Athletics
  
  Also:
  - Los Angeles Angels (Astros @ Angels)  -155 @ Fanatics  |  +2.6%
  
  Season 136-100 (57.6% WR, +31.9u)
  Picks timestamped before first pitch. Record in bio.
  
  Not financial advice. Bet responsibly. 21+
  
  #MLB #MLBpicks #sportsbetting #baseballbetting #sharpbetting #valuebet #totals #DraftKings #FanDuel #BetMGM #edgebetting #bettingmodel #freepicks #dailypicks #sportsbettingtips

  ── X / Twitter ────────────────────────────────────────────────────────

  MLB — Jun 09 | BEST BET
  UNDER 13.0 (Brewers @ Athletics)  +105 @theScoreBet
  Model edge: +4.5%
  Season 136-100 (57.6% WR, +31.9u)
  Not financial advice. Bet responsibly. 21+  #MLB #sportsbetting
  
  ---
  
  Full card:
  - Los Angeles Angels  -155 @Fanatics  (+2.6%)

  ── Reddit ─────────────────────────────────────────────────────────────

  **Overlay AI Model — MLB JUNE 09, 2026**
  
  Running XGBoost + Pythagorean ensemble on MLB team stats. All picks logged with timestamp before first pitch.
  
  ---
  
  **Season 136-100 (57.6% WR, +31.9u)**
  
  **🔒 Totals (model's strongest market)**
  
  | Game | Bet | Odds | Edge | Book |
  |------|-----|------|------|------|
  | Milwaukee Brewers @ Athletics | UNDER 13.0 | +105 | +4.5% | theScore Bet |
  
  **Other Edges**
  
  | Bet | Odds | Edge | Book |
  |-----|------|------|------|
  | Seattle Mariners | -115 | +17.4% | Fanatics |
  | Cincinnati Reds | -120 | +13.9% | Fanatics |
  | St. Louis Cardinals | +110 | +12.8% | theScore Bet |
  | Philadelphia Phillies | -105 | +12.5% | theScore Bet |
  
  ---
  
  *Results posted daily. All picks logged before game time. No paid shills.*
  
  *Not financial advice. Bet responsibly. 21+*

  ── Parlay Instagram ───────────────────────────────────────────────────

  ⚾ Jun 09 SAME-GAME PARLAY — MLB
  
  🎰 4-Leg SAME-GAME PARLAY on FanDuel
  Combined odds: +1355  |  $100 wins $1,355
  
    1. Seattle Mariners ML -120
    2. St. Louis Cardinals ML +114
    3. Los Angeles Dodgers ML -108
    4. Milwaukee Brewers ML -108
  
  🎁 New to FanDuel? Sign up & bet $5+ → get $50 in Bonus Bets
  👉 Sign up link in bio 🔗
  
  Not financial advice. Bet responsibly. 21+
  
  #MLB #sportsbetting #MLBpicks #parlay #sharpbetting #valuebet #DraftKings #FanDuel #BetMGM #bettingmodel

  ── Parlay Reddit ──────────────────────────────────────────────────────

  **Overlay AI — MLB SAME-GAME PARLAY · JUNE 09, 2026**
  
  AI model identified 4 correlated edges — built into a 4-leg same-game parlay on **FanDuel**.
  
  **Combined odds: +1355** | $100 wins **$1,355**
  
  | # | Bet | Odds |
  |---|-----|------|
  | 1 | Seattle Mariners ML -120 | -120 |
  | 2 | St. Louis Cardinals ML +114 | +114 |
  | 3 | Los Angeles Dodgers ML -108 | -108 |
  | 4 | Milwaukee Brewers ML -108 | -108 |
  
  **Sign up via my referral (FanDuel):** Sign up & bet $5+ → get $50 in Bonus Bets — [Sign up here](https://fndl.co/92pew6d)
  
  ---
  
  *All picks timestamped before tip-off/first pitch. Results posted daily.*
  
  *Not financial advice. Bet responsibly. 21+*

  ── Parlay Twitter ─────────────────────────────────────────────────────

  ⚾ Jun 09 | 4-LEG SAME-GAME PARLAY · MLB
  🔒 Seattle Mariners ML -120
  🔒 St. Louis Cardinals ML +114
  🔒 Los Angeles Dodgers ML -108
  🔒 Milwaukee Brewers ML -108
  Combined: +1355  ($100 → $1,355)
  Not financial advice. Bet responsibly. 21+  #MLB #parlay
  
  ---
  
  👇 New to FanDuel? Sign up & bet $5+ → get $50 in Bonus Bets
  Sign up with my link: https://fndl.co/92pew6d

  ── Reddit Mlb Picks ───────────────────────────────────────────────────

  **Overlay AI — MLB Picks · 6/9/26 (Tuesday)**
  
  XGBoost + Pythagorean ensemble | Walk-forward validated | **Season: 77-70 (52.4% WR, +0.0u)**
  
  All picks timestamped before first pitch. No retroactive edits.
  
  ---
  
  **💰 Moneyline Edges**
  
  | Game | Odds | Edge | Book |
  |------|------|------|------|
  | Seattle Mariners vs  | -115 | +17.4% | Fanatics |
  | Washington Nationals vs  | -103 | +15.7% | Bally Bet |
  | Cincinnati Reds vs  | -120 | +13.9% | Fanatics |
  | St. Louis Cardinals vs  | +110 | +12.8% | theScore Bet |
  | Philadelphia Phillies vs  | -105 | +12.5% | theScore Bet |
  
  **⚡ NRFI Plays**
  
  | Game | Bet | Proj% | Book |
  |------|-----|-------|------|
  | Texas Rangers @ Kansas City Royals NRFI (Nathan Eovaldi vs Stephen Kolek) | NRFI -105 | 67% | Caesars |
  | Atlanta Braves @ Chicago White Sox NRFI (Grant Holmes vs Erick Fedde) | NRFI +108 | 64% | FanDuel |
  | St. Louis Cardinals @ New York Mets NRFI (Dustin May vs Freddy Peralta) | NRFI -113 | 67% | FanDuel |
  | New York Yankees @ Cleveland Guardians NRFI (Gerrit Cole vs Slade Cecconi) | NRFI -115 | 67% | FanDuel |
  | Minnesota Twins @ Detroit Tigers NRFI (Taj Bradley vs Troy Melton) | NRFI -118 | 67% | BetMGM |
  
  ---
  
  **Model overview:** Ensemble of XGBoost (pitcher ERA, FIP, xFIP, bullpen REST, lineup wRC+) and Pythagorean expectation. Edge = model win prob minus sportsbook implied prob after vig removal. Only plays where both methods agree are posted as card picks.
  
  Drop questions in the comments — happy to explain any pick.
  
  *Not financial advice. Bet responsibly. 21+*

  ── Reddit Mlb Props ───────────────────────────────────────────────────

  **Overlay AI — MLB Props · 6/9/26 (Tuesday)**
  
  Running XGBoost prop model on pitcher K-rate, batter contact, park factors, and weather. 10 edges found today.
  
  **Season Record (props):** 77-70 (52.4% WR, +0.0u)
  
  ---
  
  **🎯 Pitcher Strikeouts**
  
  | Player | Bet | Odds | Edge | Book |
  |--------|-----|------|------|------|
  | Troy Melton | UNDER Strikeouts 5.5 | -400 | +26.5% (proj: 2.5) | theScore Bet |
  | Trevor Rogers | UNDER Strikeouts 5.5 | -215 | +26.2% (proj: 3.7) | theScore Bet |
  | Nick Martinez | UNDER Strikeouts 4.5 | -240 | +23.1% (proj: 3.0) | theScore Bet |
  | Eric Lauer | UNDER Strikeouts 5.5 | -525 | +21.5% (proj: 3.0) | theScore Bet |
  | Zack Wheeler | UNDER Strikeouts 6.5 | -200 | +19.3% (proj: 5.1) | theScore Bet |
  | Gerrit Cole | UNDER Strikeouts 6.5 | -450 | +17.2% (proj: 4.3) | theScore Bet |
  | Zac Gallen | UNDER Strikeouts 5.5 | -325 | +16.9% (proj: 3.8) | theScore Bet |
  | Freddy Peralta | UNDER Strikeouts 6.5 | -200 | +6.9% (proj: 5.9) | theScore Bet |
  
  ---
  
  **How the prop model works:** Projects pitcher strikeout totals using K/9, opposing team K%, umpire tendencies, and ballpark factors. Batter props use wOBA, hard-hit rate, and matchup data vs. starter handedness.
  
  All picks logged before first pitch. Verified record in post history.
  
  *Not financial advice. Bet responsibly. 21+*

  ── Reddit Potd ────────────────────────────────────────────────────────

  **Overlay AI — Pick of the Day · 6/9/26 (Tuesday)**
  
  **Sport:** MLB
  **Pick:** Seattle Mariners Moneyline -115 @ Fanatics
  **Event:** Seattle Mariners
  **Bet Size:** 1.0 units
  
  ---
  
  **Model Edge:** +17.4% (model: 0.0% vs market: 53.5%)
  **Season Record:** 77-70 (52.4% WR, +0.0u)
  
  ---
  
  **About the Model**
  
  XGBoost + Pythagorean expectation ensemble trained on 10 years of MLB/NBA data. Walk-forward validated on held-out seasons. Edges calculated by comparing model win probability to sportsbook implied probability after vig removal. Kelly criterion used for sizing.
  
  The model runs daily before first pitch/tip-off. All picks are timestamped and logged publicly — you can verify the record at any point. No retroactive changes.
  
  This pick was selected as POTD because it has the highest positive expected value among today's plays within the -200/+200 odds requirement.
  
  ---
  
  *Not financial advice. Bet responsibly. 21+*

  ── NRFI / YRFI ────────────────────────────────────────────────────────

  First inning is where the edge is. Model found these NRFI/YRFI plays 🔒
  
  Jun 9 NRFI / YRFI Plays 🎯
  ━━━━━━━━━━━━━━━
  🔒 Texas Rangers @ Kansas City Royals — NRFI -105 +19.3% edge [Caesars]
  📌 Atlanta Braves @ Chicago White Sox — NRFI +108 +18.9% edge [FanDuel]
  📌 St. Louis Cardinals @ New York Mets — NRFI -113 +17.4% edge [FanDuel]
  • New York Yankees @ Cleveland Guardians — NRFI -115 +16.8% edge [FanDuel]
  • Minnesota Twins @ Detroit Tigers — NRFI -118 +16.4% edge [BetMGM]
  ━━━━━━━━━━━━━━━
  
  Model uses pitcher ERA, K/9 rate, and last 10 starts to project first-inning run probability for both teams. NRFI = neither team scores in the 1st.
  
  Not financial advice. Bet responsibly. 21+
  
  #sportsbetting #mlbpicks #baseballbetting #bettingtips #freepicks #positiveev #kellycriterion #bettingmodel #AIbetting #datadrivenbetting #nrfi #yrfi #firstinning #nrfibets #mlbprops

  ── MONEYLINE PICKS ────────────────────────────────────────────────────

  The model ran all night. Here's what it found 👇
  
  Jun 9 MLB Picks 🔥
  ━━━━━━━━━━━━━━━
  🔒 Seattle Mariners -115 — +17% edge [Fanatics]
  📌 Washington Nationals -103 — +16% edge [Bally Bet]
  📌 Cincinnati Reds -120 — +14% edge [Fanatics]
  • St. Louis Cardinals +110 — +13% edge [theScore Bet]
  • Philadelphia Phillies -105 — +13% edge [theScore Bet]
  ━━━━━━━━━━━━━━━
  
  All picks generated by our ensemble model (XGBoost + Pythagorean). We track every result publicly — link in bio.
  
  Not financial advice. Bet responsibly. 21+
  
  #sportsbetting #mlbpicks #baseballbetting #bettingtips #freepicks #positiveev #kellycriterion #bettingmodel #AIbetting #datadrivenbetting

  ── PROPS ──────────────────────────────────────────────────────────────

  Props sheet is up. These pitcher & batter lines have real edge 🎯
  
  Jun 9 Player Props 🧮
  ━━━━━━━━━━━━━━━
  ⚡ Strikeouts:
    • Troy Melton UNDER 5.5 Ks (proj 2.5) -400 [theScore Bet]
    • Trevor Rogers UNDER 5.5 Ks (proj 3.7) -215 [theScore Bet]
    • Nick Martinez UNDER 4.5 Ks (proj 3.0) -240 [theScore Bet]
  ━━━━━━━━━━━━━━━
  
  Model projects expected Ks using pitcher K/9 rate, last 10 starts, and opposing lineup OPS. We only post when we find real edge vs the book line.
  
  Full slate in the props card above. Swipe for game picks 👆
  
  Not financial advice. Bet responsibly. 21+
  
  #sportsbetting #mlbpicks #baseballbetting #bettingtips #freepicks #positiveev #kellycriterion #bettingmodel #AIbetting #datadrivenbetting #playerpropbets #propbets #mlbprops #strikeoutprop #nhlpicks

  ── TOTALS ─────────────────────────────────────────────────────────────

  The model ran all night. Here's what it found 👇
  
  Jun 9 MLB Picks 🔥
  ━━━━━━━━━━━━━━━
  🔒 UNDER 13.0 (Milwaukee Brewers @ Athletics) +105 — +4.5 run edge [theScore Bet]
  📌 OVER 8.5 (Seattle Mariners @ Baltimore Orioles) -117 — +1.5 run edge [Bally Bet]
  📌 OVER 8.5 (Houston Astros @ Los Angeles Angels) -110 — +1.3 run edge [Hard Rock Bet (OH)]
  • UNDER 12.5 (Chicago Cubs @ Colorado Rockies) -105 — +1.1 run edge [Bally Bet]
  ━━━━━━━━━━━━━━━
  
  All picks generated by our ensemble model (XGBoost + Pythagorean). We track every result publicly — link in bio.
  
  Not financial advice. Bet responsibly. 21+
  
  #sportsbetting #mlbpicks #baseballbetting #bettingtips #freepicks #positiveev #kellycriterion #bettingmodel #AIbetting #datadrivenbetting

  ── RUN LINE ───────────────────────────────────────────────────────────

  The model ran all night. Here's what it found 👇
  
  Jun 9 MLB Picks 🔥
  ━━━━━━━━━━━━━━━
  🔒 Los Angeles Angels (Houston Astros @ Los Angeles Angels) -155 — +2.6 run edge [Fanatics]
  📌 Kansas City Royals (Texas Rangers @ Kansas City Royals) -148 — +2.2 run edge [betPARX]
  ━━━━━━━━━━━━━━━
  
  All picks generated by our ensemble model (XGBoost + Pythagorean). We track every result publicly — link in bio.
  
  Not financial advice. Bet responsibly. 21+
  
  #sportsbetting #mlbpicks #baseballbetting #bettingtips #freepicks #positiveev #kellycriterion #bettingmodel #AIbetting #datadrivenbetting

────────────────────────────────────────────────────────────────────────
  Basketball Wnba
  Source: output/picks/basketball_wnba/20260609
────────────────────────────────────────────────────────────────────────

  ── Instagram ──────────────────────────────────────────────────────────

  NBA — Jun 09 PICKS
  
  BEST BET
  Golden State Valkyries  -105 @ BetMGM
  Model edge: +48.1%
  Phoenix Mercury @ Golden State Valkyries
  
  Also:
  - Golden State Valkyries (Mercury @ Valkyries)  -110 @ DraftKings  |  +46.1%
  - Atlanta Dream (Dream @ Sky)  -105 @ theScore Bet  |  +38.7%
  
  Season 135-97 (58.2% WR, +34.0u)
  Picks timestamped before first pitch. Record in bio.
  
  Not financial advice. Bet responsibly. 21+
  
  #NBA #NBAPlayoffs #sportsbetting #NBApicks #sharpbetting #valuebet #edgebetting #DraftKings #FanDuel #BetMGM #bettingmodel #freepicks #dailypicks #NBAPlayoffs2026

  ── X / Twitter ────────────────────────────────────────────────────────

  NBA — Jun 09 | BEST BET
  Golden State Valkyries (Mercury @ Valkyries)  -105 @BetMGM
  Model edge: +48.1%
  Season 135-97 (58.2% WR, +34.0u)
  Not financial advice. Bet responsibly. 21+  #NBAPlayoffs #sportsbetting
  
  ---
  
  Full card:
  - Golden State Valkyries  -110 @DraftKings  (+46.1%)
  - Atlanta Dream  -105 @theScoreBet  (+38.7%)
  - Minnesota Lynx  -102 @DraftKings  (+36.1%)

  ── Reddit ─────────────────────────────────────────────────────────────

  **Overlay AI Model — NBA PLAYOFFS JUNE 09, 2026**
  
  Running XGBoost on NBA efficiency ratings (ORtg/DRtg/Pace). Walk-forward validated on 2015-2026 games. All picks logged with timestamp before tip-off.
  
  ---
  
  **Season 135-97 (58.2% WR, +34.0u)**
  
  **🔒 Totals (model's strongest market)**
  
  | Game | Bet | Odds | Edge | Book |
  |------|-----|------|------|------|
  | Dallas Wings @ Minnesota Lynx | OVER 170.5 | -110 | +6.8% | theScore Bet |
  
  **Other Edges**
  
  | Bet | Odds | Edge | Book |
  |-----|------|------|------|
  | Golden State Valkyries | -105 | +48.1% | BetMGM |
  | Golden State Valkyries | -110 | +46.1% | DraftKings |
  | Atlanta Dream | -105 | +38.7% | theScore Bet |
  | Minnesota Lynx | -102 | +36.1% | DraftKings |
  
  ---
  
  *Results posted daily. All picks logged before game time. No paid shills.*
  
  *Not financial advice. Bet responsibly. 21+*

════════════════════════════════════════════════════════════════════════


════════════════════════════════════════════════════════════════════════
  CAPTIONS — JUNE 10, 2026
════════════════════════════════════════════════════════════════════════

────────────────────────────────────────────────────────────────────────
  MLB
  Source: output/picks/baseball_mlb/20260610
────────────────────────────────────────────────────────────────────────

  ── Instagram ──────────────────────────────────────────────────────────

  MLB — Jun 10 PICKS
  
  BEST BET
  UNDER 12.0  +105 @ Hard Rock Bet
  Model edge: +50.0%
  Chicago Cubs @ Colorado Rockies
  
  Also:
  - UNDER 10.0 (Rangers @ Royals)  +105 @ theScore Bet  |  +2.3%
  - UNDER 9.0 (Twins @ Tigers)  +102 @ DraftKings  |  +1.6%
  
  Season 137-101 (57.6% WR, +32.5u)
  Picks timestamped before first pitch. Record in bio.
  
  Not financial advice. Bet responsibly. 21+
  
  #MLB #MLBpicks #sportsbetting #baseballbetting #sharpbetting #valuebet #totals #DraftKings #FanDuel #BetMGM #edgebetting #bettingmodel #freepicks #dailypicks #sportsbettingtips

  ── X / Twitter ────────────────────────────────────────────────────────

  MLB — Jun 10 | BEST BET
  UNDER 12.0 (Cubs @ Rockies)  +105 @HardRockBet
  Model edge: +50.0%
  Season 137-101 (57.6% WR, +32.5u)
  Not financial advice. Bet responsibly. 21+  #MLB #sportsbetting
  
  ---
  
  Full card:
  - UNDER 10.0  +105 @theScoreBet  (+2.3%)
  - UNDER 9.0  +102 @DraftKings  (+1.6%)
  - UNDER 8.0  +100 @Caesars  (+1.3%)

  ── Reddit ─────────────────────────────────────────────────────────────

  **Overlay AI Model — MLB JUNE 10, 2026**
  
  Running XGBoost + Pythagorean ensemble on MLB team stats. All picks logged with timestamp before first pitch.
  
  ---
  
  **Season 137-101 (57.6% WR, +32.5u)**
  
  **🔒 Totals (model's strongest market)**
  
  | Game | Bet | Odds | Edge | Book |
  |------|-----|------|------|------|
  | Chicago Cubs @ Colorado Rockies | UNDER 12.0 | +105 | +50.0% | Hard Rock Bet |
  | Texas Rangers @ Kansas City Royals | UNDER 10.0 | +105 | +2.3% | theScore Bet |
  | Minnesota Twins @ Detroit Tigers | UNDER 9.0 | +102 | +1.6% | DraftKings |
  | Cincinnati Reds @ San Diego Padres | UNDER 8.0 | +100 | +1.3% | Caesars |
  
  **Other Edges**
  
  | Bet | Odds | Edge | Book |
  |-----|------|------|------|
  | Minnesota Twins | +150 | +17.6% | Caesars |
  | New York Yankees | +102 | +15.0% | FanDuel |
  | Philadelphia Phillies | -135 | +14.8% | Caesars |
  | Boston Red Sox | +136 | +14.8% | FanDuel |
  
  ---
  
  *Results posted daily. All picks logged before game time. No paid shills.*
  
  *Not financial advice. Bet responsibly. 21+*

  ── Parlay Instagram ───────────────────────────────────────────────────

  ⚾ Jun 10 SAME-GAME PARLAY — MLB
  
  🎰 4-Leg SAME-GAME PARLAY on FanDuel
  Combined odds: +1717  |  $100 wins $1,717
  
    1. New York Yankees ML +102
    2. Boston Red Sox ML +136
    3. Milwaukee Brewers ML -104
    4. Washington Nationals ML -106
  
  🎁 New to FanDuel? Sign up & bet $5+ → get $50 in Bonus Bets
  👉 Sign up link in bio 🔗
  
  Not financial advice. Bet responsibly. 21+
  
  #MLB #sportsbetting #MLBpicks #parlay #sharpbetting #valuebet #DraftKings #FanDuel #BetMGM #bettingmodel

  ── Parlay Reddit ──────────────────────────────────────────────────────

  **Overlay AI — MLB SAME-GAME PARLAY · JUNE 10, 2026**
  
  AI model identified 4 correlated edges — built into a 4-leg same-game parlay on **FanDuel**.
  
  **Combined odds: +1717** | $100 wins **$1,717**
  
  | # | Bet | Odds |
  |---|-----|------|
  | 1 | New York Yankees ML +102 | +102 |
  | 2 | Boston Red Sox ML +136 | +136 |
  | 3 | Milwaukee Brewers ML -104 | -104 |
  | 4 | Washington Nationals ML -106 | -106 |
  
  **Sign up via my referral (FanDuel):** Sign up & bet $5+ → get $50 in Bonus Bets — [Sign up here](https://fndl.co/92pew6d)
  
  ---
  
  *All picks timestamped before tip-off/first pitch. Results posted daily.*
  
  *Not financial advice. Bet responsibly. 21+*

  ── Parlay Twitter ─────────────────────────────────────────────────────

  ⚾ Jun 10 | 4-LEG SAME-GAME PARLAY · MLB
  🔒 New York Yankees ML +102
  🔒 Boston Red Sox ML +136
  🔒 Milwaukee Brewers ML -104
  🔒 Washington Nationals ML -106
  Combined: +1717  ($100 → $1,717)
  Not financial advice. Bet responsibly. 21+  #MLB #parlay
  
  ---
  
  👇 New to FanDuel? Sign up & bet $5+ → get $50 in Bonus Bets
  Sign up with my link: https://fndl.co/92pew6d

  ── Reddit Mlb Picks ───────────────────────────────────────────────────

  **Overlay AI — MLB Picks · 6/10/26 (Wednesday)**
  
  XGBoost + Pythagorean ensemble | Walk-forward validated | **Season: 78-70 (52.7% WR, +0.0u)**
  
  All picks timestamped before first pitch. No retroactive edits.
  
  ---
  
  **💰 Moneyline Edges**
  
  | Game | Odds | Edge | Book |
  |------|------|------|------|
  | Minnesota Twins vs  | +150 | +17.6% | Caesars |
  | New York Yankees vs  | +102 | +15.0% | FanDuel |
  | Philadelphia Phillies vs  | -135 | +14.8% | Caesars |
  | Boston Red Sox vs  | +136 | +14.8% | FanDuel |
  | Milwaukee Brewers vs  | -104 | +13.4% | FanDuel |
  
  **⚡ NRFI Plays**
  
  | Game | Bet | Proj% | Book |
  |------|-----|-------|------|
  | Texas Rangers @ Kansas City Royals NRFI (MacKenzie Gore vs Seth Lugo) | NRFI +105 | 65% | BetMGM |
  | St. Louis Cardinals @ New York Mets NRFI (Andre Pallante vs Austin Warren) | NRFI -106 | 67% | FanDuel |
  | Los Angeles Dodgers @ Pittsburgh Pirates NRFI (Shohei Ohtani vs Jared Jones) | NRFI -115 | 67% | FanDuel |
  | Seattle Mariners @ Baltimore Orioles NRFI (George Kirby vs Brandon Young) | NRFI -110 | 64% | BetMGM |
  | Cincinnati Reds @ San Diego Padres NRFI (Brady Singer vs Michael King) | NRFI -113 | 63% | FanDuel |
  
  ---
  
  **Model overview:** Ensemble of XGBoost (pitcher ERA, FIP, xFIP, bullpen REST, lineup wRC+) and Pythagorean expectation. Edge = model win prob minus sportsbook implied prob after vig removal. Only plays where both methods agree are posted as card picks.
  
  Drop questions in the comments — happy to explain any pick.
  
  *Not financial advice. Bet responsibly. 21+*

  ── Reddit Mlb Props ───────────────────────────────────────────────────

  **Overlay AI — MLB Props · 6/10/26 (Wednesday)**
  
  Running XGBoost prop model on pitcher K-rate, batter contact, park factors, and weather. 13 edges found today.
  
  **Season Record (props):** 78-70 (52.7% WR, +0.0u)
  
  ---
  
  **🎯 Pitcher Strikeouts**
  
  | Player | Bet | Odds | Edge | Book |
  |--------|-----|------|------|------|
  | Jake Bennett | UNDER Strikeouts 3.5 | -188 | +27.4% (proj: 2.2) | FanDuel |
  | Ryan Gusto | OVER Strikeouts 3.5 | -108 | +25.4% (proj: 5.5) | BetRivers |
  | Max Scherzer | UNDER Strikeouts 4.5 | -225 | +22.8% (proj: 3.0) | theScore Bet |
  | Ryne Nelson | UNDER Strikeouts 4.5 | -140 | +22.0% (proj: 3.6) | Fanatics |
  | Michael King | UNDER Strikeouts 7.5 | -400 | +20.8% (proj: 4.9) | theScore Bet |
  | Shohei Ohtani | UNDER Strikeouts 7.5 | -220 | +18.2% (proj: 5.9) | theScore Bet |
  | Robbie Ray | UNDER Strikeouts 5.5 | -160 | +17.0% (proj: 4.5) | FanDuel |
  | Chris Sale | UNDER Strikeouts 8.5 | -260 | +16.2% (proj: 6.7) | theScore Bet |
  
  ---
  
  **How the prop model works:** Projects pitcher strikeout totals using K/9, opposing team K%, umpire tendencies, and ballpark factors. Batter props use wOBA, hard-hit rate, and matchup data vs. starter handedness.
  
  All picks logged before first pitch. Verified record in post history.
  
  *Not financial advice. Bet responsibly. 21+*

  ── Reddit Potd ────────────────────────────────────────────────────────

  **Overlay AI — Pick of the Day · 6/10/26 (Wednesday)**
  
  **Sport:** MLB
  **Pick:** Minnesota Twins Moneyline +150 @ Caesars
  **Event:** Minnesota Twins
  **Bet Size:** 1.0 units
  
  ---
  
  **Model Edge:** +17.6% (model: 0.0% vs market: 40.0%)
  **Season Record:** 78-70 (52.7% WR, +0.0u)
  
  ---
  
  **About the Model**
  
  XGBoost + Pythagorean expectation ensemble trained on 10 years of MLB/NBA data. Walk-forward validated on held-out seasons. Edges calculated by comparing model win probability to sportsbook implied probability after vig removal. Kelly criterion used for sizing.
  
  The model runs daily before first pitch/tip-off. All picks are timestamped and logged publicly — you can verify the record at any point. No retroactive changes.
  
  This pick was selected as POTD because it has the highest positive expected value among today's plays within the -200/+200 odds requirement.
  
  ---
  
  *Not financial advice. Bet responsibly. 21+*

  ── NRFI / YRFI ────────────────────────────────────────────────────────

  Books misprice first innings more than any other market. Here's what we found.
  
  Jun 10 NRFI / YRFI Plays 🎯
  ━━━━━━━━━━━━━━━
  🔒 Texas Rangers @ Kansas City Royals — NRFI +105 +19.5% edge [BetMGM]
  📌 St. Louis Cardinals @ New York Mets — NRFI -106 +18.7% edge [FanDuel]
  📌 Los Angeles Dodgers @ Pittsburgh Pirates — NRFI -115 +16.1% edge [FanDuel]
  • Seattle Mariners @ Baltimore Orioles — NRFI -110 +15.0% edge [BetMGM]
  • Cincinnati Reds @ San Diego Padres — NRFI -113 +12.5% edge [FanDuel]
  ━━━━━━━━━━━━━━━
  
  Model uses pitcher ERA, K/9 rate, and last 10 starts to project first-inning run probability for both teams. NRFI = neither team scores in the 1st.
  
  Not financial advice. Bet responsibly. 21+
  
  #sportsbetting #mlbpicks #baseballbetting #bettingtips #freepicks #baseballpicks #mlbtoday #baseballfan #baseballlife #mlbgames #nrfi #yrfi #firstinning #nrfibets #mlbprops

  ── MONEYLINE PICKS ────────────────────────────────────────────────────

  AI ran the numbers on today's slate. These 5 games have edge.
  
  Jun 10 MLB Picks 🔥
  ━━━━━━━━━━━━━━━
  🔒 Minnesota Twins +150 — +18% edge [Caesars]
  📌 New York Yankees +102 — +15% edge [FanDuel]
  📌 Philadelphia Phillies -135 — +15% edge [Caesars]
  • Boston Red Sox +136 — +15% edge [FanDuel]
  • Milwaukee Brewers -104 — +13% edge [FanDuel]
  ━━━━━━━━━━━━━━━
  
  All picks generated by our ensemble model (XGBoost + Pythagorean). We track every result publicly — link in bio.
  
  Not financial advice. Bet responsibly. 21+
  
  #sportsbetting #mlbpicks #baseballbetting #bettingtips #freepicks #baseballpicks #mlbtoday #baseballfan #baseballlife #mlbgames

  ── PROPS ──────────────────────────────────────────────────────────────

  Found some fat lines in today's player props. Model says bet these.
  
  Jun 10 Player Props 🧮
  ━━━━━━━━━━━━━━━
  ⚡ Strikeouts:
    • Jake Bennett UNDER 3.5 Ks (proj 2.2) -188 [FanDuel]
    • Ryan Gusto OVER 3.5 Ks (proj 5.5) -108 [BetRivers]
    • Max Scherzer UNDER 4.5 Ks (proj 3.0) -225 [theScore Bet]
  ━━━━━━━━━━━━━━━
  
  Model projects expected Ks using pitcher K/9 rate, last 10 starts, and opposing lineup OPS. We only post when we find real edge vs the book line.
  
  Full slate in the props card above. Swipe for game picks 👆
  
  Not financial advice. Bet responsibly. 21+
  
  #sportsbetting #mlbpicks #baseballbetting #bettingtips #freepicks #baseballpicks #mlbtoday #baseballfan #baseballlife #mlbgames #playerpropbets #propbets #mlbprops #strikeoutprop #nhlpicks

  ── TOTALS ─────────────────────────────────────────────────────────────

  AI ran the numbers on today's slate. These 5 games have edge.
  
  Jun 10 MLB Picks 🔥
  ━━━━━━━━━━━━━━━
  🔒 UNDER 10.0 (Texas Rangers @ Kansas City Royals) +105 — +2.3 run edge [theScore Bet]
  📌 UNDER 9.0 (Minnesota Twins @ Detroit Tigers) +102 — +1.6 run edge [DraftKings]
  📌 UNDER 8.0 (Cincinnati Reds @ San Diego Padres) +100 — +1.3 run edge [Caesars]
  • UNDER 12.0 (Chicago Cubs @ Colorado Rockies) +105 — +1.0 run edge [Hard Rock Bet]
  ━━━━━━━━━━━━━━━
  
  All picks generated by our ensemble model (XGBoost + Pythagorean). We track every result publicly — link in bio.
  
  Not financial advice. Bet responsibly. 21+
  
  #sportsbetting #mlbpicks #baseballbetting #bettingtips #freepicks #baseballpicks #mlbtoday #baseballfan #baseballlife #mlbgames

  ── RUN LINE ───────────────────────────────────────────────────────────

  AI ran the numbers on today's slate. These 5 games have edge.
  
  Jun 10 MLB Picks 🔥
  ━━━━━━━━━━━━━━━
  🔒 Kansas City Royals (Texas Rangers @ Kansas City Royals) -150 — +2.2 run edge [Bally Bet]
  ━━━━━━━━━━━━━━━
  
  All picks generated by our ensemble model (XGBoost + Pythagorean). We track every result publicly — link in bio.
  
  Not financial advice. Bet responsibly. 21+
  
  #sportsbetting #mlbpicks #baseballbetting #bettingtips #freepicks #baseballpicks #mlbtoday #baseballfan #baseballlife #mlbgames

────────────────────────────────────────────────────────────────────────
  NBA
  Source: output/picks/basketball_nba/20260610
────────────────────────────────────────────────────────────────────────

  ── Instagram ──────────────────────────────────────────────────────────

  NBA — Jun 10 PICKS
  
  BEST BET
  OVER 216.5  -105 @ theScore Bet
  Model edge: +16.1%
  San Antonio Spurs @ New York Knicks
  
  Season 137-101 (57.6% WR, +32.5u)
  Picks timestamped before first pitch. Record in bio.
  
  Not financial advice. Bet responsibly. 21+
  
  #NBA #NBAPlayoffs #sportsbetting #NBApicks #sharpbetting #valuebet #edgebetting #DraftKings #FanDuel #BetMGM #bettingmodel #freepicks #dailypicks #NBAPlayoffs2026

  ── X / Twitter ────────────────────────────────────────────────────────

  NBA — Jun 10 | BEST BET
  OVER 216.5 (Spurs @ Knicks)  -105 @theScoreBet
  Model edge: +16.1%
  Season 137-101 (57.6% WR, +32.5u)
  Not financial advice. Bet responsibly. 21+  #NBAPlayoffs #sportsbetting

  ── Reddit ─────────────────────────────────────────────────────────────

  **Overlay AI Model — NBA PLAYOFFS JUNE 10, 2026**
  
  Running XGBoost on NBA efficiency ratings (ORtg/DRtg/Pace). Walk-forward validated on 2015-2026 games. All picks logged with timestamp before tip-off.
  
  ---
  
  **Season 137-101 (57.6% WR, +32.5u)**
  
  **🔒 Totals (model's strongest market)**
  
  | Game | Bet | Odds | Edge | Book |
  |------|-----|------|------|------|
  | San Antonio Spurs @ New York Knicks | OVER 216.5 | -105 | +16.1% | theScore Bet |
  
  ---
  
  *Results posted daily. All picks logged before game time. No paid shills.*
  
  *Not financial advice. Bet responsibly. 21+*

  ── Reddit Nba Picks ───────────────────────────────────────────────────

  **Overlay AI — NBA Picks · 6/10/26 (Wednesday)**
  
  XGBoost on ORtg/DRtg/Pace efficiency ratings | **Season: 54-27 (66.7% WR, +0.0u)**
  
  All picks timestamped before tip-off. Verified record in post history.
  
  ---
  
  **📊 Totals (O/U)**
  
  | Game | Bet | Edge | Book |
  |------|-----|------|------|
  | San Antonio Spurs @ New York Knicks | OVER  -105 | +16.1% | theScore Bet |
  
  ---
  
  **Model overview:** Trains on 10 years of NBA box scores. Features: offensive/defensive rating, pace, rest advantage, travel, home court, lineup injury adjustments. Walk-forward validated — no look-ahead bias. Edge = model probability minus sportsbook implied after vig removal.
  
  Drop any questions below.
  
  *Not financial advice. Bet responsibly. 21+*

  ── Reddit Potd ────────────────────────────────────────────────────────

  **Overlay AI — Pick of the Day · 6/10/26 (Wednesday)**
  
  **Sport:** NBA
  **Pick:** OVER 216.5 TOTAL -105 @ theScore Bet
  **Event:** San Antonio Spurs @ New York Knicks
  **Bet Size:** 1.0 units
  
  ---
  
  **Model Edge:** +16.1% (model: 0.0% vs market: 51.2%)
  **Season Record:** 54-27 (66.7% WR, +0.0u)
  
  ---
  
  **About the Model**
  
  XGBoost + Pythagorean expectation ensemble trained on 10 years of MLB/NBA data. Walk-forward validated on held-out seasons. Edges calculated by comparing model win probability to sportsbook implied probability after vig removal. Kelly criterion used for sizing.
  
  The model runs daily before first pitch/tip-off. All picks are timestamped and logged publicly — you can verify the record at any point. No retroactive changes.
  
  This pick was selected as POTD because it has the highest positive expected value among today's plays within the -200/+200 odds requirement.
  
  ---
  
  *Not financial advice. Bet responsibly. 21+*

  ── MONEYLINE PICKS ────────────────────────────────────────────────────

  NBA Playoffs. Model ran all night. These lines have value.
  
  Jun 10 NBA PLAYOFFS Picks 🔥
  ━━━━━━━━━━━━━━━
  🔒 OVER 216.5 (SAN vs NEW) -105 — +16.1% edge [theScore Bet]
  ━━━━━━━━━━━━━━━
  
  Picks generated by our efficiency-rating model (ORtg/DRtg/Pace). We track every result publicly — link in bio.
  
  Not financial advice. Bet responsibly. 21+
  
  #NBA #NBAPlayoffs #sportsbetting #NBApicks #basketballpicks #NBAtoday #NBAbasketball #basketballbetting #NBAPlayoffs2026 #playoffs #NBAplayoff

  ── TOTALS ─────────────────────────────────────────────────────────────

  Model projected tonight's totals. These lines are off.
  
  Jun 10 NBA PLAYOFFS Totals 📊
  ━━━━━━━━━━━━━━━
  🔒 OVER 216.5 (San Antonio Spurs @ New York Knicks) -105 — +16.1% edge [theScore Bet]
  ━━━━━━━━━━━━━━━
  
  Pace + ORtg/DRtg model projects the final score of every game. Only posting where we find edge.
  
  Not financial advice. Bet responsibly. 21+
  
  #NBA #NBAPlayoffs #sportsbetting #NBApicks #basketballpicks #NBAtoday #NBAbasketball #basketballbetting #NBAPlayoffs2026 #playoffs #NBAplayoff #NBAtotals #NBAovers #NBAunders

────────────────────────────────────────────────────────────────────────
  Basketball Wnba
  Source: output/picks/basketball_wnba/20260610
────────────────────────────────────────────────────────────────────────

  ── Instagram ──────────────────────────────────────────────────────────

  NBA — Jun 10 PICKS
  
  BEST BET
  Toronto Tempo  +100 @ theScore Bet
  Model edge: +49.0%
  Connecticut Sun @ Toronto Tempo
  
  Also:
  - Los Angeles Sparks (Sparks @ Storm)  -110 @ FanDuel  |  +25.1%
  - UNDER 169.5 (Sun @ Tempo)  -102 @ BetMGM  |  +22.7%
  
  Season 136-100 (57.6% WR, +31.9u)
  Picks timestamped before first pitch. Record in bio.
  
  Not financial advice. Bet responsibly. 21+
  
  #NBA #NBAPlayoffs #sportsbetting #NBApicks #sharpbetting #valuebet #edgebetting #DraftKings #FanDuel #BetMGM #bettingmodel #freepicks #dailypicks #NBAPlayoffs2026

  ── X / Twitter ────────────────────────────────────────────────────────

  NBA — Jun 10 | BEST BET
  Toronto Tempo (Sun @ Tempo)  +100 @theScoreBet
  Model edge: +49.0%
  Season 136-100 (57.6% WR, +31.9u)
  Not financial advice. Bet responsibly. 21+  #NBAPlayoffs #sportsbetting
  
  ---
  
  Full card:
  - Los Angeles Sparks  -110 @FanDuel  (+25.1%)
  - UNDER 169.5  -102 @BetMGM  (+22.7%)
  - UNDER 170.0  -110 @Fanatics  (+22.0%)

  ── Reddit ─────────────────────────────────────────────────────────────

  **Overlay AI Model — NBA PLAYOFFS JUNE 10, 2026**
  
  Running XGBoost on NBA efficiency ratings (ORtg/DRtg/Pace). Walk-forward validated on 2015-2026 games. All picks logged with timestamp before tip-off.
  
  ---
  
  **Season 136-100 (57.6% WR, +31.9u)**
  
  **🔒 Totals (model's strongest market)**
  
  | Game | Bet | Odds | Edge | Book |
  |------|-----|------|------|------|
  | Connecticut Sun @ Toronto Tempo | UNDER 169.5 | -102 | +22.7% | BetMGM |
  | Connecticut Sun @ Toronto Tempo | UNDER 170.0 | -110 | +22.0% | Fanatics |
  | Los Angeles Sparks @ Seattle Storm | UNDER 169.5 | -110 | +19.9% | DraftKings |
  | Los Angeles Sparks @ Seattle Storm | UNDER 168.5 | -105 | +18.9% | theScore Bet |
  
  **Other Edges**
  
  | Bet | Odds | Edge | Book |
  |-----|------|------|------|
  | Toronto Tempo | +100 | +49.0% | theScore Bet |
  | Los Angeles Sparks | -110 | +25.1% | FanDuel |
  | Seattle Storm | +200 | +15.9% | Fliff |
  | Toronto Tempo | -290 | +13.9% | FanDuel |
  
  ---
  
  *Results posted daily. All picks logged before game time. No paid shills.*
  
  *Not financial advice. Bet responsibly. 21+*

════════════════════════════════════════════════════════════════════════


════════════════════════════════════════════════════════════════════════
  CAPTIONS — JUNE 11, 2026
════════════════════════════════════════════════════════════════════════

────────────────────────────────────────────────────────────────────────
  MLB
  Source: output/picks/baseball_mlb/20260611
────────────────────────────────────────────────────────────────────────

  ── Instagram ──────────────────────────────────────────────────────────

  MLB — Jun 11 PICKS
  
  BEST BET
  UNDER 9.5  -114 @ DraftKings
  Model edge: +50.0%
  Los Angeles Dodgers @ Pittsburgh Pirates
  
  Also:
  - Minnesota Twins (Twins @ Tigers)  -175 @ Fanatics  |  +50.0%
  - St. Louis Cardinals (Cardinals @ Mets)  -170 @ Caesars  |  +50.0%
  
  Season 138-102 (57.5% WR, +32.4u)
  Picks timestamped before first pitch. Record in bio.
  
  Not financial advice. Bet responsibly. 21+
  
  #MLB #MLBpicks #sportsbetting #baseballbetting #sharpbetting #valuebet #totals #DraftKings #FanDuel #BetMGM #edgebetting #bettingmodel #freepicks #dailypicks #sportsbettingtips

  ── X / Twitter ────────────────────────────────────────────────────────

  MLB — Jun 11 | BEST BET
  UNDER 9.5 (Dodgers @ Pirates)  -114 @DraftKings
  Model edge: +50.0%
  Season 138-102 (57.5% WR, +32.4u)
  Not financial advice. Bet responsibly. 21+  #MLB #sportsbetting
  
  ---
  
  Full card:
  - Minnesota Twins  -175 @Fanatics  (+50.0%)
  - St. Louis Cardinals  -170 @Caesars  (+50.0%)
  - Baltimore Orioles  -165 @Fanatics  (+2.2%)

  ── Reddit ─────────────────────────────────────────────────────────────

  **Overlay AI Model — MLB JUNE 11, 2026**
  
  Running XGBoost + Pythagorean ensemble on MLB team stats. All picks logged with timestamp before first pitch.
  
  ---
  
  **Season 138-102 (57.5% WR, +32.4u)**
  
  **🔒 Totals (model's strongest market)**
  
  | Game | Bet | Odds | Edge | Book |
  |------|-----|------|------|------|
  | Los Angeles Dodgers @ Pittsburgh Pirates | UNDER 9.5 | -114 | +50.0% | DraftKings |
  | Texas Rangers @ Kansas City Royals | UNDER 10.5 | -114 | +2.1% | DraftKings |
  | Minnesota Twins @ Detroit Tigers | UNDER 9.5 | -114 | +1.5% | DraftKings |
  | Seattle Mariners @ Baltimore Orioles | OVER 8.5 | -110 | +1.5% | Fliff |
  
  **Other Edges**
  
  | Bet | Odds | Edge | Book |
  |-----|------|------|------|
  | Minnesota Twins | -175 | +50.0% | Fanatics |
  | St. Louis Cardinals | -170 | +50.0% | Caesars |
  | St. Louis Cardinals | +122 | +15.7% | FanDuel |
  | Minnesota Twins | +115 | +15.4% | Caesars |
  
  ---
  
  *Results posted daily. All picks logged before game time. No paid shills.*
  
  *Not financial advice. Bet responsibly. 21+*

  ── Parlay Instagram ───────────────────────────────────────────────────

  ⚾ Jun 11 SAME-GAME PARLAY — MLB
  
  🎰 4-Leg SAME-GAME PARLAY on FanDuel
  Combined odds: +1214  |  $100 wins $1,214
  
    1. St. Louis Cardinals ML +122
    2. Texas Rangers ML +100
    3. Atlanta Braves ML -118
    4. Los Angeles Dodgers ML -166
  
  🎁 New to FanDuel? Sign up & bet $5+ → get $50 in Bonus Bets
  👉 Sign up link in bio 🔗
  
  Not financial advice. Bet responsibly. 21+
  
  #MLB #sportsbetting #MLBpicks #parlay #sharpbetting #valuebet #DraftKings #FanDuel #BetMGM #bettingmodel

  ── Parlay Reddit ──────────────────────────────────────────────────────

  **Overlay AI — MLB SAME-GAME PARLAY · JUNE 11, 2026**
  
  AI model identified 4 correlated edges — built into a 4-leg same-game parlay on **FanDuel**.
  
  **Combined odds: +1214** | $100 wins **$1,214**
  
  | # | Bet | Odds |
  |---|-----|------|
  | 1 | St. Louis Cardinals ML +122 | +122 |
  | 2 | Texas Rangers ML +100 | +100 |
  | 3 | Atlanta Braves ML -118 | -118 |
  | 4 | Los Angeles Dodgers ML -166 | -166 |
  
  **Sign up via my referral (FanDuel):** Sign up & bet $5+ → get $50 in Bonus Bets — [Sign up here](https://fndl.co/92pew6d)
  
  ---
  
  *All picks timestamped before tip-off/first pitch. Results posted daily.*
  
  *Not financial advice. Bet responsibly. 21+*

  ── Parlay Twitter ─────────────────────────────────────────────────────

  ⚾ Jun 11 | 4-LEG SAME-GAME PARLAY · MLB
  🔒 St. Louis Cardinals ML +122
  🔒 Texas Rangers ML +100
  🔒 Atlanta Braves ML -118
  🔒 Los Angeles Dodgers ML -166
  Combined: +1214  ($100 → $1,214)
  Not financial advice. Bet responsibly. 21+  #MLB #parlay
  
  ---
  
  👇 New to FanDuel? Sign up & bet $5+ → get $50 in Bonus Bets
  Sign up with my link: https://fndl.co/92pew6d

  ── Reddit Mlb Picks ───────────────────────────────────────────────────

  **Overlay AI — MLB Picks · 6/11/26 (Thursday)**
  
  XGBoost + Pythagorean ensemble | Walk-forward validated | **Season: 79-70 (53.0% WR, +0.0u)**
  
  All picks timestamped before first pitch. No retroactive edits.
  
  ---
  
  **💰 Moneyline Edges**
  
  | Game | Odds | Edge | Book |
  |------|------|------|------|
  | Minnesota Twins vs  | +115 | +15.4% | Caesars |
  | Texas Rangers vs  | +100 | +14.1% | FanDuel |
  | Atlanta Braves vs  | -118 | +13.0% | FanDuel |
  | St. Louis Cardinals vs  | +122 | +15.7% | FanDuel |
  | Arizona Diamondbacks vs  | +110 | +10.8% | Betfair |
  
  **⚡ NRFI Plays**
  
  | Game | Bet | Proj% | Book |
  |------|-----|-------|------|
  | Texas Rangers @ Kansas City Royals NRFI (Kumar Rocker vs Michael Wacha) | NRFI +110 | 66% | BetMGM |
  | St. Louis Cardinals @ New York Mets NRFI (Hunter Dobbins vs Christian Scott) | NRFI -106 | 67% | FanDuel |
  | Chicago Cubs @ Colorado Rockies NRFI (Edward Cabrera vs Ryan Feltner) | NRFI +120 | 61% | FanDuel |
  | Arizona Diamondbacks @ Miami Marlins NRFI (Merrill Kelly vs Tyler Phillips) | NRFI -102 | 64% | FanDuel |
  | Minnesota Twins @ Detroit Tigers NRFI (Zebby Matthews vs Keider Montero) | NRFI -102 | 64% | FanDuel |
  
  ---
  
  **Model overview:** Ensemble of XGBoost (pitcher ERA, FIP, xFIP, bullpen REST, lineup wRC+) and Pythagorean expectation. Edge = model win prob minus sportsbook implied prob after vig removal. Only plays where both methods agree are posted as card picks.
  
  Drop questions in the comments — happy to explain any pick.
  
  *Not financial advice. Bet responsibly. 21+*

  ── Reddit Mlb Props ───────────────────────────────────────────────────

  **Overlay AI — MLB Props · 6/11/26 (Thursday)**
  
  Running XGBoost prop model on pitcher K-rate, batter contact, park factors, and weather. 9 edges found today.
  
  **Season Record (props):** 79-70 (53.0% WR, +0.0u)
  
  ---
  
  **🎯 Pitcher Strikeouts**
  
  | Player | Bet | Odds | Edge | Book |
  |--------|-----|------|------|------|
  | Hunter Dobbins | OVER Strikeouts 3.5 | +100 | +31.6% (proj: 5.9) | BetRivers |
  | Merrill Kelly | UNDER Strikeouts 5.5 | -400 | +23.5% (proj: 3.1) | theScore Bet |
  | Kyle Bradish | UNDER Strikeouts 6.5 | -250 | +17.9% (proj: 4.9) | theScore Bet |
  | Keider Montero | UNDER Strikeouts 4.5 | -240 | +15.0% (proj: 3.4) | theScore Bet |
  | Justin Wrobleski | UNDER Strikeouts 5.5 | -225 | +13.8% (proj: 4.4) | theScore Bet |
  | Michael Wacha | UNDER Strikeouts 5.5 | -240 | +8.6% (proj: 4.6) | theScore Bet |
  | Zebby Matthews | UNDER Strikeouts 5.5 | -225 | +7.7% (proj: 4.7) | theScore Bet |
  | Mitch Keller | UNDER Strikeouts 5.5 | -425 | +5.7% (proj: 4.3) | theScore Bet |
  
  ---
  
  **How the prop model works:** Projects pitcher strikeout totals using K/9, opposing team K%, umpire tendencies, and ballpark factors. Batter props use wOBA, hard-hit rate, and matchup data vs. starter handedness.
  
  All picks logged before first pitch. Verified record in post history.
  
  *Not financial advice. Bet responsibly. 21+*

  ── Reddit Potd ────────────────────────────────────────────────────────

  **Overlay AI — Pick of the Day · 6/11/26 (Thursday)**
  
  **Sport:** MLB
  **Pick:** St. Louis Cardinals Moneyline +122 @ FanDuel
  **Event:** St. Louis Cardinals
  **Bet Size:** 1.0 units
  
  ---
  
  **Model Edge:** +15.7% (model: 0.0% vs market: 45.0%)
  **Season Record:** 79-70 (53.0% WR, +0.0u)
  
  ---
  
  **About the Model**
  
  XGBoost + Pythagorean expectation ensemble trained on 10 years of MLB/NBA data. Walk-forward validated on held-out seasons. Edges calculated by comparing model win probability to sportsbook implied probability after vig removal. Kelly criterion used for sizing.
  
  The model runs daily before first pitch/tip-off. All picks are timestamped and logged publicly — you can verify the record at any point. No retroactive changes.
  
  This pick was selected as POTD because it has the highest positive expected value among today's plays within the -200/+200 odds requirement.
  
  ---
  
  *Not financial advice. Bet responsibly. 21+*

  ── NRFI / YRFI ────────────────────────────────────────────────────────

  NRFI bets hit at 42% historically. Model says these games are above that. 📊
  
  Jun 11 NRFI / YRFI Plays 🎯
  ━━━━━━━━━━━━━━━
  🔒 Texas Rangers @ Kansas City Royals — NRFI +110 +21.4% edge [BetMGM]
  📌 St. Louis Cardinals @ New York Mets — NRFI -106 +18.7% edge [FanDuel]
  📌 Chicago Cubs @ Colorado Rockies — NRFI +120 +17.9% edge [FanDuel]
  • Arizona Diamondbacks @ Miami Marlins — NRFI -102 +16.1% edge [FanDuel]
  • Minnesota Twins @ Detroit Tigers — NRFI -102 +16.0% edge [FanDuel]
  ━━━━━━━━━━━━━━━
  
  Model uses pitcher ERA, K/9 rate, and last 10 starts to project first-inning run probability for both teams. NRFI = neither team scores in the 1st.
  
  Not financial advice. Bet responsibly. 21+
  
  #sportsbetting #mlbpicks #baseballbetting #bettingtips #freepicks #bettingcommunity #sharpbetting #valuebet #edgebetting #mlbodds #nrfi #yrfi #firstinning #nrfibets #mlbprops

  ── MONEYLINE PICKS ────────────────────────────────────────────────────

  Dropping today's picks. Model found +EV on these lines 🔒
  
  Jun 11 MLB Picks 🔥
  ━━━━━━━━━━━━━━━
  🔒 Minnesota Twins +115 — +15% edge [Caesars]
  📌 Texas Rangers +100 — +14% edge [FanDuel]
  📌 Atlanta Braves -118 — +13% edge [FanDuel]
  • St. Louis Cardinals +122 — +16% edge [FanDuel]
  • Arizona Diamondbacks +110 — +11% edge [Betfair]
  ━━━━━━━━━━━━━━━
  
  All picks generated by our ensemble model (XGBoost + Pythagorean). We track every result publicly — link in bio.
  
  Not financial advice. Bet responsibly. 21+
  
  #sportsbetting #mlbpicks #baseballbetting #bettingtips #freepicks #bettingcommunity #sharpbetting #valuebet #edgebetting #mlbodds

  ── PROPS ──────────────────────────────────────────────────────────────

  Sportsbooks mispriced these props today. We found them first.
  
  Jun 11 Player Props 🧮
  ━━━━━━━━━━━━━━━
  ⚡ Strikeouts:
    • Hunter Dobbins OVER 3.5 Ks (proj 5.9) +100 [BetRivers]
    • Merrill Kelly UNDER 5.5 Ks (proj 3.1) -400 [theScore Bet]
    • Kyle Bradish UNDER 6.5 Ks (proj 4.9) -250 [theScore Bet]
  ━━━━━━━━━━━━━━━
  
  Model projects expected Ks using pitcher K/9 rate, last 10 starts, and opposing lineup OPS. We only post when we find real edge vs the book line.
  
  Full slate in the props card above. Swipe for game picks 👆
  
  Not financial advice. Bet responsibly. 21+
  
  #sportsbetting #mlbpicks #baseballbetting #bettingtips #freepicks #bettingcommunity #sharpbetting #valuebet #edgebetting #mlbodds #playerpropbets #propbets #mlbprops #strikeoutprop #nhlpicks

  ── TOTALS ─────────────────────────────────────────────────────────────

  Dropping today's picks. Model found +EV on these lines 🔒
  
  Jun 11 MLB Picks 🔥
  ━━━━━━━━━━━━━━━
  🔒 UNDER 10.5 (Texas Rangers @ Kansas City Royals) -114 — +2.1 run edge [DraftKings]
  📌 UNDER 9.5 (Minnesota Twins @ Detroit Tigers) -114 — +1.5 run edge [DraftKings]
  📌 OVER 8.5 (Seattle Mariners @ Baltimore Orioles) -110 — +1.5 run edge [Fliff]
  • UNDER 9.5 (Los Angeles Dodgers @ Pittsburgh Pirates) -114 — +1.0 run edge [DraftKings]
  ━━━━━━━━━━━━━━━
  
  All picks generated by our ensemble model (XGBoost + Pythagorean). We track every result publicly — link in bio.
  
  Not financial advice. Bet responsibly. 21+
  
  #sportsbetting #mlbpicks #baseballbetting #bettingtips #freepicks #bettingcommunity #sharpbetting #valuebet #edgebetting #mlbodds

  ── RUN LINE ───────────────────────────────────────────────────────────

  Dropping today's picks. Model found +EV on these lines 🔒
  
  Jun 11 MLB Picks 🔥
  ━━━━━━━━━━━━━━━
  🔒 Baltimore Orioles (Seattle Mariners @ Baltimore Orioles) -165 — +2.2 run edge [Fanatics]
  📌 Minnesota Twins (Minnesota Twins @ Detroit Tigers) -175 — +0.8 run edge [Fanatics]
  📌 St. Louis Cardinals (St. Louis Cardinals @ New York Mets) -170 — +0.8 run edge [Caesars]
  ━━━━━━━━━━━━━━━
  
  All picks generated by our ensemble model (XGBoost + Pythagorean). We track every result publicly — link in bio.
  
  Not financial advice. Bet responsibly. 21+
  
  #sportsbetting #mlbpicks #baseballbetting #bettingtips #freepicks #bettingcommunity #sharpbetting #valuebet #edgebetting #mlbodds

────────────────────────────────────────────────────────────────────────
  Basketball Wnba
  Source: output/picks/basketball_wnba/20260611
────────────────────────────────────────────────────────────────────────

  ── Instagram ──────────────────────────────────────────────────────────

  NBA — Jun 11 PICKS
  
  BEST BET
  Las Vegas Aces  -105 @ BetMGM
  Model edge: +42.7%
  Las Vegas Aces @ Portland Fire
  
  Also:
  - Dallas Wings (Mercury @ Wings)  -106 @ FanDuel  |  +42.3%
  - Dallas Wings (Mercury @ Wings)  -105 @ Fanatics  |  +41.6%
  
  Season 137-101 (57.6% WR, +32.5u)
  Picks timestamped before first pitch. Record in bio.
  
  Not financial advice. Bet responsibly. 21+
  
  #NBA #NBAPlayoffs #sportsbetting #NBApicks #sharpbetting #valuebet #edgebetting #DraftKings #FanDuel #BetMGM #bettingmodel #freepicks #dailypicks #NBAPlayoffs2026

  ── X / Twitter ────────────────────────────────────────────────────────

  NBA — Jun 11 | BEST BET
  Las Vegas Aces (Aces @ Fire)  -105 @BetMGM
  Model edge: +42.7%
  Season 137-101 (57.6% WR, +32.5u)
  Not financial advice. Bet responsibly. 21+  #NBAPlayoffs #sportsbetting
  
  ---
  
  Full card:
  - Dallas Wings  -106 @FanDuel  (+42.3%)
  - Dallas Wings  -105 @Fanatics  (+41.6%)
  - Atlanta Dream  -105 @BetMGM  (+30.9%)

  ── Reddit ─────────────────────────────────────────────────────────────

  **Overlay AI Model — NBA PLAYOFFS JUNE 11, 2026**
  
  Running XGBoost on NBA efficiency ratings (ORtg/DRtg/Pace). Walk-forward validated on 2015-2026 games. All picks logged with timestamp before tip-off.
  
  ---
  
  **Season 137-101 (57.6% WR, +32.5u)**
  
  **🔒 Totals (model's strongest market)**
  
  | Game | Bet | Odds | Edge | Book |
  |------|-----|------|------|------|
  | Las Vegas Aces @ Portland Fire | UNDER 173.5 | -110 | +18.7% | FanDuel |
  | Las Vegas Aces @ Portland Fire | UNDER 172.5 | -105 | +17.7% | theScore Bet |
  | Las Vegas Aces @ Portland Fire | UNDER 173.0 | -110 | +17.6% | Fanatics |
  | Phoenix Mercury @ Dallas Wings | UNDER 170.5 | -110 | +15.3% | DraftKings |
  | Chicago Sky @ Indiana Fever | UNDER 171.5 | -110 | +10.7% | DraftKings |
  | Chicago Sky @ Indiana Fever | UNDER 170.5 | -105 | +9.6% | FanDuel |
  
  **Other Edges**
  
  | Bet | Odds | Edge | Book |
  |-----|------|------|------|
  | Las Vegas Aces | -105 | +42.7% | BetMGM |
  | Dallas Wings | -106 | +42.3% | FanDuel |
  | Dallas Wings | -105 | +41.6% | Fanatics |
  | Atlanta Dream | -105 | +30.9% | BetMGM |
  
  ---
  
  *Results posted daily. All picks logged before game time. No paid shills.*
  
  *Not financial advice. Bet responsibly. 21+*

════════════════════════════════════════════════════════════════════════


════════════════════════════════════════════════════════════════════════
  CAPTIONS — JUNE 12, 2026
════════════════════════════════════════════════════════════════════════

────────────────────────────────────────────────────────────────────────
  MLB
  Source: output/picks/baseball_mlb/20260612
────────────────────────────────────────────────────────────────────────

  ── Instagram ──────────────────────────────────────────────────────────

  MLB — Jun 12 PICKS
  
  BEST BET
  UNDER 13.5  +105 @ theScore Bet
  Model edge: +4.9%
  Colorado Rockies @ Athletics
  
  Also:
  - OVER 9.0 (Mariners @ Nationals)  +105 @ theScore Bet  |  +1.6%
  - OVER 7.5 (Phillies @ Brewers)  -102 @ DraftKings  |  +1.6%
  
  Season 139-102 (57.7% WR, +33.1u)
  Picks timestamped before first pitch. Record in bio.
  
  Not financial advice. Bet responsibly. 21+
  
  #MLB #MLBpicks #sportsbetting #baseballbetting #sharpbetting #valuebet #totals #DraftKings #FanDuel #BetMGM #edgebetting #bettingmodel #freepicks #dailypicks #sportsbettingtips

  ── X / Twitter ────────────────────────────────────────────────────────

  MLB — Jun 12 | BEST BET
  UNDER 13.5 (Rockies @ Athletics)  +105 @theScoreBet
  Model edge: +4.9%
  Season 139-102 (57.7% WR, +33.1u)
  Not financial advice. Bet responsibly. 21+  #MLB #sportsbetting
  
  ---
  
  Full card:
  - OVER 9.0  +105 @theScoreBet  (+1.6%)
  - OVER 7.5  -102 @DraftKings  (+1.6%)
  - UNDER 8.5  -109 @DraftKings  (+1.2%)

  ── Reddit ─────────────────────────────────────────────────────────────

  **Overlay AI Model — MLB JUNE 12, 2026**
  
  Running XGBoost + Pythagorean ensemble on MLB team stats. All picks logged with timestamp before first pitch.
  
  ---
  
  **Season 139-102 (57.7% WR, +33.1u)**
  
  **🔒 Totals (model's strongest market)**
  
  | Game | Bet | Odds | Edge | Book |
  |------|-----|------|------|------|
  | Colorado Rockies @ Athletics | UNDER 13.5 | +105 | +4.9% | theScore Bet |
  | Seattle Mariners @ Washington Nationals | OVER 9.0 | +105 | +1.6% | theScore Bet |
  | Philadelphia Phillies @ Milwaukee Brewers | OVER 7.5 | -102 | +1.6% | DraftKings |
  | Detroit Tigers @ Cleveland Guardians | UNDER 8.5 | -109 | +1.2% | DraftKings |
  | Houston Astros @ Kansas City Royals | UNDER 9.5 | +105 | +1.1% | Caesars |
  
  **Other Edges**
  
  | Bet | Odds | Edge | Book |
  |-----|------|------|------|
  | Atlanta Braves | +110 | +19.8% | Caesars |
  | Arizona Diamondbacks | -104 | +17.6% | FanDuel |
  | New York Yankees | -104 | +15.9% | FanDuel |
  | Chicago Cubs | +100 | +14.5% | FanDuel |
  
  ---
  
  *Results posted daily. All picks logged before game time. No paid shills.*
  
  *Not financial advice. Bet responsibly. 21+*

  ── Parlay Instagram ───────────────────────────────────────────────────

  ⚾ Jun 12 SAME-GAME PARLAY — MLB
  
  🎰 4-Leg SAME-GAME PARLAY on FanDuel
  Combined odds: +1204  |  $100 wins $1,204
  
    1. Arizona Diamondbacks ML -104
    2. New York Yankees ML -104
    3. Chicago Cubs ML +100
    4. Seattle Mariners ML -144
  
  🎁 New to FanDuel? Sign up & bet $5+ → get $50 in Bonus Bets
  👉 Sign up link in bio 🔗
  
  Not financial advice. Bet responsibly. 21+
  
  #MLB #sportsbetting #MLBpicks #parlay #sharpbetting #valuebet #DraftKings #FanDuel #BetMGM #bettingmodel

  ── Parlay Reddit ──────────────────────────────────────────────────────

  **Overlay AI — MLB SAME-GAME PARLAY · JUNE 12, 2026**
  
  AI model identified 4 correlated edges — built into a 4-leg same-game parlay on **FanDuel**.
  
  **Combined odds: +1204** | $100 wins **$1,204**
  
  | # | Bet | Odds |
  |---|-----|------|
  | 1 | Arizona Diamondbacks ML -104 | -104 |
  | 2 | New York Yankees ML -104 | -104 |
  | 3 | Chicago Cubs ML +100 | +100 |
  | 4 | Seattle Mariners ML -144 | -144 |
  
  **Sign up via my referral (FanDuel):** Sign up & bet $5+ → get $50 in Bonus Bets — [Sign up here](https://fndl.co/92pew6d)
  
  ---
  
  *All picks timestamped before tip-off/first pitch. Results posted daily.*
  
  *Not financial advice. Bet responsibly. 21+*

  ── Parlay Twitter ─────────────────────────────────────────────────────

  ⚾ Jun 12 | 4-LEG SAME-GAME PARLAY · MLB
  🔒 Arizona Diamondbacks ML -104
  🔒 New York Yankees ML -104
  🔒 Chicago Cubs ML +100
  🔒 Seattle Mariners ML -144
  Combined: +1204  ($100 → $1,204)
  Not financial advice. Bet responsibly. 21+  #MLB #parlay
  
  ---
  
  👇 New to FanDuel? Sign up & bet $5+ → get $50 in Bonus Bets
  Sign up with my link: https://fndl.co/92pew6d

  ── Reddit Mlb Picks ───────────────────────────────────────────────────

  **Overlay AI — MLB Picks · 6/12/26 (Friday)**
  
  XGBoost + Pythagorean ensemble | Walk-forward validated | **Season: 80-70 (53.3% WR, +0.0u)**
  
  All picks timestamped before first pitch. No retroactive edits.
  
  ---
  
  **💰 Moneyline Edges**
  
  | Game | Odds | Edge | Book |
  |------|------|------|------|
  | Atlanta Braves vs  | +110 | +19.8% | Caesars |
  | Arizona Diamondbacks vs  | -104 | +17.6% | FanDuel |
  | New York Yankees vs  | -104 | +15.9% | FanDuel |
  | St. Louis Cardinals vs  | +120 | +14.5% | Tipico |
  | Chicago Cubs vs  | +100 | +14.5% | FanDuel |
  
  **⚡ NRFI Plays**
  
  | Game | Bet | Proj% | Book |
  |------|-----|-------|------|
  | Los Angeles Dodgers @ Chicago White Sox NRFI (Roki Sasaki vs Anthony Kay) | NRFI +106 | 67% | FanDuel |
  | Seattle Mariners @ Washington Nationals NRFI (Bryce Miller vs Zack Littell) | NRFI -102 | 66% | FanDuel |
  | Arizona Diamondbacks @ Cincinnati Reds NRFI (Eduardo Rodriguez vs Nick Lodolo) | NRFI +104 | 64% | FanDuel |
  | Detroit Tigers @ Cleveland Guardians NRFI (Jack Flaherty vs Tanner Bibee) | NRFI -110 | 66% | BetMGM |
  | San Diego Padres @ Baltimore Orioles NRFI (Griffin Canning vs Shane Baz) | NRFI +100 | 63% | FanDuel |
  
  ---
  
  **Model overview:** Ensemble of XGBoost (pitcher ERA, FIP, xFIP, bullpen REST, lineup wRC+) and Pythagorean expectation. Edge = model win prob minus sportsbook implied prob after vig removal. Only plays where both methods agree are posted as card picks.
  
  Drop questions in the comments — happy to explain any pick.
  
  *Not financial advice. Bet responsibly. 21+*

  ── Reddit Mlb Props ───────────────────────────────────────────────────

  **Overlay AI — MLB Props · 6/12/26 (Friday)**
  
  Running XGBoost prop model on pitcher K-rate, batter contact, park factors, and weather. 10 edges found today.
  
  **Season Record (props):** 80-70 (53.3% WR, +0.0u)
  
  ---
  
  **🎯 Pitcher Strikeouts**
  
  | Player | Bet | Odds | Edge | Book |
  |--------|-----|------|------|------|
  | Jack Flaherty | OVER Strikeouts 5.5 | +135 | +27.1% (proj: 7.2) | theScore Bet |
  | Tanner Bibee | UNDER Strikeouts 6.5 | -425 | +24.4% (proj: 3.7) | theScore Bet |
  | Eduardo Rodriguez | UNDER Strikeouts 6.5 | -350 | +21.5% (proj: 4.2) | theScore Bet |
  | Jacob Misiorowski | UNDER Strikeouts 9.5 | -240 | +15.7% (proj: 7.7) | theScore Bet |
  | Shane Baz | UNDER Strikeouts 6.5 | -350 | +14.7% (proj: 4.8) | theScore Bet |
  | Sandy Alcantara | UNDER Strikeouts 5.5 | -300 | +11.7% (proj: 4.2) | theScore Bet |
  | Nick Lodolo | UNDER Strikeouts 5.5 | -225 | +10.6% (proj: 4.6) | theScore Bet |
  | Nolan McLean | UNDER Strikeouts 6.5 | -215 | +9.8% (proj: 5.6) | theScore Bet |
  
  ---
  
  **How the prop model works:** Projects pitcher strikeout totals using K/9, opposing team K%, umpire tendencies, and ballpark factors. Batter props use wOBA, hard-hit rate, and matchup data vs. starter handedness.
  
  All picks logged before first pitch. Verified record in post history.
  
  *Not financial advice. Bet responsibly. 21+*

  ── Reddit Potd ────────────────────────────────────────────────────────

  **Overlay AI — Pick of the Day · 6/12/26 (Friday)**
  
  **Sport:** MLB
  **Pick:** Atlanta Braves Moneyline +110 @ Caesars
  **Event:** Atlanta Braves
  **Bet Size:** 1.0 units
  
  ---
  
  **Model Edge:** +19.8% (model: 0.0% vs market: 47.6%)
  **Season Record:** 80-70 (53.3% WR, +0.0u)
  
  ---
  
  **About the Model**
  
  XGBoost + Pythagorean expectation ensemble trained on 10 years of MLB/NBA data. Walk-forward validated on held-out seasons. Edges calculated by comparing model win probability to sportsbook implied probability after vig removal. Kelly criterion used for sizing.
  
  The model runs daily before first pitch/tip-off. All picks are timestamped and logged publicly — you can verify the record at any point. No retroactive changes.
  
  This pick was selected as POTD because it has the highest positive expected value among today's plays within the -200/+200 odds requirement.
  
  ---
  
  *Not financial advice. Bet responsibly. 21+*

  ── NRFI / YRFI ────────────────────────────────────────────────────────

  First pitch edge. Model projects first-inning run probability for every game.
  
  Jun 12 NRFI / YRFI Plays 🎯
  ━━━━━━━━━━━━━━━
  🔒 Los Angeles Dodgers @ Chicago White Sox — NRFI +106 +20.8% edge [FanDuel]
  📌 Seattle Mariners @ Washington Nationals — NRFI -102 +18.3% edge [FanDuel]
  📌 Arizona Diamondbacks @ Cincinnati Reds — NRFI +104 +17.6% edge [FanDuel]
  • Detroit Tigers @ Cleveland Guardians — NRFI -110 +16.4% edge [BetMGM]
  • San Diego Padres @ Baltimore Orioles — NRFI +100 +15.7% edge [FanDuel]
  ━━━━━━━━━━━━━━━
  
  Model uses pitcher ERA, K/9 rate, and last 10 starts to project first-inning run probability for both teams. NRFI = neither team scores in the 1st.
  
  Not financial advice. Bet responsibly. 21+
  
  #sportsbetting #mlbpicks #baseballbetting #bettingtips #freepicks #positiveev #kellycriterion #bettingmodel #AIbetting #datadrivenbetting #nrfi #yrfi #firstinning #nrfibets #mlbprops

  ── MONEYLINE PICKS ────────────────────────────────────────────────────

  Sharp money targets for today. Model-verified, book-beatable.
  
  Jun 12 MLB Picks 🔥
  ━━━━━━━━━━━━━━━
  🔒 Atlanta Braves +110 — +20% edge [Caesars]
  📌 Arizona Diamondbacks -104 — +18% edge [FanDuel]
  📌 New York Yankees -104 — +16% edge [FanDuel]
  • St. Louis Cardinals +120 — +15% edge [Tipico]
  • Chicago Cubs +100 — +14% edge [FanDuel]
  ━━━━━━━━━━━━━━━
  
  All picks generated by our ensemble model (XGBoost + Pythagorean). We track every result publicly — link in bio.
  
  Not financial advice. Bet responsibly. 21+
  
  #sportsbetting #mlbpicks #baseballbetting #bettingtips #freepicks #positiveev #kellycriterion #bettingmodel #AIbetting #datadrivenbetting

  ── PROPS ──────────────────────────────────────────────────────────────

  Today's player props with model edge — pitcher Ks, hits, and more.
  
  Jun 12 Player Props 🧮
  ━━━━━━━━━━━━━━━
  ⚡ Strikeouts:
    • Jack Flaherty OVER 5.5 Ks (proj 7.2) +135 [theScore Bet]
    • Tanner Bibee UNDER 6.5 Ks (proj 3.7) -425 [theScore Bet]
    • Eduardo Rodriguez UNDER 6.5 Ks (proj 4.2) -350 [theScore Bet]
  ━━━━━━━━━━━━━━━
  
  Model projects expected Ks using pitcher K/9 rate, last 10 starts, and opposing lineup OPS. We only post when we find real edge vs the book line.
  
  Full slate in the props card above. Swipe for game picks 👆
  
  Not financial advice. Bet responsibly. 21+
  
  #sportsbetting #mlbpicks #baseballbetting #bettingtips #freepicks #positiveev #kellycriterion #bettingmodel #AIbetting #datadrivenbetting #playerpropbets #propbets #mlbprops #strikeoutprop #nhlpicks

  ── TOTALS ─────────────────────────────────────────────────────────────

  Sharp money targets for today. Model-verified, book-beatable.
  
  Jun 12 MLB Picks 🔥
  ━━━━━━━━━━━━━━━
  🔒 UNDER 13.5 (Colorado Rockies @ Athletics) +105 — +4.9 run edge [theScore Bet]
  📌 OVER 9.0 (Seattle Mariners @ Washington Nationals) +105 — +1.6 run edge [theScore Bet]
  📌 OVER 7.5 (Philadelphia Phillies @ Milwaukee Brewers) -102 — +1.6 run edge [DraftKings]
  • UNDER 8.5 (Detroit Tigers @ Cleveland Guardians) -109 — +1.2 run edge [DraftKings]
  • UNDER 9.5 (Houston Astros @ Kansas City Royals) +105 — +1.1 run edge [Caesars]
  ━━━━━━━━━━━━━━━
  
  All picks generated by our ensemble model (XGBoost + Pythagorean). We track every result publicly — link in bio.
  
  Not financial advice. Bet responsibly. 21+
  
  #sportsbetting #mlbpicks #baseballbetting #bettingtips #freepicks #positiveev #kellycriterion #bettingmodel #AIbetting #datadrivenbetting

  ── RUN LINE ───────────────────────────────────────────────────────────

  Sharp money targets for today. Model-verified, book-beatable.
  
  Jun 12 MLB Picks 🔥
  ━━━━━━━━━━━━━━━
  🔒 Milwaukee Brewers (Philadelphia Phillies @ Milwaukee Brewers) -108 — +0.2 run edge [FanDuel]
  📌 Baltimore Orioles (San Diego Padres @ Baltimore Orioles) +145 — +0.1 run edge [BetMGM]
  📌 Athletics (Colorado Rockies @ Athletics) -105 — +0.1 run edge [FanDuel]
  • Seattle Mariners (Seattle Mariners @ Washington Nationals) +115 — +0.1 run edge [Fanatics]
  • Arizona Diamondbacks (Arizona Diamondbacks @ Cincinnati Reds) +150 — +0.1 run edge [Fanatics]
  ━━━━━━━━━━━━━━━
  
  All picks generated by our ensemble model (XGBoost + Pythagorean). We track every result publicly — link in bio.
  
  Not financial advice. Bet responsibly. 21+
  
  #sportsbetting #mlbpicks #baseballbetting #bettingtips #freepicks #positiveev #kellycriterion #bettingmodel #AIbetting #datadrivenbetting

════════════════════════════════════════════════════════════════════════


════════════════════════════════════════════════════════════════════════
  CAPTIONS — JUNE 13, 2026
════════════════════════════════════════════════════════════════════════

────────────────────────────────────────────────────────────────────────
  MLB
  Source: output/picks/baseball_mlb/20260613
────────────────────────────────────────────────────────────────────────

  ── Instagram ──────────────────────────────────────────────────────────

  MLB — Jun 13 PICKS
  
  BEST BET
  Miami Marlins  -175 @ Fanatics
  Model edge: +50.0%
  Miami Marlins @ Pittsburgh Pirates
  
  Also:
  - UNDER 14.0 (Rockies @ Athletics)  +105 @ Hard Rock Bet  |  +5.7%
  - OVER 9.0 (Mariners @ Nationals)  -105 @ FanDuel  |  +1.4%
  
  Season 139-102 (57.7% WR, +33.1u)
  Picks timestamped before first pitch. Record in bio.
  
  Not financial advice. Bet responsibly. 21+
  
  #MLB #MLBpicks #sportsbetting #baseballbetting #sharpbetting #valuebet #totals #DraftKings #FanDuel #BetMGM #edgebetting #bettingmodel #freepicks #dailypicks #sportsbettingtips

  ── X / Twitter ────────────────────────────────────────────────────────

  MLB — Jun 13 | BEST BET
  Miami Marlins (Marlins @ Pirates)  -175 @Fanatics
  Model edge: +50.0%
  Season 139-102 (57.7% WR, +33.1u)
  Not financial advice. Bet responsibly. 21+  #MLB #sportsbetting
  
  ---
  
  Full card:
  - UNDER 14.0  +105 @HardRockBet  (+5.7%)
  - OVER 9.0  -105 @FanDuel  (+1.4%)
  - OVER 8.0  +105 @HardRockBet  (+1.2%)

  ── Reddit ─────────────────────────────────────────────────────────────

  **Overlay AI Model — MLB JUNE 13, 2026**
  
  Running XGBoost + Pythagorean ensemble on MLB team stats. All picks logged with timestamp before first pitch.
  
  ---
  
  **Season 139-102 (57.7% WR, +33.1u)**
  
  **🔒 Totals (model's strongest market)**
  
  | Game | Bet | Odds | Edge | Book |
  |------|-----|------|------|------|
  | Colorado Rockies @ Athletics | UNDER 14.0 | +105 | +5.7% | Hard Rock Bet |
  | Seattle Mariners @ Washington Nationals | OVER 9.0 | -105 | +1.4% | FanDuel |
  | Tampa Bay Rays @ Los Angeles Angels | OVER 8.0 | +105 | +1.2% | Hard Rock Bet |
  
  **Other Edges**
  
  | Bet | Odds | Edge | Book |
  |-----|------|------|------|
  | Miami Marlins | -175 | +50.0% | Fanatics |
  | Atlanta Braves | +102 | +19.0% | FanDuel |
  | Miami Marlins | +115 | +17.3% | theScore Bet |
  | Chicago Cubs | -125 | +15.9% | Fanatics |
  
  ---
  
  *Results posted daily. All picks logged before game time. No paid shills.*
  
  *Not financial advice. Bet responsibly. 21+*

  ── Parlay Instagram ───────────────────────────────────────────────────

  ⚾ Jun 13 SAME-GAME PARLAY — MLB
  
  🎰 3-Leg SAME-GAME PARLAY on FanDuel
  Combined odds: +597  |  $100 wins $597
  
    1. Atlanta Braves ML +102
    2. New York Yankees ML -124
    3. Tampa Bay Rays ML -110
  
  🎁 New to FanDuel? Sign up & bet $5+ → get $50 in Bonus Bets
  👉 Sign up link in bio 🔗
  
  Not financial advice. Bet responsibly. 21+
  
  #MLB #sportsbetting #MLBpicks #parlay #sharpbetting #valuebet #DraftKings #FanDuel #BetMGM #bettingmodel

  ── Parlay Reddit ──────────────────────────────────────────────────────

  **Overlay AI — MLB SAME-GAME PARLAY · JUNE 13, 2026**
  
  AI model identified 3 correlated edges — built into a 3-leg same-game parlay on **FanDuel**.
  
  **Combined odds: +597** | $100 wins **$597**
  
  | # | Bet | Odds |
  |---|-----|------|
  | 1 | Atlanta Braves ML +102 | +102 |
  | 2 | New York Yankees ML -124 | -124 |
  | 3 | Tampa Bay Rays ML -110 | -110 |
  
  **Sign up via my referral (FanDuel):** Sign up & bet $5+ → get $50 in Bonus Bets — [Sign up here](https://fndl.co/92pew6d)
  
  ---
  
  *All picks timestamped before tip-off/first pitch. Results posted daily.*
  
  *Not financial advice. Bet responsibly. 21+*

  ── Parlay Twitter ─────────────────────────────────────────────────────

  ⚾ Jun 13 | 3-LEG SAME-GAME PARLAY · MLB
  🔒 Atlanta Braves ML +102
  🔒 New York Yankees ML -124
  🔒 Tampa Bay Rays ML -110
  Combined: +597  ($100 → $597)
  Not financial advice. Bet responsibly. 21+  #MLB #parlay
  
  ---
  
  👇 New to FanDuel? Sign up & bet $5+ → get $50 in Bonus Bets
  Sign up with my link: https://fndl.co/92pew6d

  ── Reddit Mlb Picks ───────────────────────────────────────────────────

  **Overlay AI — MLB Picks · 6/13/26 (Saturday)**
  
  XGBoost + Pythagorean ensemble | Walk-forward validated | **Season: 80-70 (53.3% WR, +0.0u)**
  
  All picks timestamped before first pitch. No retroactive edits.
  
  ---
  
  **💰 Moneyline Edges**
  
  | Game | Odds | Edge | Book |
  |------|------|------|------|
  | Atlanta Braves vs  | +102 | +19.0% | FanDuel |
  | Miami Marlins vs  | +115 | +17.3% | theScore Bet |
  | Chicago Cubs vs  | -125 | +15.9% | Fanatics |
  | New York Yankees vs  | -124 | +14.1% | FanDuel |
  | Arizona Diamondbacks vs  | -135 | +12.3% | Hard Rock Bet (OH) |
  
  **⚡ NRFI Plays**
  
  | Game | Bet | Proj% | Book |
  |------|-----|-------|------|
  | Texas Rangers @ Boston Red Sox YRFI (Jacob deGrom vs Ranger Suarez) | NRFI +110 | 44% | BetMGM |
  | Detroit Tigers @ Cleveland Guardians YRFI (Tarik Skubal vs Joey Cantillo) | NRFI +105 | 42% | BetMGM |
  | New York Yankees @ Toronto Blue Jays YRFI (Cam Schlittler vs Kevin Gausman) | NRFI +102 | 44% | FanDuel |
  | Los Angeles Dodgers @ Chicago White Sox YRFI (Yoshinobu Yamamoto vs Sean Burke) | NRFI +100 | 44% | BetMGM |
  | Philadelphia Phillies @ Milwaukee Brewers YRFI (Aaron Nola vs Shane Drohan) | NRFI -110 | 42% | BetMGM |
  
  ---
  
  **Model overview:** Ensemble of XGBoost (pitcher ERA, FIP, xFIP, bullpen REST, lineup wRC+) and Pythagorean expectation. Edge = model win prob minus sportsbook implied prob after vig removal. Only plays where both methods agree are posted as card picks.
  
  Drop questions in the comments — happy to explain any pick.
  
  *Not financial advice. Bet responsibly. 21+*

  ── Reddit Mlb Props ───────────────────────────────────────────────────

  **Overlay AI — MLB Props · 6/13/26 (Saturday)**
  
  Running XGBoost prop model on pitcher K-rate, batter contact, park factors, and weather. 7 edges found today.
  
  **Season Record (props):** 80-70 (53.3% WR, +0.0u)
  
  ---
  
  **🎯 Pitcher Strikeouts**
  
  | Player | Bet | Odds | Edge | Book |
  |--------|-----|------|------|------|
  | Trey Gibson | UNDER Strikeouts 4.5 | -425 | +25.7% (proj: 1.6) | theScore Bet |
  | Michael Soroka | UNDER Strikeouts 6.5 | -180 | +24.4% (proj: 4.9) | theScore Bet |
  | Connor Prielipp | OVER Strikeouts 5.5 | +160 | +18.6% (proj: 6.3) | theScore Bet |
  | Yoshinobu Yamamoto | UNDER Strikeouts 7.5 | -375 | +16.6% (proj: 5.4) | theScore Bet |
  | Mike Burrows | UNDER Strikeouts 5.5 | -450 | +11.2% (proj: 3.9) | theScore Bet |
  | Kevin Gausman | UNDER Strikeouts 7.5 | -400 | +10.6% (proj: 5.8) | theScore Bet |
  | Jacob deGrom | UNDER Strikeouts 7.5 | -400 | +7.0% (proj: 6.1) | theScore Bet |
  
  ---
  
  **How the prop model works:** Projects pitcher strikeout totals using K/9, opposing team K%, umpire tendencies, and ballpark factors. Batter props use wOBA, hard-hit rate, and matchup data vs. starter handedness.
  
  All picks logged before first pitch. Verified record in post history.
  
  *Not financial advice. Bet responsibly. 21+*

  ── Reddit Potd ────────────────────────────────────────────────────────

  **Overlay AI — Pick of the Day · 6/13/26 (Saturday)**
  
  **Sport:** MLB
  **Pick:** Atlanta Braves Moneyline +102 @ FanDuel
  **Event:** Atlanta Braves
  **Bet Size:** 1.0 units
  
  ---
  
  **Model Edge:** +19.0% (model: 0.0% vs market: 49.5%)
  **Season Record:** 80-70 (53.3% WR, +0.0u)
  
  ---
  
  **About the Model**
  
  XGBoost + Pythagorean expectation ensemble trained on 10 years of MLB/NBA data. Walk-forward validated on held-out seasons. Edges calculated by comparing model win probability to sportsbook implied probability after vig removal. Kelly criterion used for sizing.
  
  The model runs daily before first pitch/tip-off. All picks are timestamped and logged publicly — you can verify the record at any point. No retroactive changes.
  
  This pick was selected as POTD because it has the highest positive expected value among today's plays within the -200/+200 odds requirement.
  
  ---
  
  *Not financial advice. Bet responsibly. 21+*

  ── NRFI / YRFI ────────────────────────────────────────────────────────

  The sharp play on first innings — NRFI or YRFI, model picks the edge side.
  
  Jun 13 NRFI / YRFI Plays 🎯
  ━━━━━━━━━━━━━━━
  🔒 Texas Rangers @ Boston Red Sox — YRFI +110 +11.7% edge [BetMGM]
  📌 Detroit Tigers @ Cleveland Guardians — YRFI +105 +11.6% edge [BetMGM]
  📌 New York Yankees @ Toronto Blue Jays — YRFI +102 +9.6% edge [FanDuel]
  • Los Angeles Dodgers @ Chicago White Sox — YRFI +100 +9.5% edge [BetMGM]
  • Philadelphia Phillies @ Milwaukee Brewers — YRFI -110 +8.4% edge [BetMGM]
  ━━━━━━━━━━━━━━━
  
  Model uses pitcher ERA, K/9 rate, and last 10 starts to project first-inning run probability for both teams. NRFI = neither team scores in the 1st.
  
  Not financial advice. Bet responsibly. 21+
  
  #sportsbetting #mlbpicks #baseballbetting #bettingtips #freepicks #baseballpicks #mlbtoday #baseballfan #baseballlife #mlbgames #nrfi #yrfi #firstinning #nrfibets #mlbprops

  ── MONEYLINE PICKS ────────────────────────────────────────────────────

  Today's slate is live. Model flagged these 5 as best value.
  
  Jun 13 MLB Picks 🔥
  ━━━━━━━━━━━━━━━
  🔒 Atlanta Braves +102 — +19% edge [FanDuel]
  📌 Miami Marlins +115 — +17% edge [theScore Bet]
  📌 Chicago Cubs -125 — +16% edge [Fanatics]
  • New York Yankees -124 — +14% edge [FanDuel]
  • Arizona Diamondbacks -135 — +12% edge [Hard Rock Bet (OH)]
  ━━━━━━━━━━━━━━━
  
  All picks generated by our ensemble model (XGBoost + Pythagorean). We track every result publicly — link in bio.
  
  Not financial advice. Bet responsibly. 21+
  
  #sportsbetting #mlbpicks #baseballbetting #bettingtips #freepicks #baseballpicks #mlbtoday #baseballfan #baseballlife #mlbgames

  ── PROPS ──────────────────────────────────────────────────────────────

  Props slate for today. AI projected vs book line, pick the overs.
  
  Jun 13 Player Props 🧮
  ━━━━━━━━━━━━━━━
  ⚡ Strikeouts:
    • Trey Gibson UNDER 4.5 Ks (proj 1.6) -425 [theScore Bet]
    • Michael Soroka UNDER 6.5 Ks (proj 4.9) -180 [theScore Bet]
    • Connor Prielipp OVER 5.5 Ks (proj 6.3) +160 [theScore Bet]
  ━━━━━━━━━━━━━━━
  
  Model projects expected Ks using pitcher K/9 rate, last 10 starts, and opposing lineup OPS. We only post when we find real edge vs the book line.
  
  Full slate in the props card above. Swipe for game picks 👆
  
  Not financial advice. Bet responsibly. 21+
  
  #sportsbetting #mlbpicks #baseballbetting #bettingtips #freepicks #baseballpicks #mlbtoday #baseballfan #baseballlife #mlbgames #playerpropbets #propbets #mlbprops #strikeoutprop #nhlpicks

  ── TOTALS ─────────────────────────────────────────────────────────────

  Today's slate is live. Model flagged these 5 as best value.
  
  Jun 13 MLB Picks 🔥
  ━━━━━━━━━━━━━━━
  🔒 UNDER 14.0 (Colorado Rockies @ Athletics) +105 — +5.7 run edge [Hard Rock Bet]
  📌 OVER 9.0 (Seattle Mariners @ Washington Nationals) -105 — +1.4 run edge [FanDuel]
  📌 OVER 8.0 (Tampa Bay Rays @ Los Angeles Angels) +105 — +1.2 run edge [Hard Rock Bet]
  • OVER 7.5 (Texas Rangers @ Boston Red Sox) -114 — +1.2 run edge [Bally Bet]
  ━━━━━━━━━━━━━━━
  
  All picks generated by our ensemble model (XGBoost + Pythagorean). We track every result publicly — link in bio.
  
  Not financial advice. Bet responsibly. 21+
  
  #sportsbetting #mlbpicks #baseballbetting #bettingtips #freepicks #baseballpicks #mlbtoday #baseballfan #baseballlife #mlbgames

  ── RUN LINE ───────────────────────────────────────────────────────────

  Today's slate is live. Model flagged these 5 as best value.
  
  Jun 13 MLB Picks 🔥
  ━━━━━━━━━━━━━━━
  🔒 Miami Marlins (Miami Marlins @ Pittsburgh Pirates) -175 — +0.8 run edge [Fanatics]
  ━━━━━━━━━━━━━━━
  
  All picks generated by our ensemble model (XGBoost + Pythagorean). We track every result publicly — link in bio.
  
  Not financial advice. Bet responsibly. 21+
  
  #sportsbetting #mlbpicks #baseballbetting #bettingtips #freepicks #baseballpicks #mlbtoday #baseballfan #baseballlife #mlbgames

────────────────────────────────────────────────────────────────────────
  NBA
  Source: output/picks/basketball_nba/20260613
────────────────────────────────────────────────────────────────────────

  ── Instagram ──────────────────────────────────────────────────────────

  NBA — Jun 13 PICKS
  
  Season 139-102 (57.7% WR, +33.1u)
  Picks timestamped before first pitch. Record in bio.
  
  Not financial advice. Bet responsibly. 21+
  
  #NBA #NBAPlayoffs #sportsbetting #NBApicks #sharpbetting #valuebet #edgebetting #DraftKings #FanDuel #BetMGM #bettingmodel #freepicks #dailypicks #NBAPlayoffs2026

  ── Reddit ─────────────────────────────────────────────────────────────

  **Overlay AI Model — NBA PLAYOFFS JUNE 13, 2026**
  
  Running XGBoost on NBA efficiency ratings (ORtg/DRtg/Pace). Walk-forward validated on 2015-2026 games. All picks logged with timestamp before tip-off.
  
  ---
  
  **Season 139-102 (57.7% WR, +33.1u)**
  
  ---
  
  *Results posted daily. All picks logged before game time. No paid shills.*
  
  *Not financial advice. Bet responsibly. 21+*

  ── Reddit Nba Picks ───────────────────────────────────────────────────

  **Overlay AI — NBA Picks · 6/13/26 (Saturday)**
  
  XGBoost on ORtg/DRtg/Pace efficiency ratings | **Season: 54-28 (65.9% WR, +0.0u)**
  
  All picks timestamped before tip-off. Verified record in post history.
  
  ---
  
  **📊 Totals (O/U)**
  
  | Game | Bet | Edge | Book |
  |------|-----|------|------|
  | New York Knicks @ San Antonio Spurs | OVER  -108 | +14.2% | betPARX |
  
  ---
  
  **Model overview:** Trains on 10 years of NBA box scores. Features: offensive/defensive rating, pace, rest advantage, travel, home court, lineup injury adjustments. Walk-forward validated — no look-ahead bias. Edge = model probability minus sportsbook implied after vig removal.
  
  Drop any questions below.
  
  *Not financial advice. Bet responsibly. 21+*

  ── Reddit Potd ────────────────────────────────────────────────────────

  **Overlay AI — Pick of the Day · 6/13/26 (Saturday)**
  
  **Sport:** NBA
  **Pick:** OVER 217.0 TOTAL -108 @ betPARX
  **Event:** New York Knicks @ San Antonio Spurs
  **Bet Size:** 1.0 units
  
  ---
  
  **Model Edge:** +14.2% (model: 0.0% vs market: 51.9%)
  **Season Record:** 54-28 (65.9% WR, +0.0u)
  
  ---
  
  **About the Model**
  
  XGBoost + Pythagorean expectation ensemble trained on 10 years of MLB/NBA data. Walk-forward validated on held-out seasons. Edges calculated by comparing model win probability to sportsbook implied probability after vig removal. Kelly criterion used for sizing.
  
  The model runs daily before first pitch/tip-off. All picks are timestamped and logged publicly — you can verify the record at any point. No retroactive changes.
  
  This pick was selected as POTD because it has the highest positive expected value among today's plays within the -200/+200 odds requirement.
  
  ---
  
  *Not financial advice. Bet responsibly. 21+*

  ── MONEYLINE PICKS ────────────────────────────────────────────────────

  Tonight's NBA slate — algorithm found the best value plays.
  
  Jun 13 NBA PLAYOFFS Picks 🔥
  ━━━━━━━━━━━━━━━
  🔒 OVER 217.0 (NEW vs SAN) -108 — +14.2% edge [betPARX]
  ━━━━━━━━━━━━━━━
  
  Picks generated by our efficiency-rating model (ORtg/DRtg/Pace). We track every result publicly — link in bio.
  
  Not financial advice. Bet responsibly. 21+
  
  #NBA #NBAPlayoffs #sportsbetting #NBApicks #basketballpicks #NBAtoday #NBAbasketball #basketballbetting #NBAPlayoffs2026 #playoffs #NBAplayoff

  ── TOTALS ─────────────────────────────────────────────────────────────

  Model projected tonight's totals. These lines are off.
  
  Jun 13 NBA PLAYOFFS Totals 📊
  ━━━━━━━━━━━━━━━
  🔒 OVER 217.0 (New York Knicks @ San Antonio Spurs) -108 — +14.2% edge [betPARX]
  ━━━━━━━━━━━━━━━
  
  Pace + ORtg/DRtg model projects the final score of every game. Only posting where we find edge.
  
  Not financial advice. Bet responsibly. 21+
  
  #NBA #NBAPlayoffs #sportsbetting #NBApicks #basketballpicks #NBAtoday #NBAbasketball #basketballbetting #NBAPlayoffs2026 #playoffs #NBAplayoff #NBAtotals #NBAovers #NBAunders

════════════════════════════════════════════════════════════════════════

