[2026-04-26T00:00:59Z]   NBA graded: 
  [stats] updated — 20W-16L (55.6% WR)  +3.24u  ROI +9.0%  | NRFI 0-0 (0.0%)
  [stats] updated — 20W-16L (55.6% WR)  +3.24u  ROI +9.0%  | NRFI 0-0 (0.0%)
[2026-04-26T00:00:59Z]   NBA graded: 
  [stats] updated — 20W-16L (55.6% WR)  +3.24u  ROI +9.0%  | NRFI 0-0 (0.0%)
  [stats] updated — 20W-16L (55.6% WR)  +3.24u  ROI +9.0%  | NRFI 0-0 (0.0%)
[2026-04-26T01:00:01Z]   NBA graded: 
  [stats] updated — 20W-16L (55.6% WR)  +3.24u  ROI +9.0%  | NRFI 0-0 (0.0%)
  [stats] updated — 20W-16L (55.6% WR)  +3.24u  ROI +9.0%  | NRFI 0-0 (0.0%)
[2026-04-26T01:00:01Z]   NBA graded: 
  [stats] updated — 20W-16L (55.6% WR)  +3.24u  ROI +9.0%  | NRFI 0-0 (0.0%)
  [stats] updated — 20W-16L (55.6% WR)  +3.24u  ROI +9.0%  | NRFI 0-0 (0.0%)
[2026-04-26T01:15:01Z]   NBA graded: 
  [stats] updated — 20W-16L (55.6% WR)  +3.24u  ROI +9.0%  | NRFI 0-0 (0.0%)
  [stats] updated — 20W-16L (55.6% WR)  +3.24u  ROI +9.0%  | NRFI 0-0 (0.0%)
[2026-04-26T01:15:01Z]   NBA graded: 
  [stats] updated — 20W-16L (55.6% WR)  +3.24u  ROI +9.0%  | NRFI 0-0 (0.0%)
  [stats] updated — 20W-16L (55.6% WR)  +3.24u  ROI +9.0%  | NRFI 0-0 (0.0%)
[2026-04-26T01:30:01Z]   NBA graded: 
  [stats] updated — 20W-16L (55.6% WR)  +3.24u  ROI +9.0%  | NRFI 0-0 (0.0%)
  [stats] updated — 20W-16L (55.6% WR)  +3.24u  ROI +9.0%  | NRFI 0-0 (0.0%)
[2026-04-26T01:30:01Z]   NBA graded: 
  [stats] updated — 20W-16L (55.6% WR)  +3.24u  ROI +9.0%  | NRFI 0-0 (0.0%)
  [stats] updated — 20W-16L (55.6% WR)  +3.24u  ROI +9.0%  | NRFI 0-0 (0.0%)
[2026-04-26T01:45:01Z]   NBA graded: 
  [stats] updated — 20W-16L (55.6% WR)  +3.24u  ROI +9.0%  | NRFI 0-0 (0.0%)
  [stats] updated — 20W-16L (55.6% WR)  +3.24u  ROI +9.0%  | NRFI 0-0 (0.0%)
[2026-04-26T01:45:01Z]   NBA graded: 
  [stats] updated — 20W-16L (55.6% WR)  +3.24u  ROI +9.0%  | NRFI 0-0 (0.0%)
  [stats] updated — 20W-16L (55.6% WR)  +3.24u  ROI +9.0%  | NRFI 0-0 (0.0%)
[2026-04-26T02:00:01Z]   NBA graded: 
  [stats] updated — 20W-16L (55.6% WR)  +3.24u  ROI +9.0%  | NRFI 0-0 (0.0%)
  [stats] updated — 20W-16L (55.6% WR)  +3.24u  ROI +9.0%  | NRFI 0-0 (0.0%)
[2026-04-26T02:00:01Z]   NBA graded: 
  [stats] updated — 20W-16L (55.6% WR)  +3.24u  ROI +9.0%  | NRFI 0-0 (0.0%)
  [stats] updated — 20W-16L (55.6% WR)  +3.24u  ROI +9.0%  | NRFI 0-0 (0.0%)
[2026-04-26T02:15:02Z]   NBA graded: 
  [stats] updated — 20W-16L (55.6% WR)  +3.24u  ROI +9.0%  | NRFI 0-0 (0.0%)
  [stats] updated — 20W-16L (55.6% WR)  +3.24u  ROI +9.0%  | NRFI 0-0 (0.0%)
[2026-04-26T02:15:02Z]   NBA graded: 
  [stats] updated — 20W-16L (55.6% WR)  +3.24u  ROI +9.0%  | NRFI 0-0 (0.0%)
  [stats] updated — 20W-16L (55.6% WR)  +3.24u  ROI +9.0%  | NRFI 0-0 (0.0%)
[2026-04-26T02:30:01Z]   NBA graded: 
  [stats] updated — 20W-16L (55.6% WR)  +3.24u  ROI +9.0%  | NRFI 0-0 (0.0%)
  [stats] updated — 20W-16L (55.6% WR)  +3.24u  ROI +9.0%  | NRFI 0-0 (0.0%)
[2026-04-26T02:30:01Z]   NBA graded: 
  [stats] updated — 20W-16L (55.6% WR)  +3.24u  ROI +9.0%  | NRFI 0-0 (0.0%)
  [stats] updated — 20W-16L (55.6% WR)  +3.24u  ROI +9.0%  | NRFI 0-0 (0.0%)
[2026-04-26T02:45:01Z]   NBA graded: 
  [stats] updated — 20W-16L (55.6% WR)  +3.24u  ROI +9.0%  | NRFI 0-0 (0.0%)
  [stats] updated — 20W-16L (55.6% WR)  +3.24u  ROI +9.0%  | NRFI 0-0 (0.0%)
[2026-04-26T02:45:01Z]   NBA graded: 
  [stats] updated — 20W-16L (55.6% WR)  +3.24u  ROI +9.0%  | NRFI 0-0 (0.0%)
  [stats] updated — 20W-16L (55.6% WR)  +3.24u  ROI +9.0%  | NRFI 0-0 (0.0%)
[2026-04-26T03:00:02Z]   NBA graded: 
  [stats] updated — 20W-16L (55.6% WR)  +3.24u  ROI +9.0%  | NRFI 0-0 (0.0%)
  [stats] updated — 20W-16L (55.6% WR)  +3.24u  ROI +9.0%  | NRFI 0-0 (0.0%)
[2026-04-26T03:00:02Z]   NBA graded: 
  [stats] updated — 20W-16L (55.6% WR)  +3.24u  ROI +9.0%  | NRFI 0-0 (0.0%)
  [stats] updated — 20W-16L (55.6% WR)  +3.24u  ROI +9.0%  | NRFI 0-0 (0.0%)
[2026-04-26T03:15:01Z]   NBA graded: 
  [stats] updated — 20W-16L (55.6% WR)  +3.24u  ROI +9.0%  | NRFI 0-0 (0.0%)
  [stats] updated — 20W-16L (55.6% WR)  +3.24u  ROI +9.0%  | NRFI 0-0 (0.0%)
[2026-04-26T03:15:01Z]   NBA graded: 
  [stats] updated — 20W-16L (55.6% WR)  +3.24u  ROI +9.0%  | NRFI 0-0 (0.0%)
  [stats] updated — 20W-16L (55.6% WR)  +3.24u  ROI +9.0%  | NRFI 0-0 (0.0%)
[2026-04-26T03:30:01Z]   NBA graded: 
  [stats] updated — 20W-16L (55.6% WR)  +3.24u  ROI +9.0%  | NRFI 0-0 (0.0%)
  [stats] updated — 20W-16L (55.6% WR)  +3.24u  ROI +9.0%  | NRFI 0-0 (0.0%)
[2026-04-26T03:30:01Z]   NBA graded: 
  [stats] updated — 20W-16L (55.6% WR)  +3.24u  ROI +9.0%  | NRFI 0-0 (0.0%)
  [stats] updated — 20W-16L (55.6% WR)  +3.24u  ROI +9.0%  | NRFI 0-0 (0.0%)
[2026-04-26T03:45:01Z]   NBA graded: 
  [stats] updated — 20W-16L (55.6% WR)  +3.24u  ROI +9.0%  | NRFI 0-0 (0.0%)
  [stats] updated — 20W-16L (55.6% WR)  +3.24u  ROI +9.0%  | NRFI 0-0 (0.0%)
[2026-04-26T03:45:01Z]   NBA graded: 
  [stats] updated — 20W-16L (55.6% WR)  +3.24u  ROI +9.0%  | NRFI 0-0 (0.0%)
  [stats] updated — 20W-16L (55.6% WR)  +3.24u  ROI +9.0%  | NRFI 0-0 (0.0%)
[2026-04-27T01:01:43Z]   MLB graded:   ─────────────────────────────────────────

  [stats] updated — 91W-105L (46.4% WR)  -21.75u  ROI -11.1%  | NRFI 3-2 (60.0%)
[2026-04-27T01:01:43Z]   MLB graded:   ─────────────────────────────────────────

  [stats] updated — 91W-105L (46.4% WR)  -21.75u  ROI -11.1%  | NRFI 3-2 (60.0%)
[2026-04-27T01:30:01Z]   MLB graded:   ─────────────────────────────────────────

  [stats] updated — 92W-106L (46.5% WR)  -22.25u  ROI -11.2%  | NRFI 3-2 (60.0%)
[2026-04-27T01:30:01Z]   MLB graded:   ─────────────────────────────────────────

  [stats] updated — 92W-106L (46.5% WR)  -22.25u  ROI -11.2%  | NRFI 3-2 (60.0%)
[2026-04-27T01:45:01Z]   NBA graded: 
  [stats] updated — 93W-108L (46.3% WR)  -23.35u  ROI -11.6%  | NRFI 3-2 (60.0%)
  [stats] updated — 93W-108L (46.3% WR)  -23.35u  ROI -11.6%  | NRFI 3-2 (60.0%)
[2026-04-27T01:45:01Z]   NBA graded: 
  [stats] updated — 93W-108L (46.3% WR)  -23.35u  ROI -11.6%  | NRFI 3-2 (60.0%)
  [stats] updated — 93W-108L (46.3% WR)  -23.35u  ROI -11.6%  | NRFI 3-2 (60.0%)
[2026-04-27T02:00:01Z]   NBA graded: 
  [stats] updated — 93W-108L (46.3% WR)  -23.35u  ROI -11.6%  | NRFI 3-2 (60.0%)
  [stats] updated — 93W-108L (46.3% WR)  -23.35u  ROI -11.6%  | NRFI 3-2 (60.0%)
[2026-04-27T02:00:01Z]   NBA graded: 
  [stats] updated — 93W-108L (46.3% WR)  -23.35u  ROI -11.6%  | NRFI 3-2 (60.0%)
  [stats] updated — 93W-108L (46.3% WR)  -23.35u  ROI -11.6%  | NRFI 3-2 (60.0%)
[2026-04-27T02:15:02Z]   NBA graded: 
  [stats] updated — 93W-108L (46.3% WR)  -23.35u  ROI -11.6%  | NRFI 3-2 (60.0%)
  [stats] updated — 93W-108L (46.3% WR)  -23.35u  ROI -11.6%  | NRFI 3-2 (60.0%)
[2026-04-27T02:15:02Z]   NBA graded: 
  [stats] updated — 93W-108L (46.3% WR)  -23.35u  ROI -11.6%  | NRFI 3-2 (60.0%)
  [stats] updated — 93W-108L (46.3% WR)  -23.35u  ROI -11.6%  | NRFI 3-2 (60.0%)
[2026-04-27T02:45:02Z]   NBA graded: 
  [stats] updated — 93W-108L (46.3% WR)  -23.35u  ROI -11.6%  | NRFI 3-2 (60.0%)
  [stats] updated — 93W-108L (46.3% WR)  -23.35u  ROI -11.6%  | NRFI 3-2 (60.0%)
[2026-04-27T02:45:02Z]   NBA graded: 
  [stats] updated — 93W-108L (46.3% WR)  -23.35u  ROI -11.6%  | NRFI 3-2 (60.0%)
  [stats] updated — 93W-108L (46.3% WR)  -23.35u  ROI -11.6%  | NRFI 3-2 (60.0%)
[2026-04-27T03:00:01Z]   NBA graded: 
  [stats] updated — 93W-108L (46.3% WR)  -23.35u  ROI -11.6%  | NRFI 3-2 (60.0%)
  [stats] updated — 93W-108L (46.3% WR)  -23.35u  ROI -11.6%  | NRFI 3-2 (60.0%)
[2026-04-27T03:00:01Z]   NBA graded: 
  [stats] updated — 93W-108L (46.3% WR)  -23.35u  ROI -11.6%  | NRFI 3-2 (60.0%)
  [stats] updated — 93W-108L (46.3% WR)  -23.35u  ROI -11.6%  | NRFI 3-2 (60.0%)
[2026-04-27T03:15:02Z]   NBA graded: 
  [stats] updated — 93W-108L (46.3% WR)  -23.35u  ROI -11.6%  | NRFI 3-2 (60.0%)
  [stats] updated — 93W-108L (46.3% WR)  -23.35u  ROI -11.6%  | NRFI 3-2 (60.0%)
[2026-04-27T03:15:02Z]   NBA graded: 
  [stats] updated — 93W-108L (46.3% WR)  -23.35u  ROI -11.6%  | NRFI 3-2 (60.0%)
  [stats] updated — 93W-108L (46.3% WR)  -23.35u  ROI -11.6%  | NRFI 3-2 (60.0%)
[2026-04-27T03:30:01Z]   NBA graded: 
  [stats] updated — 93W-108L (46.3% WR)  -23.35u  ROI -11.6%  | NRFI 3-2 (60.0%)
  [stats] updated — 93W-108L (46.3% WR)  -23.35u  ROI -11.6%  | NRFI 3-2 (60.0%)
[2026-04-27T03:30:01Z]   NBA graded: 
  [stats] updated — 93W-108L (46.3% WR)  -23.35u  ROI -11.6%  | NRFI 3-2 (60.0%)
  [stats] updated — 93W-108L (46.3% WR)  -23.35u  ROI -11.6%  | NRFI 3-2 (60.0%)
[2026-04-27T03:45:01Z]   NBA graded: 
  [stats] updated — 93W-108L (46.3% WR)  -23.35u  ROI -11.6%  | NRFI 3-2 (60.0%)
  [stats] updated — 93W-108L (46.3% WR)  -23.35u  ROI -11.6%  | NRFI 3-2 (60.0%)
[2026-04-27T03:45:01Z]   NBA graded: 
  [stats] updated — 93W-108L (46.3% WR)  -23.35u  ROI -11.6%  | NRFI 3-2 (60.0%)
  [stats] updated — 93W-108L (46.3% WR)  -23.35u  ROI -11.6%  | NRFI 3-2 (60.0%)
[2026-04-28T00:47:20Z]   MLB graded:   ─────────────────────────────────────────

  [stats] updated — 96W-115L (45.5% WR)  -22.72u  ROI -10.8%  | NRFI 3-2 (60.0%)
[2026-04-28T00:47:20Z]   MLB graded:   ─────────────────────────────────────────

  [stats] updated — 96W-115L (45.5% WR)  -22.72u  ROI -10.8%  | NRFI 3-2 (60.0%)
[2026-04-28T01:45:01Z]   MLB graded:   ─────────────────────────────────────────

  [stats] updated — 98W-115L (46.0% WR)  -21.63u  ROI -10.2%  | NRFI 3-2 (60.0%)
[2026-04-28T01:45:01Z]   MLB graded:   ─────────────────────────────────────────

  [stats] updated — 98W-115L (46.0% WR)  -21.63u  ROI -10.2%  | NRFI 3-2 (60.0%)
[2026-04-28T02:30:02Z]   MLB graded:   ─────────────────────────────────────────

  [stats] updated — 99W-115L (46.3% WR)  -20.45u  ROI -9.6%  | NRFI 3-2 (60.0%)
[2026-04-28T02:30:02Z]   MLB graded:   ─────────────────────────────────────────

  [stats] updated — 99W-115L (46.3% WR)  -20.45u  ROI -9.6%  | NRFI 3-2 (60.0%)
[2026-04-28T03:00:01Z]   MLB graded:   ─────────────────────────────────────────

  [stats] updated — 100W-115L (46.5% WR)  -19.48u  ROI -9.1%  | NRFI 3-2 (60.0%)
[2026-04-28T03:00:02Z]   NBA graded: 
  [stats] updated — 101W-117L (46.3% WR)  -20.57u  ROI -9.4%  | NRFI 3-2 (60.0%)
  [stats] updated — 101W-117L (46.3% WR)  -20.57u  ROI -9.4%  | NRFI 3-2 (60.0%)
[2026-04-28T03:00:01Z]   MLB graded:   ─────────────────────────────────────────

  [stats] updated — 100W-115L (46.5% WR)  -19.48u  ROI -9.1%  | NRFI 3-2 (60.0%)
[2026-04-28T03:00:02Z]   NBA graded: 
  [stats] updated — 101W-117L (46.3% WR)  -20.57u  ROI -9.4%  | NRFI 3-2 (60.0%)
  [stats] updated — 101W-117L (46.3% WR)  -20.57u  ROI -9.4%  | NRFI 3-2 (60.0%)
[2026-04-28T03:15:02Z]   NBA graded: 
  [stats] updated — 101W-117L (46.3% WR)  -20.57u  ROI -9.4%  | NRFI 3-2 (60.0%)
  [stats] updated — 101W-117L (46.3% WR)  -20.57u  ROI -9.4%  | NRFI 3-2 (60.0%)
[2026-04-28T03:15:02Z]   NBA graded: 
  [stats] updated — 101W-117L (46.3% WR)  -20.57u  ROI -9.4%  | NRFI 3-2 (60.0%)
  [stats] updated — 101W-117L (46.3% WR)  -20.57u  ROI -9.4%  | NRFI 3-2 (60.0%)
[2026-04-29T02:49:37Z]   MLB graded:   ─────────────────────────────────────────

  [stats] updated — 131W-149L (46.8% WR)  -31.19u  ROI -11.1%  | NRFI 17-7 (70.8%)
[2026-04-29T03:59:05Z]   NBA graded:   [nba props] fetch error: HTTPSConnectionPool(host='stats.nba.com', port=443): Read timed out. (read timeout=30)
  [nba props] No NBA stats fetched for 20260428
  [stats] updated — 134W-152L (46.9% WR)  -31.93u  ROI -11.2%  | NRFI 17-7 (70.8%)
[2026-04-29T02:49:37Z]   MLB graded:   ─────────────────────────────────────────

  [stats] updated — 131W-149L (46.8% WR)  -31.19u  ROI -11.1%  | NRFI 17-7 (70.8%)
[2026-04-29T03:59:05Z]   NBA graded:   [nba props] fetch error: HTTPSConnectionPool(host='stats.nba.com', port=443): Read timed out. (read timeout=30)
  [nba props] No NBA stats fetched for 20260428
  [stats] updated — 134W-152L (46.9% WR)  -31.93u  ROI -11.2%  | NRFI 17-7 (70.8%)
[2026-04-30T03:00:28Z]   MLB graded:   ─────────────────────────────────────────

  [stats] updated — 170W-177L (49.0% WR)  -22.46u  ROI -6.5%  | NRFI 20-9 (69.0%)
[2026-04-30T03:01:00Z]   NBA graded:   [nba props] fetch error: HTTPSConnectionPool(host='stats.nba.com', port=443): Read timed out. (read timeout=30)
  [nba props] No NBA stats fetched for 20260429
  [stats] updated — 172W-179L (49.0% WR)  -23.22u  ROI -6.6%  | NRFI 20-9 (69.0%)
[2026-04-30T03:00:28Z]   MLB graded:   ─────────────────────────────────────────

  [stats] updated — 170W-177L (49.0% WR)  -22.46u  ROI -6.5%  | NRFI 20-9 (69.0%)
[2026-04-30T03:01:00Z]   NBA graded:   [nba props] fetch error: HTTPSConnectionPool(host='stats.nba.com', port=443): Read timed out. (read timeout=30)
  [nba props] No NBA stats fetched for 20260429
  [stats] updated — 172W-179L (49.0% WR)  -23.22u  ROI -6.6%  | NRFI 20-9 (69.0%)
[2026-04-30T03:15:33Z]   NBA graded:   [nba props] fetch error: HTTPSConnectionPool(host='stats.nba.com', port=443): Read timed out. (read timeout=30)
  [nba props] No NBA stats fetched for 20260429
  [stats] updated — 172W-179L (49.0% WR)  -23.22u  ROI -6.6%  | NRFI 20-9 (69.0%)
[2026-04-30T03:15:33Z]   NBA graded:   [nba props] fetch error: HTTPSConnectionPool(host='stats.nba.com', port=443): Read timed out. (read timeout=30)
  [nba props] No NBA stats fetched for 20260429
  [stats] updated — 172W-179L (49.0% WR)  -23.22u  ROI -6.6%  | NRFI 20-9 (69.0%)
[2026-04-30T03:30:03Z]   NBA graded:   🟢 WIN   Marcus Smart              UNDER 19.5   (-130)  →  +0.00u  (PRA: 10)
  Graded 10/10 NBA props.
  [stats] updated — 179W-182L (49.6% WR)  -23.22u  ROI -6.4%  | NRFI 20-9 (69.0%)
[2026-04-30T03:30:03Z]   NBA graded:   🟢 WIN   Marcus Smart              UNDER 19.5   (-130)  →  +0.00u  (PRA: 10)
  Graded 10/10 NBA props.
  [stats] updated — 179W-182L (49.6% WR)  -23.22u  ROI -6.4%  | NRFI 20-9 (69.0%)
[2026-04-30T03:45:01Z]   NBA graded: 
  [stats] updated — 179W-182L (49.6% WR)  -23.22u  ROI -6.4%  | NRFI 20-9 (69.0%)
  [stats] updated — 179W-182L (49.6% WR)  -23.22u  ROI -6.4%  | NRFI 20-9 (69.0%)
[2026-04-30T03:45:01Z]   NBA graded: 
  [stats] updated — 179W-182L (49.6% WR)  -23.22u  ROI -6.4%  | NRFI 20-9 (69.0%)
  [stats] updated — 179W-182L (49.6% WR)  -23.22u  ROI -6.4%  | NRFI 20-9 (69.0%)
[2026-05-01T01:51:06Z]   MLB graded:   ─────────────────────────────────────────

  [stats] updated — 191W-201L (48.7% WR)  -22.81u  ROI -5.8%  | NRFI 21-12 (63.6%)
[2026-05-01T01:51:19Z]   NBA graded:   🔴 LOSS  Derrick White             OVER 20.5   (+105)  →  -0.00u  (PRA: 13)
  Graded 10/10 NBA props.
  [stats] updated — 195W-207L (48.5% WR)  -23.90u  ROI -5.9%  | NRFI 21-12 (63.6%)
[2026-05-01T01:51:06Z]   MLB graded:   ─────────────────────────────────────────

  [stats] updated — 191W-201L (48.7% WR)  -22.81u  ROI -5.8%  | NRFI 21-12 (63.6%)
[2026-05-01T01:51:19Z]   NBA graded:   🔴 LOSS  Derrick White             OVER 20.5   (+105)  →  -0.00u  (PRA: 13)
  Graded 10/10 NBA props.
  [stats] updated — 195W-207L (48.5% WR)  -23.90u  ROI -5.9%  | NRFI 21-12 (63.6%)
[2026-05-01T02:03:07Z]   NBA graded: 
  [stats] updated — 195W-207L (48.5% WR)  -23.90u  ROI -5.9%  | NRFI 21-12 (63.6%)
  [stats] updated — 195W-207L (48.5% WR)  -23.90u  ROI -5.9%  | NRFI 21-12 (63.6%)
[2026-05-01T02:03:07Z]   NBA graded: 
  [stats] updated — 195W-207L (48.5% WR)  -23.90u  ROI -5.9%  | NRFI 21-12 (63.6%)
  [stats] updated — 195W-207L (48.5% WR)  -23.90u  ROI -5.9%  | NRFI 21-12 (63.6%)
[2026-05-01T02:30:02Z]   MLB graded:   ─────────────────────────────────────────

  [stats] updated — 197W-207L (48.8% WR)  -22.72u  ROI -5.6%  | NRFI 22-12 (64.7%)
[2026-05-01T02:30:03Z]   NBA graded: 
  [stats] updated — 197W-207L (48.8% WR)  -22.72u  ROI -5.6%  | NRFI 22-12 (64.7%)
  [stats] updated — 197W-207L (48.8% WR)  -22.72u  ROI -5.6%  | NRFI 22-12 (64.7%)
[2026-05-01T02:30:02Z]   MLB graded:   ─────────────────────────────────────────

  [stats] updated — 197W-207L (48.8% WR)  -22.72u  ROI -5.6%  | NRFI 22-12 (64.7%)
[2026-05-01T02:30:03Z]   NBA graded: 
  [stats] updated — 197W-207L (48.8% WR)  -22.72u  ROI -5.6%  | NRFI 22-12 (64.7%)
  [stats] updated — 197W-207L (48.8% WR)  -22.72u  ROI -5.6%  | NRFI 22-12 (64.7%)
[2026-05-01T02:45:01Z]   NBA graded: 
  [stats] updated — 199W-208L (48.9% WR)  -20.86u  ROI -5.1%  | NRFI 22-12 (64.7%)
  [stats] updated — 199W-208L (48.9% WR)  -20.86u  ROI -5.1%  | NRFI 22-12 (64.7%)
[2026-05-01T02:45:01Z]   NBA graded: 
  [stats] updated — 199W-208L (48.9% WR)  -20.86u  ROI -5.1%  | NRFI 22-12 (64.7%)
  [stats] updated — 199W-208L (48.9% WR)  -20.86u  ROI -5.1%  | NRFI 22-12 (64.7%)
[2026-05-01T03:00:01Z]   NBA graded: 
  [stats] updated — 199W-208L (48.9% WR)  -20.86u  ROI -5.1%  | NRFI 22-12 (64.7%)
  [stats] updated — 199W-208L (48.9% WR)  -20.86u  ROI -5.1%  | NRFI 22-12 (64.7%)
[2026-05-01T03:00:01Z]   NBA graded: 
  [stats] updated — 199W-208L (48.9% WR)  -20.86u  ROI -5.1%  | NRFI 22-12 (64.7%)
  [stats] updated — 199W-208L (48.9% WR)  -20.86u  ROI -5.1%  | NRFI 22-12 (64.7%)
[2026-05-01T03:15:01Z]   NBA graded: 
  [stats] updated — 199W-208L (48.9% WR)  -20.86u  ROI -5.1%  | NRFI 22-12 (64.7%)
  [stats] updated — 199W-208L (48.9% WR)  -20.86u  ROI -5.1%  | NRFI 22-12 (64.7%)
[2026-05-01T03:15:01Z]   NBA graded: 
  [stats] updated — 199W-208L (48.9% WR)  -20.86u  ROI -5.1%  | NRFI 22-12 (64.7%)
  [stats] updated — 199W-208L (48.9% WR)  -20.86u  ROI -5.1%  | NRFI 22-12 (64.7%)
[2026-05-01T03:30:01Z]   NBA graded: 
  [stats] updated — 199W-208L (48.9% WR)  -20.86u  ROI -5.1%  | NRFI 22-12 (64.7%)
  [stats] updated — 199W-208L (48.9% WR)  -20.86u  ROI -5.1%  | NRFI 22-12 (64.7%)
[2026-05-01T03:30:01Z]   NBA graded: 
  [stats] updated — 199W-208L (48.9% WR)  -20.86u  ROI -5.1%  | NRFI 22-12 (64.7%)
  [stats] updated — 199W-208L (48.9% WR)  -20.86u  ROI -5.1%  | NRFI 22-12 (64.7%)
[2026-05-01T03:45:08Z]   NBA graded: 
  [stats] updated — 199W-208L (48.9% WR)  -20.86u  ROI -5.1%  | NRFI 22-12 (64.7%)
  [stats] updated — 199W-208L (48.9% WR)  -20.86u  ROI -5.1%  | NRFI 22-12 (64.7%)
[2026-05-01T03:45:08Z]   NBA graded: 
  [stats] updated — 199W-208L (48.9% WR)  -20.86u  ROI -5.1%  | NRFI 22-12 (64.7%)
  [stats] updated — 199W-208L (48.9% WR)  -20.86u  ROI -5.1%  | NRFI 22-12 (64.7%)
[2026-05-02T01:16:35Z]   MLB graded:   ─────────────────────────────────────────

  [stats] updated — 212W-216L (49.5% WR)  -18.68u  ROI -4.4%  | NRFI 23-12 (65.7%)
[2026-05-02T01:16:35Z]   MLB graded:   ─────────────────────────────────────────

  [stats] updated — 212W-216L (49.5% WR)  -18.68u  ROI -4.4%  | NRFI 23-12 (65.7%)
[2026-05-02T01:51:13Z]   MLB graded:   ─────────────────────────────────────────

  [stats] updated — 214W-220L (49.3% WR)  -20.15u  ROI -4.6%  | NRFI 23-13 (63.9%)
[2026-05-02T01:51:15Z]   NBA graded:   🟢 WIN   Collin Murray-Boyles      UNDER 21.5   (-130)  →  +0.00u  (PRA: 9)
  Graded 21/21 NBA props.
  [stats] updated — 225W-231L (49.3% WR)  -20.24u  ROI -4.4%  | NRFI 23-13 (63.9%)
[2026-05-02T01:51:13Z]   MLB graded:   ─────────────────────────────────────────

  [stats] updated — 214W-220L (49.3% WR)  -20.15u  ROI -4.6%  | NRFI 23-13 (63.9%)
[2026-05-02T01:51:15Z]   NBA graded:   🟢 WIN   Collin Murray-Boyles      UNDER 21.5   (-130)  →  +0.00u  (PRA: 9)
  Graded 21/21 NBA props.
  [stats] updated — 225W-231L (49.3% WR)  -20.24u  ROI -4.4%  | NRFI 23-13 (63.9%)
[2026-05-03T00:46:04Z]   MLB graded:   ─────────────────────────────────────────

  [stats] updated — 237W-253L (48.4% WR)  -23.27u  ROI -4.7%  | NRFI 24-16 (60.0%)
[2026-05-03T00:46:04Z]   MLB graded:   ─────────────────────────────────────────

  [stats] updated — 237W-253L (48.4% WR)  -23.27u  ROI -4.7%  | NRFI 24-16 (60.0%)
[2026-05-03T02:46:12Z]   MLB graded:   ─────────────────────────────────────────

  [stats] updated — 238W-255L (48.3% WR)  -23.07u  ROI -4.7%  | NRFI 24-16 (60.0%)
[2026-05-03T02:46:20Z]   NBA graded:   🔴 LOSS  Justin Edwards            OVER 2.5    (-150)  →  -0.00u  (PRA: 0)
  Graded 12/12 NBA props.
  [stats] updated — 246W-262L (48.4% WR)  -24.14u  ROI -4.8%  | NRFI 24-16 (60.0%)
[2026-05-03T02:46:12Z]   MLB graded:   ─────────────────────────────────────────

  [stats] updated — 238W-255L (48.3% WR)  -23.07u  ROI -4.7%  | NRFI 24-16 (60.0%)
[2026-05-03T02:46:20Z]   NBA graded:   🔴 LOSS  Justin Edwards            OVER 2.5    (-150)  →  -0.00u  (PRA: 0)
  Graded 12/12 NBA props.
  [stats] updated — 246W-262L (48.4% WR)  -24.14u  ROI -4.8%  | NRFI 24-16 (60.0%)
[2026-05-04T01:51:07Z]   MLB graded:   ─────────────────────────────────────────

  [stats] updated — 278W-287L (49.2% WR)  -22.26u  ROI -3.9%  | NRFI 27-20 (57.4%)
[2026-05-04T01:51:14Z]   NBA graded:   🔴 LOSS  Tobias Harris             UNDER 18.5   (-136)  →  -0.00u  (PTS: 30)
  Graded 17/17 NBA props.
  [stats] updated — 287W-297L (49.1% WR)  -21.98u  ROI -3.8%  | NRFI 27-20 (57.4%)
[2026-05-04T01:51:07Z]   MLB graded:   ─────────────────────────────────────────

  [stats] updated — 278W-287L (49.2% WR)  -22.26u  ROI -3.9%  | NRFI 27-20 (57.4%)
[2026-05-04T01:51:14Z]   NBA graded:   🔴 LOSS  Tobias Harris             UNDER 18.5   (-136)  →  -0.00u  (PTS: 30)
  Graded 17/17 NBA props.
  [stats] updated — 287W-297L (49.1% WR)  -21.98u  ROI -3.8%  | NRFI 27-20 (57.4%)
[2026-05-04T02:15:02Z]   MLB graded:   ─────────────────────────────────────────

  [stats] updated — 288W-298L (49.1% WR)  -22.45u  ROI -3.8%  | NRFI 27-20 (57.4%)
[2026-05-04T02:15:02Z]   NBA graded: 
  [stats] updated — 288W-298L (49.1% WR)  -22.45u  ROI -3.8%  | NRFI 27-20 (57.4%)
  [stats] updated — 288W-298L (49.1% WR)  -22.45u  ROI -3.8%  | NRFI 27-20 (57.4%)
[2026-05-04T02:15:02Z]   MLB graded:   ─────────────────────────────────────────

  [stats] updated — 288W-298L (49.1% WR)  -22.45u  ROI -3.8%  | NRFI 27-20 (57.4%)
[2026-05-04T02:15:02Z]   NBA graded: 
  [stats] updated — 288W-298L (49.1% WR)  -22.45u  ROI -3.8%  | NRFI 27-20 (57.4%)
  [stats] updated — 288W-298L (49.1% WR)  -22.45u  ROI -3.8%  | NRFI 27-20 (57.4%)
[2026-05-04T02:30:01Z]   NBA graded: 
  [stats] updated — 289W-298L (49.2% WR)  -22.10u  ROI -3.8%  | NRFI 27-20 (57.4%)
  [stats] updated — 289W-298L (49.2% WR)  -22.10u  ROI -3.8%  | NRFI 27-20 (57.4%)
[2026-05-04T02:30:01Z]   NBA graded: 
  [stats] updated — 289W-298L (49.2% WR)  -22.10u  ROI -3.8%  | NRFI 27-20 (57.4%)
  [stats] updated — 289W-298L (49.2% WR)  -22.10u  ROI -3.8%  | NRFI 27-20 (57.4%)
[2026-05-04T02:45:01Z]   NBA graded: 
  [stats] updated — 289W-298L (49.2% WR)  -22.10u  ROI -3.8%  | NRFI 27-20 (57.4%)
  [stats] updated — 289W-298L (49.2% WR)  -22.10u  ROI -3.8%  | NRFI 27-20 (57.4%)
[2026-05-04T02:45:01Z]   NBA graded: 
  [stats] updated — 289W-298L (49.2% WR)  -22.10u  ROI -3.8%  | NRFI 27-20 (57.4%)
  [stats] updated — 289W-298L (49.2% WR)  -22.10u  ROI -3.8%  | NRFI 27-20 (57.4%)
[2026-05-04T03:00:01Z]   NBA graded: 
  [stats] updated — 289W-298L (49.2% WR)  -22.10u  ROI -3.8%  | NRFI 27-20 (57.4%)
  [stats] updated — 289W-298L (49.2% WR)  -22.10u  ROI -3.8%  | NRFI 27-20 (57.4%)
[2026-05-04T03:00:01Z]   NBA graded: 
  [stats] updated — 289W-298L (49.2% WR)  -22.10u  ROI -3.8%  | NRFI 27-20 (57.4%)
  [stats] updated — 289W-298L (49.2% WR)  -22.10u  ROI -3.8%  | NRFI 27-20 (57.4%)
[2026-05-04T03:15:01Z]   NBA graded: 
  [stats] updated — 289W-298L (49.2% WR)  -22.10u  ROI -3.8%  | NRFI 27-20 (57.4%)
  [stats] updated — 289W-298L (49.2% WR)  -22.10u  ROI -3.8%  | NRFI 27-20 (57.4%)
[2026-05-04T03:15:01Z]   NBA graded: 
  [stats] updated — 289W-298L (49.2% WR)  -22.10u  ROI -3.8%  | NRFI 27-20 (57.4%)
  [stats] updated — 289W-298L (49.2% WR)  -22.10u  ROI -3.8%  | NRFI 27-20 (57.4%)
[2026-05-04T03:30:01Z]   NBA graded: 
  [stats] updated — 289W-298L (49.2% WR)  -22.10u  ROI -3.8%  | NRFI 27-20 (57.4%)
  [stats] updated — 289W-298L (49.2% WR)  -22.10u  ROI -3.8%  | NRFI 27-20 (57.4%)
[2026-05-04T03:30:01Z]   NBA graded: 
  [stats] updated — 289W-298L (49.2% WR)  -22.10u  ROI -3.8%  | NRFI 27-20 (57.4%)
  [stats] updated — 289W-298L (49.2% WR)  -22.10u  ROI -3.8%  | NRFI 27-20 (57.4%)
[2026-05-04T03:45:01Z]   NBA graded: 
  [stats] updated — 289W-298L (49.2% WR)  -22.10u  ROI -3.8%  | NRFI 27-20 (57.4%)
  [stats] updated — 289W-298L (49.2% WR)  -22.10u  ROI -3.8%  | NRFI 27-20 (57.4%)
[2026-05-04T03:45:01Z]   NBA graded: 
  [stats] updated — 289W-298L (49.2% WR)  -22.10u  ROI -3.8%  | NRFI 27-20 (57.4%)
  [stats] updated — 289W-298L (49.2% WR)  -22.10u  ROI -3.8%  | NRFI 27-20 (57.4%)
[2026-05-05T01:30:03Z]   NBA graded:   🟢 WIN   Karl-Anthony Towns        UNDER 3.5    (+112)  →  +0.00u  (AST: 1)
  Graded 10/10 NBA props.
  [stats] updated — 292W-304L (49.0% WR)  -22.10u  ROI -3.7%  | NRFI 27-20 (57.4%)
[2026-05-05T01:30:03Z]   NBA graded:   🟢 WIN   Karl-Anthony Towns        UNDER 3.5    (+112)  →  +0.00u  (AST: 1)
  Graded 10/10 NBA props.
  [stats] updated — 292W-304L (49.0% WR)  -22.10u  ROI -3.7%  | NRFI 27-20 (57.4%)
[2026-05-06T01:45:03Z]   NBA graded:   🔴 LOSS  Max Strus                 OVER 14.5   (-110)  →  -0.00u  (PRA: 13)
  Graded 10/10 NBA props.
  [stats] updated — 296W-310L (48.8% WR)  -21.47u  ROI -3.5%  | NRFI 27-20 (57.4%)
[2026-05-06T01:45:03Z]   NBA graded:   🔴 LOSS  Max Strus                 OVER 14.5   (-110)  →  -0.00u  (PRA: 13)
  Graded 10/10 NBA props.
  [stats] updated — 296W-310L (48.8% WR)  -21.47u  ROI -3.5%  | NRFI 27-20 (57.4%)
[2026-05-06T02:00:01Z]   NBA graded: 
  [stats] updated — 296W-310L (48.8% WR)  -21.47u  ROI -3.5%  | NRFI 27-20 (57.4%)
  [stats] updated — 296W-310L (48.8% WR)  -21.47u  ROI -3.5%  | NRFI 27-20 (57.4%)
[2026-05-06T02:00:01Z]   NBA graded: 
  [stats] updated — 296W-310L (48.8% WR)  -21.47u  ROI -3.5%  | NRFI 27-20 (57.4%)
  [stats] updated — 296W-310L (48.8% WR)  -21.47u  ROI -3.5%  | NRFI 27-20 (57.4%)
[2026-05-06T02:15:01Z]   NBA graded: 
  [stats] updated — 296W-310L (48.8% WR)  -21.47u  ROI -3.5%  | NRFI 27-20 (57.4%)
  [stats] updated — 296W-310L (48.8% WR)  -21.47u  ROI -3.5%  | NRFI 27-20 (57.4%)
[2026-05-06T02:15:01Z]   NBA graded: 
  [stats] updated — 296W-310L (48.8% WR)  -21.47u  ROI -3.5%  | NRFI 27-20 (57.4%)
  [stats] updated — 296W-310L (48.8% WR)  -21.47u  ROI -3.5%  | NRFI 27-20 (57.4%)
[2026-05-06T02:30:02Z]   NBA graded: 
  [stats] updated — 296W-310L (48.8% WR)  -21.47u  ROI -3.5%  | NRFI 27-20 (57.4%)
  [stats] updated — 296W-310L (48.8% WR)  -21.47u  ROI -3.5%  | NRFI 27-20 (57.4%)
[2026-05-06T02:30:02Z]   NBA graded: 
  [stats] updated — 296W-310L (48.8% WR)  -21.47u  ROI -3.5%  | NRFI 27-20 (57.4%)
  [stats] updated — 296W-310L (48.8% WR)  -21.47u  ROI -3.5%  | NRFI 27-20 (57.4%)
[2026-05-08T01:45:01Z]   NBA graded: 
  [stats] updated — 298W-311L (48.9% WR)  -20.87u  ROI -3.4%  | NRFI 27-20 (57.4%)
  [stats] updated — 298W-311L (48.9% WR)  -20.87u  ROI -3.4%  | NRFI 27-20 (57.4%)
[2026-05-08T01:45:01Z]   NBA graded: 
  [stats] updated — 298W-311L (48.9% WR)  -20.87u  ROI -3.4%  | NRFI 27-20 (57.4%)
  [stats] updated — 298W-311L (48.9% WR)  -20.87u  ROI -3.4%  | NRFI 27-20 (57.4%)
[2026-05-08T03:30:08Z]   NBA graded: 
  [stats] updated — 298W-311L (48.9% WR)  -20.87u  ROI -3.4%  | NRFI 27-20 (57.4%)
  [stats] updated — 298W-311L (48.9% WR)  -20.87u  ROI -3.4%  | NRFI 27-20 (57.4%)
[2026-05-08T03:30:08Z]   NBA graded: 
  [stats] updated — 298W-311L (48.9% WR)  -20.87u  ROI -3.4%  | NRFI 27-20 (57.4%)
  [stats] updated — 298W-311L (48.9% WR)  -20.87u  ROI -3.4%  | NRFI 27-20 (57.4%)
[2026-05-09T03:02:21Z]   MLB graded:   ─────────────────────────────────────────

  [stats] updated — 337W-343L (49.6% WR)  -18.58u  ROI -2.7%  | NRFI 29-26 (52.7%)
[2026-05-09T03:02:23Z]   NBA graded:   [stats] updated — 338W-344L (49.6% WR)  -18.50u  ROI -2.7%  | NRFI 29-26 (52.7%)
  [nba props] No NBA stats fetched for 20260508
  [stats] updated — 338W-344L (49.6% WR)  -18.50u  ROI -2.7%  | NRFI 29-26 (52.7%)
[2026-05-09T03:02:21Z]   MLB graded:   ─────────────────────────────────────────

  [stats] updated — 337W-343L (49.6% WR)  -18.58u  ROI -2.7%  | NRFI 29-26 (52.7%)
[2026-05-09T03:02:23Z]   NBA graded:   [stats] updated — 338W-344L (49.6% WR)  -18.50u  ROI -2.7%  | NRFI 29-26 (52.7%)
  [nba props] No NBA stats fetched for 20260508
  [stats] updated — 338W-344L (49.6% WR)  -18.50u  ROI -2.7%  | NRFI 29-26 (52.7%)
[2026-05-10T02:48:23Z]   MLB grader TIMEOUT after 120s
[2026-05-10T02:48:34Z]   NBA graded:   🔴 LOSS  Isaiah Hartenstein        UNDER 0.5    (+131)  →  -0.00u  (STL: 1)
  Graded 10/10 NBA props.
  [stats] updated — 344W-349L (49.6% WR)  -19.50u  ROI -2.8%  | NRFI 29-26 (52.7%)
[2026-05-10T02:48:23Z]   MLB grader TIMEOUT after 120s
[2026-05-10T02:48:34Z]   NBA graded:   🔴 LOSS  Isaiah Hartenstein        UNDER 0.5    (+131)  →  -0.00u  (STL: 1)
  Graded 10/10 NBA props.
  [stats] updated — 344W-349L (49.6% WR)  -19.50u  ROI -2.8%  | NRFI 29-26 (52.7%)
[2026-05-10T03:00:06Z]   MLB grader TIMEOUT after 120s
[2026-05-10T03:00:07Z]   NBA graded: 
  [stats] updated — 344W-351L (49.5% WR)  -21.50u  ROI -3.1%  | NRFI 29-26 (52.7%)
  [stats] updated — 344W-351L (49.5% WR)  -21.50u  ROI -3.1%  | NRFI 29-26 (52.7%)
[2026-05-10T03:00:06Z]   MLB grader TIMEOUT after 120s
[2026-05-10T03:00:07Z]   NBA graded: 
  [stats] updated — 344W-351L (49.5% WR)  -21.50u  ROI -3.1%  | NRFI 29-26 (52.7%)
  [stats] updated — 344W-351L (49.5% WR)  -21.50u  ROI -3.1%  | NRFI 29-26 (52.7%)
[2026-05-10T03:39:35Z]   MLB grader TIMEOUT after 120s
[2026-05-10T03:39:37Z]   NBA graded: 
  [stats] updated — 344W-351L (49.5% WR)  -21.50u  ROI -3.1%  | NRFI 29-26 (52.7%)
  [stats] updated — 344W-351L (49.5% WR)  -21.50u  ROI -3.1%  | NRFI 29-26 (52.7%)
[2026-05-10T03:39:35Z]   MLB grader TIMEOUT after 120s
[2026-05-10T03:39:37Z]   NBA graded: 
  [stats] updated — 344W-351L (49.5% WR)  -21.50u  ROI -3.1%  | NRFI 29-26 (52.7%)
  [stats] updated — 344W-351L (49.5% WR)  -21.50u  ROI -3.1%  | NRFI 29-26 (52.7%)
[2026-05-10T04:09:46Z]   MLB grader TIMEOUT after 120s
[2026-05-10T04:09:48Z]   NBA graded: 
  [stats] updated — 344W-351L (49.5% WR)  -21.50u  ROI -3.1%  | NRFI 29-26 (52.7%)
  [stats] updated — 344W-351L (49.5% WR)  -21.50u  ROI -3.1%  | NRFI 29-26 (52.7%)
[2026-05-10T04:09:46Z]   MLB grader TIMEOUT after 120s
[2026-05-10T04:09:48Z]   NBA graded: 
  [stats] updated — 344W-351L (49.5% WR)  -21.50u  ROI -3.1%  | NRFI 29-26 (52.7%)
  [stats] updated — 344W-351L (49.5% WR)  -21.50u  ROI -3.1%  | NRFI 29-26 (52.7%)
[2026-05-11T01:00:01Z]   MLB graded:   ─────────────────────────────────────────

  [stats] updated — 413W-417L (49.8% WR)  -28.67u  ROI -3.5%  | NRFI 32-32 (50.0%)
[2026-05-11T01:00:03Z]   NBA graded: 
  [stats] updated — 413W-417L (49.8% WR)  -28.67u  ROI -3.5%  | NRFI 32-32 (50.0%)
  [stats] updated — 413W-417L (49.8% WR)  -28.67u  ROI -3.5%  | NRFI 32-32 (50.0%)
[2026-05-11T01:00:01Z]   MLB graded:   ─────────────────────────────────────────

  [stats] updated — 413W-417L (49.8% WR)  -28.67u  ROI -3.5%  | NRFI 32-32 (50.0%)
[2026-05-11T01:00:03Z]   NBA graded: 
  [stats] updated — 413W-417L (49.8% WR)  -28.67u  ROI -3.5%  | NRFI 32-32 (50.0%)
  [stats] updated — 413W-417L (49.8% WR)  -28.67u  ROI -3.5%  | NRFI 32-32 (50.0%)
[2026-05-11T01:15:03Z]   NBA graded: 
  [stats] updated — 413W-417L (49.8% WR)  -28.67u  ROI -3.5%  | NRFI 32-32 (50.0%)
  [stats] updated — 413W-417L (49.8% WR)  -28.67u  ROI -3.5%  | NRFI 32-32 (50.0%)
[2026-05-11T01:15:03Z]   NBA graded: 
  [stats] updated — 413W-417L (49.8% WR)  -28.67u  ROI -3.5%  | NRFI 32-32 (50.0%)
  [stats] updated — 413W-417L (49.8% WR)  -28.67u  ROI -3.5%  | NRFI 32-32 (50.0%)
[2026-05-11T02:00:02Z]   NBA graded: 
  [stats] updated — 413W-417L (49.8% WR)  -28.67u  ROI -3.5%  | NRFI 32-32 (50.0%)
  [stats] updated — 413W-417L (49.8% WR)  -28.67u  ROI -3.5%  | NRFI 32-32 (50.0%)
[2026-05-11T02:00:02Z]   NBA graded: 
  [stats] updated — 413W-417L (49.8% WR)  -28.67u  ROI -3.5%  | NRFI 32-32 (50.0%)
  [stats] updated — 413W-417L (49.8% WR)  -28.67u  ROI -3.5%  | NRFI 32-32 (50.0%)
[2026-05-11T02:31:23Z]   MLB graded:   ─────────────────────────────────────────

  [stats] updated — 414W-417L (49.8% WR)  -27.02u  ROI -3.3%  | NRFI 32-32 (50.0%)
[2026-05-11T02:31:25Z]   NBA graded: 
  [stats] updated — 417W-417L (50.0% WR)  -23.41u  ROI -2.8%  | NRFI 32-32 (50.0%)
  [stats] updated — 417W-417L (50.0% WR)  -23.41u  ROI -2.8%  | NRFI 32-32 (50.0%)
[2026-05-11T02:31:23Z]   MLB graded:   ─────────────────────────────────────────

  [stats] updated — 414W-417L (49.8% WR)  -27.02u  ROI -3.3%  | NRFI 32-32 (50.0%)
[2026-05-11T02:31:25Z]   NBA graded: 
  [stats] updated — 417W-417L (50.0% WR)  -23.41u  ROI -2.8%  | NRFI 32-32 (50.0%)
  [stats] updated — 417W-417L (50.0% WR)  -23.41u  ROI -2.8%  | NRFI 32-32 (50.0%)
[2026-05-12T01:10:46Z]   MLB graded:   ─────────────────────────────────────────

  [stats] updated — 420W-419L (50.1% WR)  -24.41u  ROI -2.9%  | NRFI 32-32 (50.0%)
[2026-05-12T01:10:46Z]   MLB graded:   ─────────────────────────────────────────

  [stats] updated — 420W-419L (50.1% WR)  -24.41u  ROI -2.9%  | NRFI 32-32 (50.0%)
[2026-05-13T01:16:41Z]   MLB graded:   ─────────────────────────────────────────

  [stats] updated — 433W-433L (50.0% WR)  -21.65u  ROI -2.5%  | NRFI 35-34 (50.7%)
[2026-05-13T01:16:41Z]   MLB graded:   ─────────────────────────────────────────

  [stats] updated — 433W-433L (50.0% WR)  -21.65u  ROI -2.5%  | NRFI 35-34 (50.7%)
[2026-05-13T01:30:01Z]   MLB graded:   ─────────────────────────────────────────

  [stats] updated — 437W-437L (50.0% WR)  -19.45u  ROI -2.2%  | NRFI 35-36 (49.3%)
[2026-05-13T01:30:01Z]   MLB graded:   ─────────────────────────────────────────

  [stats] updated — 437W-437L (50.0% WR)  -19.45u  ROI -2.2%  | NRFI 35-36 (49.3%)
[2026-05-13T01:45:01Z]   MLB graded:   ─────────────────────────────────────────

  [stats] updated — 438W-440L (49.9% WR)  -22.45u  ROI -2.6%  | NRFI 36-36 (50.0%)
[2026-05-13T01:45:01Z]   MLB graded:   ─────────────────────────────────────────

  [stats] updated — 438W-440L (49.9% WR)  -22.45u  ROI -2.6%  | NRFI 36-36 (50.0%)
[2026-05-13T02:00:01Z]   MLB graded:   ─────────────────────────────────────────

  [stats] updated — 443W-441L (50.1% WR)  -20.92u  ROI -2.4%  | NRFI 37-36 (50.7%)
[2026-05-13T02:00:01Z]   MLB graded:   ─────────────────────────────────────────

  [stats] updated — 443W-441L (50.1% WR)  -20.92u  ROI -2.4%  | NRFI 37-36 (50.7%)
[2026-05-13T02:30:01Z]   MLB graded:   ─────────────────────────────────────────

  [stats] updated — 446W-444L (50.1% WR)  -23.25u  ROI -2.6%  | NRFI 38-36 (51.4%)
[2026-05-13T02:30:01Z]   MLB graded:   ─────────────────────────────────────────

  [stats] updated — 446W-444L (50.1% WR)  -23.25u  ROI -2.6%  | NRFI 38-36 (51.4%)
[2026-05-13T02:45:01Z]   MLB graded:   ─────────────────────────────────────────

  [stats] updated — 449W-447L (50.1% WR)  -23.22u  ROI -2.6%  | NRFI 38-37 (50.7%)
[2026-05-13T02:45:03Z]   NBA graded: 
  [stats] updated — 450W-447L (50.2% WR)  -22.30u  ROI -2.5%  | NRFI 38-37 (50.7%)
  [stats] updated — 450W-447L (50.2% WR)  -22.30u  ROI -2.5%  | NRFI 38-37 (50.7%)
[2026-05-13T02:45:01Z]   MLB graded:   ─────────────────────────────────────────

  [stats] updated — 449W-447L (50.1% WR)  -23.22u  ROI -2.6%  | NRFI 38-37 (50.7%)
[2026-05-13T02:45:03Z]   NBA graded: 
  [stats] updated — 450W-447L (50.2% WR)  -22.30u  ROI -2.5%  | NRFI 38-37 (50.7%)
  [stats] updated — 450W-447L (50.2% WR)  -22.30u  ROI -2.5%  | NRFI 38-37 (50.7%)
[2026-05-13T03:00:03Z]   NBA graded: 
  [stats] updated — 450W-447L (50.2% WR)  -22.30u  ROI -2.5%  | NRFI 38-37 (50.7%)
  [stats] updated — 450W-447L (50.2% WR)  -22.30u  ROI -2.5%  | NRFI 38-37 (50.7%)
[2026-05-13T03:00:03Z]   NBA graded: 
  [stats] updated — 450W-447L (50.2% WR)  -22.30u  ROI -2.5%  | NRFI 38-37 (50.7%)
  [stats] updated — 450W-447L (50.2% WR)  -22.30u  ROI -2.5%  | NRFI 38-37 (50.7%)
[2026-05-14T00:20:36Z]   MLB graded:   ─────────────────────────────────────────

  [stats] updated — 20W-16L (55.6% WR)  +3.24u  ROI +9.0%  | NRFI 0-0 (0.0%)
[2026-05-14T00:20:36Z]   MLB graded:   ─────────────────────────────────────────

  [stats] updated — 20W-16L (55.6% WR)  +3.24u  ROI +9.0%  | NRFI 0-0 (0.0%)
[2026-05-14T01:45:17Z]   MLB graded:   ─────────────────────────────────────────

  [stats] updated — 20W-16L (55.6% WR)  +3.24u  ROI +9.0%  | NRFI 0-0 (0.0%)
[2026-05-14T01:45:17Z]   MLB graded:   ─────────────────────────────────────────

  [stats] updated — 20W-16L (55.6% WR)  +3.24u  ROI +9.0%  | NRFI 0-0 (0.0%)
[2026-05-14T02:17:56Z]   MLB graded:   ─────────────────────────────────────────

  [stats] updated — 20W-16L (55.6% WR)  +3.24u  ROI +9.0%  | NRFI 0-0 (0.0%)
[2026-05-14T02:17:56Z]   MLB graded:   ─────────────────────────────────────────

  [stats] updated — 20W-16L (55.6% WR)  +3.24u  ROI +9.0%  | NRFI 0-0 (0.0%)
[2026-05-14T02:30:01Z]   MLB graded:   ─────────────────────────────────────────

  [stats] updated — 20W-16L (55.6% WR)  +3.24u  ROI +9.0%  | NRFI 0-0 (0.0%)
[2026-05-14T02:30:01Z]   MLB graded:   ─────────────────────────────────────────

  [stats] updated — 20W-16L (55.6% WR)  +3.24u  ROI +9.0%  | NRFI 0-0 (0.0%)
[2026-05-14T03:00:48Z]   MLB graded:   ─────────────────────────────────────────

  [stats] updated — 20W-16L (55.6% WR)  +3.24u  ROI +9.0%  | NRFI 0-0 (0.0%)
[2026-05-14T03:00:48Z]   MLB graded:   ─────────────────────────────────────────

  [stats] updated — 20W-16L (55.6% WR)  +3.24u  ROI +9.0%  | NRFI 0-0 (0.0%)
[2026-05-14T03:32:12Z]   MLB graded:   ─────────────────────────────────────────

  [stats] updated — 20W-16L (55.6% WR)  +3.24u  ROI +9.0%  | NRFI 0-0 (0.0%)
[2026-05-14T03:32:13Z]   NBA graded: 
  [stats] updated — 20W-16L (55.6% WR)  +3.24u  ROI +9.0%  | NRFI 0-0 (0.0%)
  [stats] updated — 20W-16L (55.6% WR)  +3.24u  ROI +9.0%  | NRFI 0-0 (0.0%)
[2026-05-14T03:32:12Z]   MLB graded:   ─────────────────────────────────────────

  [stats] updated — 20W-16L (55.6% WR)  +3.24u  ROI +9.0%  | NRFI 0-0 (0.0%)
[2026-05-14T03:32:13Z]   NBA graded: 
  [stats] updated — 20W-16L (55.6% WR)  +3.24u  ROI +9.0%  | NRFI 0-0 (0.0%)
  [stats] updated — 20W-16L (55.6% WR)  +3.24u  ROI +9.0%  | NRFI 0-0 (0.0%)
[2026-05-15T00:00:33Z]   MLB graded:   ─────────────────────────────────────────

  [stats] updated — 20W-16L (55.6% WR)  +3.24u  ROI +9.0%  | NRFI 0-0 (0.0%)
[2026-05-15T00:00:33Z]   MLB graded:   ─────────────────────────────────────────

  [stats] updated — 20W-16L (55.6% WR)  +3.24u  ROI +9.0%  | NRFI 0-0 (0.0%)
[2026-05-15T02:00:02Z]   MLB graded:   ─────────────────────────────────────────

  [stats] updated — 20W-16L (55.6% WR)  +3.24u  ROI +9.0%  | NRFI 0-0 (0.0%)
[2026-05-15T02:00:02Z]   MLB graded:   ─────────────────────────────────────────

  [stats] updated — 20W-16L (55.6% WR)  +3.24u  ROI +9.0%  | NRFI 0-0 (0.0%)
[2026-05-15T02:15:01Z]   MLB graded:   ─────────────────────────────────────────

  [stats] updated — 20W-16L (55.6% WR)  +3.24u  ROI +9.0%  | NRFI 0-0 (0.0%)
[2026-05-15T02:15:01Z]   MLB graded:   ─────────────────────────────────────────

  [stats] updated — 20W-16L (55.6% WR)  +3.24u  ROI +9.0%  | NRFI 0-0 (0.0%)
[2026-05-17T00:02:15Z]   MLB graded:   ─────────────────────────────────────────

  [stats] updated — 25W-22L (53.2% WR)  +1.02u  ROI +2.2%  | NRFI 0-0 (0.0%)
[2026-05-17T00:02:15Z]   MLB graded:   ─────────────────────────────────────────

  [stats] updated — 25W-22L (53.2% WR)  +1.02u  ROI +2.2%  | NRFI 0-0 (0.0%)
[2026-05-17T01:17:27Z]   MLB graded:   ─────────────────────────────────────────

  [stats] updated — 25W-22L (53.2% WR)  +1.02u  ROI +2.2%  | NRFI 0-0 (0.0%)
[2026-05-17T01:17:27Z]   MLB graded:   ─────────────────────────────────────────

  [stats] updated — 25W-22L (53.2% WR)  +1.02u  ROI +2.2%  | NRFI 0-0 (0.0%)
[2026-05-17T01:30:02Z]   MLB graded:   ─────────────────────────────────────────

  [stats] updated — 25W-22L (53.2% WR)  +1.02u  ROI +2.2%  | NRFI 0-0 (0.0%)
[2026-05-17T01:30:02Z]   MLB graded:   ─────────────────────────────────────────

  [stats] updated — 25W-22L (53.2% WR)  +1.02u  ROI +2.2%  | NRFI 0-0 (0.0%)
[2026-05-17T01:45:00Z]   MLB graded:   ─────────────────────────────────────────

  [stats] updated — 27W-22L (55.1% WR)  +2.41u  ROI +4.9%  | NRFI 0-0 (0.0%)
[2026-05-17T01:45:00Z]   MLB graded:   ─────────────────────────────────────────

  [stats] updated — 27W-22L (55.1% WR)  +2.41u  ROI +4.9%  | NRFI 0-0 (0.0%)
[2026-05-17T02:00:01Z]   MLB graded:   ─────────────────────────────────────────

  [stats] updated — 27W-22L (55.1% WR)  +2.41u  ROI +4.9%  | NRFI 0-0 (0.0%)
[2026-05-17T02:00:01Z]   MLB graded:   ─────────────────────────────────────────

  [stats] updated — 27W-22L (55.1% WR)  +2.41u  ROI +4.9%  | NRFI 0-0 (0.0%)
[2026-05-17T02:15:01Z]   MLB graded:   ─────────────────────────────────────────

  [stats] updated — 27W-22L (55.1% WR)  +2.41u  ROI +4.9%  | NRFI 0-0 (0.0%)
[2026-05-17T02:15:01Z]   MLB graded:   ─────────────────────────────────────────

  [stats] updated — 27W-22L (55.1% WR)  +2.41u  ROI +4.9%  | NRFI 0-0 (0.0%)
[2026-05-17T02:45:01Z]   MLB graded:   ─────────────────────────────────────────

  [stats] updated — 28W-22L (56.0% WR)  +3.09u  ROI +6.2%  | NRFI 0-0 (0.0%)
[2026-05-17T02:45:01Z]   MLB graded:   ─────────────────────────────────────────

  [stats] updated — 28W-22L (56.0% WR)  +3.09u  ROI +6.2%  | NRFI 0-0 (0.0%)
[2026-05-18T00:00:24Z]   MLB graded:   ─────────────────────────────────────────

  [stats] updated — 30W-28L (51.7% WR)  -1.57u  ROI -2.7%  | NRFI 0-0 (0.0%)
[2026-05-18T00:00:24Z]   MLB graded:   ─────────────────────────────────────────

  [stats] updated — 30W-28L (51.7% WR)  -1.57u  ROI -2.7%  | NRFI 0-0 (0.0%)
[2026-05-18T01:00:03Z]   NBA graded:   🟢 WIN   Jarrett Allen             UNDER 0.5    (+162)  →  +1.62u  (stl: 0)
  Graded 1/1 NBA props (new schema).
  [stats] updated — 30W-28L (51.7% WR)  -1.57u  ROI -2.7%  | NRFI 0-0 (0.0%)
[2026-05-18T01:00:03Z]   NBA graded:   🟢 WIN   Jarrett Allen             UNDER 0.5    (+162)  →  +1.62u  (stl: 0)
  Graded 1/1 NBA props (new schema).
  [stats] updated — 30W-28L (51.7% WR)  -1.57u  ROI -2.7%  | NRFI 0-0 (0.0%)
[2026-05-18T02:37:31Z]   MLB graded:   ─────────────────────────────────────────

  [stats] updated — 30W-28L (51.7% WR)  -1.57u  ROI -2.7%  | NRFI 0-0 (0.0%)
[2026-05-18T02:37:31Z]   MLB graded:   ─────────────────────────────────────────

  [stats] updated — 30W-28L (51.7% WR)  -1.57u  ROI -2.7%  | NRFI 0-0 (0.0%)
[2026-05-18T03:00:02Z]   NBA graded: 
  [stats] updated — 31W-28L (52.5% WR)  -0.62u  ROI -1.0%  | NRFI 0-0 (0.0%)
  [stats] updated — 31W-28L (52.5% WR)  -0.62u  ROI -1.0%  | NRFI 0-0 (0.0%)
[2026-05-18T03:00:02Z]   NBA graded: 
  [stats] updated — 31W-28L (52.5% WR)  -0.62u  ROI -1.0%  | NRFI 0-0 (0.0%)
  [stats] updated — 31W-28L (52.5% WR)  -0.62u  ROI -1.0%  | NRFI 0-0 (0.0%)
[2026-05-18T03:15:02Z]   NBA graded: 
  [stats] updated — 31W-28L (52.5% WR)  -0.62u  ROI -1.0%  | NRFI 0-0 (0.0%)
  [stats] updated — 31W-28L (52.5% WR)  -0.62u  ROI -1.0%  | NRFI 0-0 (0.0%)
[2026-05-18T03:15:02Z]   NBA graded: 
  [stats] updated — 31W-28L (52.5% WR)  -0.62u  ROI -1.0%  | NRFI 0-0 (0.0%)
  [stats] updated — 31W-28L (52.5% WR)  -0.62u  ROI -1.0%  | NRFI 0-0 (0.0%)
[2026-05-20T00:00:13Z]   MLB graded:   ─────────────────────────────────────────

  [stats] updated — 37W-29L (56.1% WR)  +3.63u  ROI +5.5%  | NRFI 0-0 (0.0%)
[2026-05-20T00:00:13Z]   MLB graded:   ─────────────────────────────────────────

  [stats] updated — 37W-29L (56.1% WR)  +3.63u  ROI +5.5%  | NRFI 0-0 (0.0%)
[2026-05-20T01:15:02Z]   MLB graded:   ─────────────────────────────────────────

  [stats] updated — 37W-29L (56.1% WR)  +3.63u  ROI +5.5%  | NRFI 0-0 (0.0%)
[2026-05-20T01:15:02Z]   MLB graded:   ─────────────────────────────────────────

  [stats] updated — 37W-29L (56.1% WR)  +3.63u  ROI +5.5%  | NRFI 0-0 (0.0%)
[2026-05-20T01:34:11Z]   MLB graded:   ─────────────────────────────────────────

  [stats] updated — 37W-29L (56.1% WR)  +3.63u  ROI +5.5%  | NRFI 0-0 (0.0%)
[2026-05-20T01:34:44Z]   NBA graded:   🟢 WIN   Donovan Mitchell          UNDER 35.5   (-120)  →  +0.83u  (PRA: 13)
  Graded 20/20 NBA props.
  [stats] updated — 37W-29L (56.1% WR)  +3.63u  ROI +5.5%  | NRFI 0-0 (0.0%)
[2026-05-20T01:34:11Z]   MLB graded:   ─────────────────────────────────────────

  [stats] updated — 37W-29L (56.1% WR)  +3.63u  ROI +5.5%  | NRFI 0-0 (0.0%)
[2026-05-20T01:34:44Z]   NBA graded:   🟢 WIN   Donovan Mitchell          UNDER 35.5   (-120)  →  +0.83u  (PRA: 13)
  Graded 20/20 NBA props.
  [stats] updated — 37W-29L (56.1% WR)  +3.63u  ROI +5.5%  | NRFI 0-0 (0.0%)
[2026-05-20T02:01:21Z]   MLB graded:   ─────────────────────────────────────────

  [stats] updated — 37W-29L (56.1% WR)  +3.63u  ROI +5.5%  | NRFI 0-0 (0.0%)
[2026-05-20T02:01:21Z]   MLB graded:   ─────────────────────────────────────────

  [stats] updated — 37W-29L (56.1% WR)  +3.63u  ROI +5.5%  | NRFI 0-0 (0.0%)
[2026-05-20T02:32:26Z]   MLB graded:   ─────────────────────────────────────────

  [stats] updated — 37W-29L (56.1% WR)  +3.63u  ROI +5.5%  | NRFI 0-0 (0.0%)
[2026-05-20T02:32:26Z]   MLB graded:   ─────────────────────────────────────────

  [stats] updated — 37W-29L (56.1% WR)  +3.63u  ROI +5.5%  | NRFI 0-0 (0.0%)
[2026-05-20T03:45:02Z]   MLB graded:   ─────────────────────────────────────────

  [stats] updated — 37W-29L (56.1% WR)  +3.63u  ROI +5.5%  | NRFI 0-0 (0.0%)
[2026-05-20T03:45:03Z]   NBA graded: 
  [stats] updated — 38W-29L (56.7% WR)  +4.54u  ROI +6.8%  | NRFI 0-0 (0.0%)
  [stats] updated — 38W-29L (56.7% WR)  +4.54u  ROI +6.8%  | NRFI 0-0 (0.0%)
[2026-05-20T03:45:02Z]   MLB graded:   ─────────────────────────────────────────

  [stats] updated — 37W-29L (56.1% WR)  +3.63u  ROI +5.5%  | NRFI 0-0 (0.0%)
[2026-05-20T03:45:03Z]   NBA graded: 
  [stats] updated — 38W-29L (56.7% WR)  +4.54u  ROI +6.8%  | NRFI 0-0 (0.0%)
  [stats] updated — 38W-29L (56.7% WR)  +4.54u  ROI +6.8%  | NRFI 0-0 (0.0%)
[2026-05-21T00:00:15Z]   MLB graded:   ─────────────────────────────────────────

  [stats] updated — 59W-33L (64.1% WR)  +22.09u  ROI +24.0%  | NRFI 0-0 (0.0%)
[2026-05-21T00:00:15Z]   MLB graded:   ─────────────────────────────────────────

  [stats] updated — 59W-33L (64.1% WR)  +22.09u  ROI +24.0%  | NRFI 0-0 (0.0%)
[2026-05-21T01:16:20Z]   MLB graded:   ─────────────────────────────────────────

  [stats] updated — 59W-33L (64.1% WR)  +22.09u  ROI +24.0%  | NRFI 0-0 (0.0%)
[2026-05-21T01:16:20Z]   MLB graded:   ─────────────────────────────────────────

  [stats] updated — 59W-33L (64.1% WR)  +22.09u  ROI +24.0%  | NRFI 0-0 (0.0%)
[2026-05-21T01:33:51Z]   NBA graded:   🟢 WIN   Keldon Johnson            UNDER 3.5    (-106)  →  +0.94u  (REB: 1)
  Graded 5/5 NBA props.
  [stats] updated — 59W-33L (64.1% WR)  +22.09u  ROI +24.0%  | NRFI 0-0 (0.0%)
[2026-05-21T01:33:51Z]   NBA graded:   🟢 WIN   Keldon Johnson            UNDER 3.5    (-106)  →  +0.94u  (REB: 1)
  Graded 5/5 NBA props.
  [stats] updated — 59W-33L (64.1% WR)  +22.09u  ROI +24.0%  | NRFI 0-0 (0.0%)
[2026-05-21T02:17:25Z]   MLB graded:   ─────────────────────────────────────────

  [stats] updated — 59W-33L (64.1% WR)  +22.09u  ROI +24.0%  | NRFI 0-0 (0.0%)
[2026-05-21T02:17:25Z]   MLB graded:   ─────────────────────────────────────────

  [stats] updated — 59W-33L (64.1% WR)  +22.09u  ROI +24.0%  | NRFI 0-0 (0.0%)
[2026-05-21T03:20:16Z]   NBA graded: 
  [stats] updated — 0W-0L (0.0% WR)  +0.00u  ROI +0.0%  | NRFI 0-0 (0.0%)
  [stats] updated — 0W-0L (0.0% WR)  +0.00u  ROI +0.0%  | NRFI 0-0 (0.0%)
[2026-05-21T03:20:16Z]   NBA graded: 
  [stats] updated — 0W-0L (0.0% WR)  +0.00u  ROI +0.0%  | NRFI 0-0 (0.0%)
  [stats] updated — 0W-0L (0.0% WR)  +0.00u  ROI +0.0%  | NRFI 0-0 (0.0%)
[2026-05-22T01:07:29Z]   MLB graded:   ─────────────────────────────────────────

  [stats] updated — 65W-33L (66.3% WR)  +27.81u  ROI +28.4%  | NRFI 0-0 (0.0%)
[2026-05-22T01:07:37Z]   NBA graded:   🟢 WIN   Donovan Mitchell          UNDER 3.5    (+110)  →  +1.10u  (AST: 1)
  Graded 5/5 NBA props.
  [stats] updated — 65W-33L (66.3% WR)  +27.81u  ROI +28.4%  | NRFI 0-0 (0.0%)
[2026-05-22T01:07:29Z]   MLB graded:   ─────────────────────────────────────────

  [stats] updated — 65W-33L (66.3% WR)  +27.81u  ROI +28.4%  | NRFI 0-0 (0.0%)
[2026-05-22T01:07:37Z]   NBA graded:   🟢 WIN   Donovan Mitchell          UNDER 3.5    (+110)  →  +1.10u  (AST: 1)
  Graded 5/5 NBA props.
  [stats] updated — 65W-33L (66.3% WR)  +27.81u  ROI +28.4%  | NRFI 0-0 (0.0%)
[2026-05-23T00:30:18Z]   MLB graded:   ─────────────────────────────────────────

  [stats] updated — 69W-35L (66.3% WR)  +30.24u  ROI +29.1%  | NRFI 0-0 (0.0%)
[2026-05-23T00:30:18Z]   MLB graded:   ─────────────────────────────────────────

  [stats] updated — 69W-35L (66.3% WR)  +30.24u  ROI +29.1%  | NRFI 0-0 (0.0%)
[2026-05-23T00:45:03Z]   MLB graded:   ─────────────────────────────────────────

  [stats] updated — 69W-35L (66.3% WR)  +30.24u  ROI +29.1%  | NRFI 0-0 (0.0%)
[2026-05-23T00:45:03Z]   MLB graded:   ─────────────────────────────────────────

  [stats] updated — 69W-35L (66.3% WR)  +30.24u  ROI +29.1%  | NRFI 0-0 (0.0%)
[2026-05-23T01:00:02Z]   MLB graded:   ─────────────────────────────────────────

  [stats] updated — 70W-35L (66.7% WR)  +31.82u  ROI +30.3%  | NRFI 0-0 (0.0%)
[2026-05-23T01:00:02Z]   MLB graded:   ─────────────────────────────────────────

  [stats] updated — 70W-35L (66.7% WR)  +31.82u  ROI +30.3%  | NRFI 0-0 (0.0%)
[2026-05-23T01:15:01Z]   MLB graded:   ─────────────────────────────────────────

  [stats] updated — 70W-35L (66.7% WR)  +31.82u  ROI +30.3%  | NRFI 0-0 (0.0%)
[2026-05-23T01:15:01Z]   MLB graded:   ─────────────────────────────────────────

  [stats] updated — 70W-35L (66.7% WR)  +31.82u  ROI +30.3%  | NRFI 0-0 (0.0%)
[2026-05-23T01:30:02Z]   MLB graded:   ─────────────────────────────────────────

  [stats] updated — 70W-35L (66.7% WR)  +31.82u  ROI +30.3%  | NRFI 0-0 (0.0%)
[2026-05-23T01:30:04Z]   NBA graded:   🟢 WIN   Ajay Mitchell             UNDER 21.5   (-120)  →  +0.83u  (PRA: 3)
  Graded 18/18 NBA props.
  [stats] updated — 70W-35L (66.7% WR)  +31.82u  ROI +30.3%  | NRFI 0-0 (0.0%)
[2026-05-23T01:30:02Z]   MLB graded:   ─────────────────────────────────────────

  [stats] updated — 70W-35L (66.7% WR)  +31.82u  ROI +30.3%  | NRFI 0-0 (0.0%)
[2026-05-23T01:30:04Z]   NBA graded:   🟢 WIN   Ajay Mitchell             UNDER 21.5   (-120)  →  +0.83u  (PRA: 3)
  Graded 18/18 NBA props.
  [stats] updated — 70W-35L (66.7% WR)  +31.82u  ROI +30.3%  | NRFI 0-0 (0.0%)
[2026-05-23T01:45:01Z]   MLB graded:   ─────────────────────────────────────────

  [stats] updated — 70W-36L (66.0% WR)  +30.82u  ROI +29.1%  | NRFI 0-0 (0.0%)
[2026-05-23T01:45:01Z]   MLB graded:   ─────────────────────────────────────────

  [stats] updated — 70W-36L (66.0% WR)  +30.82u  ROI +29.1%  | NRFI 0-0 (0.0%)
[2026-05-23T02:00:01Z]   MLB graded:   ─────────────────────────────────────────

  [stats] updated — 71W-36L (66.4% WR)  +32.17u  ROI +30.1%  | NRFI 0-0 (0.0%)
[2026-05-23T02:00:01Z]   MLB graded:   ─────────────────────────────────────────

  [stats] updated — 71W-36L (66.4% WR)  +32.17u  ROI +30.1%  | NRFI 0-0 (0.0%)
[2026-05-23T02:15:01Z]   MLB graded:   ─────────────────────────────────────────

  [stats] updated — 72W-36L (66.7% WR)  +33.55u  ROI +31.1%  | NRFI 0-0 (0.0%)
[2026-05-23T02:15:01Z]   MLB graded:   ─────────────────────────────────────────

  [stats] updated — 72W-36L (66.7% WR)  +33.55u  ROI +31.1%  | NRFI 0-0 (0.0%)
[2026-05-23T02:30:03Z]   MLB graded:   ─────────────────────────────────────────

  [stats] updated — 73W-37L (66.4% WR)  +33.39u  ROI +30.4%  | NRFI 0-0 (0.0%)
[2026-05-23T02:30:03Z]   MLB graded:   ─────────────────────────────────────────

  [stats] updated — 73W-37L (66.4% WR)  +33.39u  ROI +30.4%  | NRFI 0-0 (0.0%)
[2026-05-23T02:46:10Z]   MLB graded:   ─────────────────────────────────────────

  [stats] updated — 73W-37L (66.4% WR)  +33.39u  ROI +30.4%  | NRFI 0-0 (0.0%)
[2026-05-23T02:46:10Z]   MLB graded:   ─────────────────────────────────────────

  [stats] updated — 73W-37L (66.4% WR)  +33.39u  ROI +30.4%  | NRFI 0-0 (0.0%)
[2026-05-26T01:15:04Z]   MLB graded:   ─────────────────────────────────────────

  [stats] updated — 95W-73L (56.5% WR)  +33.28u  ROI +22.2%  | NRFI 0-0 (0.0%)
[2026-05-26T01:15:04Z]   MLB graded:   ─────────────────────────────────────────

  [stats] updated — 95W-73L (56.5% WR)  +33.28u  ROI +22.2%  | NRFI 0-0 (0.0%)
[2026-05-26T02:00:02Z]   MLB graded:   ─────────────────────────────────────────

  [stats] updated — 95W-73L (56.5% WR)  +33.28u  ROI +22.2%  | NRFI 0-0 (0.0%)
[2026-05-26T02:00:02Z]   MLB graded:   ─────────────────────────────────────────

  [stats] updated — 95W-73L (56.5% WR)  +33.28u  ROI +22.2%  | NRFI 0-0 (0.0%)
[2026-05-26T03:15:21Z]   NBA graded: 
  [stats] updated — 96W-73L (56.8% WR)  +34.19u  ROI +22.6%  | NRFI 0-0 (0.0%)
  [stats] updated — 96W-73L (56.8% WR)  +34.19u  ROI +22.6%  | NRFI 0-0 (0.0%)
[2026-05-26T03:15:21Z]   NBA graded: 
  [stats] updated — 96W-73L (56.8% WR)  +34.19u  ROI +22.6%  | NRFI 0-0 (0.0%)
  [stats] updated — 96W-73L (56.8% WR)  +34.19u  ROI +22.6%  | NRFI 0-0 (0.0%)
[2026-05-26T03:32:13Z]   NBA graded: 
  [stats] updated — 96W-73L (56.8% WR)  +34.19u  ROI +22.6%  | NRFI 0-0 (0.0%)
  [stats] updated — 96W-73L (56.8% WR)  +34.19u  ROI +22.6%  | NRFI 0-0 (0.0%)
[2026-05-26T03:32:14Z]   NHL graded:   🔴 LOSS  Carolina Hurricanes          (-134)  moneyline   →  -0.50u
  Graded 1/1 NHL picks.
  [stats] updated — 96W-74L (56.5% WR)  +33.69u  ROI +22.2%  | NRFI 0-0 (0.0%)
[2026-05-26T03:32:13Z]   NBA graded: 
  [stats] updated — 96W-73L (56.8% WR)  +34.19u  ROI +22.6%  | NRFI 0-0 (0.0%)
  [stats] updated — 96W-73L (56.8% WR)  +34.19u  ROI +22.6%  | NRFI 0-0 (0.0%)
[2026-05-26T03:32:14Z]   NHL graded:   🔴 LOSS  Carolina Hurricanes          (-134)  moneyline   →  -0.50u
  Graded 1/1 NHL picks.
  [stats] updated — 96W-74L (56.5% WR)  +33.69u  ROI +22.2%  | NRFI 0-0 (0.0%)
[2026-05-26T04:17:42Z]   TENNIS graded:   🔴 LOSS  Matteo Arnaldi               (-130)  →  -0.50u
  Graded 15/16 TENNIS/ATP FRENCH OPEN picks.
  [stats] updated — 96W-89L (51.9% WR)  +26.19u  ROI +16.5%  | NRFI 0-0 (0.0%)
[2026-05-26T04:17:42Z]   TENNIS graded:   🔴 LOSS  Matteo Arnaldi               (-130)  →  -0.50u
  Graded 15/16 TENNIS/ATP FRENCH OPEN picks.
  [stats] updated — 96W-89L (51.9% WR)  +26.19u  ROI +16.5%  | NRFI 0-0 (0.0%)
[2026-05-27T01:45:05Z]   MLB graded:   ── MLB props ── 66 graded, 21W 21L
  [stats] updated — 93W-57L (62.0% WR)  +38.02u  ROI +26.7%  | NRFI 0-0 (0.0%)
  [stats] updated — 93W-57L (62.0% WR)  +38.02u  ROI +26.7%  | NRFI 0-0 (0.0%)
[2026-05-27T01:45:07Z]   NBA graded:   🟢 WIN   Cason Wallace             UNDER 1.5    (+110)  →  +1.10u  (STL: 0)
  Graded 3/3 NBA props.
  [stats] updated — 93W-57L (62.0% WR)  +38.02u  ROI +26.7%  | NRFI 0-0 (0.0%)
[2026-05-27T01:45:08Z]   SOCCER graded:   Fetching SOCCER/FRANCE LIGUE ONE scores from Odds API...
  No SOCCER/FRANCE LIGUE ONE completed games found for 20260526
  [stats] updated — 93W-57L (62.0% WR)  +38.02u  ROI +26.7%  | NRFI 0-0 (0.0%)
[2026-05-27T01:45:12Z]   TENNIS graded:   🔴 LOSS  Cameron Norrie               (++110)  →  -0.50u
  Graded 3/4 TENNIS/ATP FRENCH OPEN picks.
  [stats] updated — 93W-57L (62.0% WR)  +38.02u  ROI +26.7%  | NRFI 0-0 (0.0%)
[2026-05-27T01:45:05Z]   MLB graded:   ── MLB props ── 66 graded, 21W 21L
  [stats] updated — 93W-57L (62.0% WR)  +38.02u  ROI +26.7%  | NRFI 0-0 (0.0%)
  [stats] updated — 93W-57L (62.0% WR)  +38.02u  ROI +26.7%  | NRFI 0-0 (0.0%)
[2026-05-27T01:45:07Z]   NBA graded:   🟢 WIN   Cason Wallace             UNDER 1.5    (+110)  →  +1.10u  (STL: 0)
  Graded 3/3 NBA props.
  [stats] updated — 93W-57L (62.0% WR)  +38.02u  ROI +26.7%  | NRFI 0-0 (0.0%)
[2026-05-27T01:45:08Z]   SOCCER graded:   Fetching SOCCER/FRANCE LIGUE ONE scores from Odds API...
  No SOCCER/FRANCE LIGUE ONE completed games found for 20260526
  [stats] updated — 93W-57L (62.0% WR)  +38.02u  ROI +26.7%  | NRFI 0-0 (0.0%)
[2026-05-27T01:45:12Z]   TENNIS graded:   🔴 LOSS  Cameron Norrie               (++110)  →  -0.50u
  Graded 3/4 TENNIS/ATP FRENCH OPEN picks.
  [stats] updated — 93W-57L (62.0% WR)  +38.02u  ROI +26.7%  | NRFI 0-0 (0.0%)
[2026-05-27T02:00:03Z]   MLB graded:   ─────────────────────────────────────────

  [stats] updated — 93W-57L (62.0% WR)  +38.02u  ROI +26.7%  | NRFI 0-0 (0.0%)
[2026-05-27T02:00:03Z]   MLB graded:   ─────────────────────────────────────────

  [stats] updated — 93W-57L (62.0% WR)  +38.02u  ROI +26.7%  | NRFI 0-0 (0.0%)
[2026-05-27T02:15:01Z]   MLB graded:   ─────────────────────────────────────────

  [stats] updated — 93W-58L (61.6% WR)  +37.02u  ROI +25.8%  | NRFI 0-0 (0.0%)
[2026-05-27T02:15:01Z]   MLB graded:   ─────────────────────────────────────────

  [stats] updated — 93W-58L (61.6% WR)  +37.02u  ROI +25.8%  | NRFI 0-0 (0.0%)
[2026-05-27T03:30:04Z]   NBA graded: 
  [stats] updated — 96W-58L (62.3% WR)  +39.75u  ROI +27.1%  | NRFI 0-0 (0.0%)
  [stats] updated — 96W-58L (62.3% WR)  +39.75u  ROI +27.1%  | NRFI 0-0 (0.0%)
[2026-05-27T03:30:04Z]   NBA graded: 
  [stats] updated — 96W-58L (62.3% WR)  +39.75u  ROI +27.1%  | NRFI 0-0 (0.0%)
  [stats] updated — 96W-58L (62.3% WR)  +39.75u  ROI +27.1%  | NRFI 0-0 (0.0%)
[2026-05-27T03:45:02Z]   NBA graded: 
  [stats] updated — 96W-58L (62.3% WR)  +39.75u  ROI +27.1%  | NRFI 0-0 (0.0%)
  [stats] updated — 96W-58L (62.3% WR)  +39.75u  ROI +27.1%  | NRFI 0-0 (0.0%)
[2026-05-27T03:45:02Z]   NBA graded: 
  [stats] updated — 96W-58L (62.3% WR)  +39.75u  ROI +27.1%  | NRFI 0-0 (0.0%)
  [stats] updated — 96W-58L (62.3% WR)  +39.75u  ROI +27.1%  | NRFI 0-0 (0.0%)
[2026-05-27T04:00:03Z]   NBA graded: 
  [stats] updated — 97W-58L (62.6% WR)  +40.25u  ROI +27.4%  | NRFI 0-0 (0.0%)
  [stats] updated — 97W-58L (62.6% WR)  +40.25u  ROI +27.4%  | NRFI 0-0 (0.0%)
[2026-05-27T04:00:03Z]   NBA graded: 
  [stats] updated — 97W-58L (62.6% WR)  +40.25u  ROI +27.4%  | NRFI 0-0 (0.0%)
  [stats] updated — 97W-58L (62.6% WR)  +40.25u  ROI +27.4%  | NRFI 0-0 (0.0%)
[2026-05-27T04:15:01Z]   MLB graded:   ─────────────────────────────────────────

  [stats] updated — 99W-58L (63.1% WR)  +42.07u  ROI +28.2%  | NRFI 0-0 (0.0%)
[2026-05-27T04:15:02Z]   NBA graded: 
  [stats] updated — 99W-58L (63.1% WR)  +42.07u  ROI +28.2%  | NRFI 0-0 (0.0%)
  [stats] updated — 99W-58L (63.1% WR)  +42.07u  ROI +28.2%  | NRFI 0-0 (0.0%)
[2026-05-27T04:15:01Z]   MLB graded:   ─────────────────────────────────────────

  [stats] updated — 99W-58L (63.1% WR)  +42.07u  ROI +28.2%  | NRFI 0-0 (0.0%)
[2026-05-27T04:15:02Z]   NBA graded: 
  [stats] updated — 99W-58L (63.1% WR)  +42.07u  ROI +28.2%  | NRFI 0-0 (0.0%)
  [stats] updated — 99W-58L (63.1% WR)  +42.07u  ROI +28.2%  | NRFI 0-0 (0.0%)
[2026-05-27T04:30:01Z]   MLB graded:   ─────────────────────────────────────────

  [stats] updated — 101W-58L (63.5% WR)  +44.03u  ROI +29.2%  | NRFI 0-0 (0.0%)
[2026-05-27T04:30:02Z]   NBA graded: 
  [stats] updated — 101W-58L (63.5% WR)  +44.03u  ROI +29.2%  | NRFI 0-0 (0.0%)
  [stats] updated — 101W-58L (63.5% WR)  +44.03u  ROI +29.2%  | NRFI 0-0 (0.0%)
[2026-05-27T04:30:01Z]   MLB graded:   ─────────────────────────────────────────

  [stats] updated — 101W-58L (63.5% WR)  +44.03u  ROI +29.2%  | NRFI 0-0 (0.0%)
[2026-05-27T04:30:02Z]   NBA graded: 
  [stats] updated — 101W-58L (63.5% WR)  +44.03u  ROI +29.2%  | NRFI 0-0 (0.0%)
  [stats] updated — 101W-58L (63.5% WR)  +44.03u  ROI +29.2%  | NRFI 0-0 (0.0%)
[2026-05-28T01:00:02Z]   MLB graded:   ── MLB props ── 11 graded, 4W 2L
  [stats] updated — 104W-61L (63.0% WR)  +43.35u  ROI +27.6%  | NRFI 0-0 (0.0%)
  [stats] updated — 104W-61L (63.0% WR)  +43.35u  ROI +27.6%  | NRFI 0-0 (0.0%)
[2026-05-28T01:00:02Z]   MLB graded:   ── MLB props ── 11 graded, 4W 2L
  [stats] updated — 104W-61L (63.0% WR)  +43.35u  ROI +27.6%  | NRFI 0-0 (0.0%)
  [stats] updated — 104W-61L (63.0% WR)  +43.35u  ROI +27.6%  | NRFI 0-0 (0.0%)
[2026-05-28T01:15:01Z]   MLB graded:   ─────────────────────────────────────────

  [stats] updated — 104W-62L (62.7% WR)  +42.35u  ROI +26.8%  | NRFI 0-0 (0.0%)
[2026-05-28T01:15:01Z]   MLB graded:   ─────────────────────────────────────────

  [stats] updated — 104W-62L (62.7% WR)  +42.35u  ROI +26.8%  | NRFI 0-0 (0.0%)
[2026-05-28T01:30:01Z]   MLB graded:   ─────────────────────────────────────────

  [stats] updated — 104W-64L (61.9% WR)  +40.35u  ROI +25.2%  | NRFI 0-0 (0.0%)
[2026-05-28T01:30:01Z]   MLB graded:   ─────────────────────────────────────────

  [stats] updated — 104W-64L (61.9% WR)  +40.35u  ROI +25.2%  | NRFI 0-0 (0.0%)
[2026-05-28T01:45:02Z]   MLB graded:   ─────────────────────────────────────────

  [stats] updated — 105W-64L (62.1% WR)  +41.36u  ROI +25.7%  | NRFI 0-0 (0.0%)
[2026-05-28T01:45:02Z]   MLB graded:   ─────────────────────────────────────────

  [stats] updated — 105W-64L (62.1% WR)  +41.36u  ROI +25.7%  | NRFI 0-0 (0.0%)
[2026-05-28T02:00:01Z]   MLB graded:   ─────────────────────────────────────────

  [stats] updated — 105W-64L (62.1% WR)  +41.36u  ROI +25.7%  | NRFI 0-0 (0.0%)
[2026-05-28T02:00:01Z]   MLB graded:   ─────────────────────────────────────────

  [stats] updated — 105W-64L (62.1% WR)  +41.36u  ROI +25.7%  | NRFI 0-0 (0.0%)
[2026-05-29T01:15:09Z]   TENNIS graded:   🟢 WIN   Matteo Arnaldi               (++155)  →  +0.78u
  Graded 8/8 TENNIS/ATP FRENCH OPEN picks.
  [stats] updated — 110W-71L (60.8% WR)  +39.19u  ROI +22.7%  | NRFI 0-0 (0.0%)
[2026-05-29T01:15:09Z]   TENNIS graded:   🟢 WIN   Matteo Arnaldi               (++155)  →  +0.78u
  Graded 8/8 TENNIS/ATP FRENCH OPEN picks.
  [stats] updated — 110W-71L (60.8% WR)  +39.19u  ROI +22.7%  | NRFI 0-0 (0.0%)
[2026-05-29T01:30:01Z]   MLB graded:   ─────────────────────────────────────────

  [stats] updated — 111W-71L (61.0% WR)  +40.29u  ROI +23.2%  | NRFI 0-0 (0.0%)
[2026-05-29T01:30:01Z]   MLB graded:   ─────────────────────────────────────────

  [stats] updated — 111W-71L (61.0% WR)  +40.29u  ROI +23.2%  | NRFI 0-0 (0.0%)
[2026-05-29T01:45:01Z]   MLB graded:   ─────────────────────────────────────────

  [stats] updated — 112W-71L (61.2% WR)  +41.75u  ROI +23.9%  | NRFI 0-0 (0.0%)
[2026-05-29T01:45:01Z]   MLB graded:   ─────────────────────────────────────────

  [stats] updated — 112W-71L (61.2% WR)  +41.75u  ROI +23.9%  | NRFI 0-0 (0.0%)
[2026-05-29T03:00:01Z]   MLB graded:   ─────────────────────────────────────────

  [stats] updated — 112W-71L (61.2% WR)  +41.75u  ROI +23.9%  | NRFI 0-0 (0.0%)
[2026-05-29T03:00:02Z]   NBA graded: 
  [stats] updated — 112W-72L (60.9% WR)  +40.75u  ROI +23.2%  | NRFI 0-0 (0.0%)
  [stats] updated — 112W-72L (60.9% WR)  +40.75u  ROI +23.2%  | NRFI 0-0 (0.0%)
[2026-05-29T03:00:34Z]   Result cards generated for 2026-05-28
[2026-05-29T03:00:01Z]   MLB graded:   ─────────────────────────────────────────

  [stats] updated — 112W-71L (61.2% WR)  +41.75u  ROI +23.9%  | NRFI 0-0 (0.0%)
[2026-05-29T03:00:02Z]   NBA graded: 
  [stats] updated — 112W-72L (60.9% WR)  +40.75u  ROI +23.2%  | NRFI 0-0 (0.0%)
  [stats] updated — 112W-72L (60.9% WR)  +40.75u  ROI +23.2%  | NRFI 0-0 (0.0%)
[2026-05-29T03:00:34Z]   Result cards generated for 2026-05-28
[2026-05-29T03:15:02Z]   NBA graded: 
  [stats] updated — 112W-72L (60.9% WR)  +40.75u  ROI +23.2%  | NRFI 0-0 (0.0%)
  [stats] updated — 112W-72L (60.9% WR)  +40.75u  ROI +23.2%  | NRFI 0-0 (0.0%)
[2026-05-29T03:15:40Z]   Result cards generated for 2026-05-28
[2026-05-29T03:15:02Z]   NBA graded: 
  [stats] updated — 112W-72L (60.9% WR)  +40.75u  ROI +23.2%  | NRFI 0-0 (0.0%)
  [stats] updated — 112W-72L (60.9% WR)  +40.75u  ROI +23.2%  | NRFI 0-0 (0.0%)
[2026-05-29T03:15:40Z]   Result cards generated for 2026-05-28
[2026-05-29T03:30:02Z]   NBA graded: 
  [stats] updated — 112W-72L (60.9% WR)  +40.75u  ROI +23.2%  | NRFI 0-0 (0.0%)
  [stats] updated — 112W-72L (60.9% WR)  +40.75u  ROI +23.2%  | NRFI 0-0 (0.0%)
[2026-05-29T03:30:29Z]   Result cards generated for 2026-05-28
[2026-05-29T03:30:02Z]   NBA graded: 
  [stats] updated — 112W-72L (60.9% WR)  +40.75u  ROI +23.2%  | NRFI 0-0 (0.0%)
  [stats] updated — 112W-72L (60.9% WR)  +40.75u  ROI +23.2%  | NRFI 0-0 (0.0%)
[2026-05-29T03:30:29Z]   Result cards generated for 2026-05-28
[2026-05-29T03:45:04Z]   NBA graded: 
  [stats] updated — 108W-64L (62.8% WR)  +39.65u  ROI +23.3%  | NRFI 0-0 (0.0%)
  [stats] updated — 108W-64L (62.8% WR)  +39.65u  ROI +23.3%  | NRFI 0-0 (0.0%)
[2026-05-29T03:45:34Z]   Result cards generated for 2026-05-28
[2026-05-29T03:45:04Z]   NBA graded: 
  [stats] updated — 108W-64L (62.8% WR)  +39.65u  ROI +23.3%  | NRFI 0-0 (0.0%)
  [stats] updated — 108W-64L (62.8% WR)  +39.65u  ROI +23.3%  | NRFI 0-0 (0.0%)
[2026-05-29T03:45:34Z]   Result cards generated for 2026-05-28
[2026-05-29T04:00:02Z]   NBA graded: 
  [stats] updated — 108W-64L (62.8% WR)  +39.65u  ROI +23.3%  | NRFI 0-0 (0.0%)
  [stats] updated — 108W-64L (62.8% WR)  +39.65u  ROI +23.3%  | NRFI 0-0 (0.0%)
[2026-05-29T04:00:31Z]   Result cards generated for 2026-05-28
[2026-05-29T04:00:02Z]   NBA graded: 
  [stats] updated — 108W-64L (62.8% WR)  +39.65u  ROI +23.3%  | NRFI 0-0 (0.0%)
  [stats] updated — 108W-64L (62.8% WR)  +39.65u  ROI +23.3%  | NRFI 0-0 (0.0%)
[2026-05-29T04:00:31Z]   Result cards generated for 2026-05-28
[2026-05-29T04:15:02Z]   NBA graded: 
  [stats] updated — 108W-64L (62.8% WR)  +39.65u  ROI +23.3%  | NRFI 0-0 (0.0%)
  [stats] updated — 108W-64L (62.8% WR)  +39.65u  ROI +23.3%  | NRFI 0-0 (0.0%)
[2026-05-29T04:15:28Z]   Result cards generated for 2026-05-28
[2026-05-29T04:15:02Z]   NBA graded: 
  [stats] updated — 108W-64L (62.8% WR)  +39.65u  ROI +23.3%  | NRFI 0-0 (0.0%)
  [stats] updated — 108W-64L (62.8% WR)  +39.65u  ROI +23.3%  | NRFI 0-0 (0.0%)
[2026-05-29T04:15:28Z]   Result cards generated for 2026-05-28
[2026-05-29T04:30:01Z]   NBA graded: 
  [stats] updated — 108W-64L (62.8% WR)  +39.65u  ROI +23.3%  | NRFI 0-0 (0.0%)
  [stats] updated — 108W-64L (62.8% WR)  +39.65u  ROI +23.3%  | NRFI 0-0 (0.0%)
[2026-05-29T04:30:27Z]   Result cards generated for 2026-05-28
[2026-05-29T04:30:01Z]   NBA graded: 
  [stats] updated — 108W-64L (62.8% WR)  +39.65u  ROI +23.3%  | NRFI 0-0 (0.0%)
  [stats] updated — 108W-64L (62.8% WR)  +39.65u  ROI +23.3%  | NRFI 0-0 (0.0%)
[2026-05-29T04:30:27Z]   Result cards generated for 2026-05-28
[2026-05-29T04:45:02Z]   NBA graded: 
  [stats] updated — 108W-64L (62.8% WR)  +39.65u  ROI +23.3%  | NRFI 0-0 (0.0%)
  [stats] updated — 108W-64L (62.8% WR)  +39.65u  ROI +23.3%  | NRFI 0-0 (0.0%)
[2026-05-29T04:45:30Z]   Result cards generated for 2026-05-28
[2026-05-29T04:45:02Z]   NBA graded: 
  [stats] updated — 108W-64L (62.8% WR)  +39.65u  ROI +23.3%  | NRFI 0-0 (0.0%)
  [stats] updated — 108W-64L (62.8% WR)  +39.65u  ROI +23.3%  | NRFI 0-0 (0.0%)
[2026-05-29T04:45:30Z]   Result cards generated for 2026-05-28
[2026-05-29T05:00:10Z]   TENNIS graded:   🔴 LOSS  Joao Fonseca                 (++176)  →  -0.50u
  Graded 7/7 TENNIS/ATP FRENCH OPEN picks.
  [stats] updated — 108W-64L (62.8% WR)  +39.65u  ROI +23.3%  | NRFI 0-0 (0.0%)
[2026-05-29T05:00:21Z]   Result cards generated for 2026-05-29
[2026-05-29T05:00:10Z]   TENNIS graded:   🔴 LOSS  Joao Fonseca                 (++176)  →  -0.50u
  Graded 7/7 TENNIS/ATP FRENCH OPEN picks.
  [stats] updated — 108W-64L (62.8% WR)  +39.65u  ROI +23.3%  | NRFI 0-0 (0.0%)
[2026-05-29T05:00:21Z]   Result cards generated for 2026-05-29
[2026-05-30T01:45:09Z]   MLB graded:   ─────────────────────────────────────────

  [stats] updated — 110W-65L (62.9% WR)  +40.58u  ROI +23.5%  | NRFI 0-0 (0.0%)
[2026-05-30T01:45:54Z]   Result cards generated for 2026-05-29
[2026-05-30T01:45:09Z]   MLB graded:   ─────────────────────────────────────────

  [stats] updated — 110W-65L (62.9% WR)  +40.58u  ROI +23.5%  | NRFI 0-0 (0.0%)
[2026-05-30T01:45:54Z]   Result cards generated for 2026-05-29
[2026-05-31T01:00:03Z]   MLB graded:   ── MLB props ── 11 graded, 8W 1L
  [stats] updated — 115W-72L (61.5% WR)  +38.37u  ROI +20.7%  | NRFI 0-0 (0.0%)
  [stats] updated — 115W-72L (61.5% WR)  +38.37u  ROI +20.7%  | NRFI 0-0 (0.0%)
[2026-05-31T01:00:25Z]   NBA graded:   🟢 WIN   Cason Wallace             UNDER 1.5    (+116)  →  +1.16u  (STL: 0)
  Graded 1/1 NBA props.
  [stats] updated — 115W-72L (61.5% WR)  +38.37u  ROI +20.7%  | NRFI 0-0 (0.0%)
[2026-05-31T01:00:52Z]   Result cards generated for 2026-05-30
[2026-05-31T01:00:03Z]   MLB graded:   ── MLB props ── 11 graded, 8W 1L
  [stats] updated — 115W-72L (61.5% WR)  +38.37u  ROI +20.7%  | NRFI 0-0 (0.0%)
  [stats] updated — 115W-72L (61.5% WR)  +38.37u  ROI +20.7%  | NRFI 0-0 (0.0%)
[2026-05-31T01:00:25Z]   NBA graded:   🟢 WIN   Cason Wallace             UNDER 1.5    (+116)  →  +1.16u  (STL: 0)
  Graded 1/1 NBA props.
  [stats] updated — 115W-72L (61.5% WR)  +38.37u  ROI +20.7%  | NRFI 0-0 (0.0%)
[2026-05-31T01:00:52Z]   Result cards generated for 2026-05-30
[2026-05-31T02:02:21Z]   MLB graded:   ─────────────────────────────────────────

  [stats] updated — 115W-72L (61.5% WR)  +38.37u  ROI +20.7%  | NRFI 0-0 (0.0%)
[2026-05-31T02:03:53Z]   Result cards generated for 2026-05-30
[2026-05-31T02:02:21Z]   MLB graded:   ─────────────────────────────────────────

  [stats] updated — 115W-72L (61.5% WR)  +38.37u  ROI +20.7%  | NRFI 0-0 (0.0%)
[2026-05-31T02:03:53Z]   Result cards generated for 2026-05-30
[2026-05-31T02:32:37Z]   MLB graded:   ─────────────────────────────────────────

  [stats] updated — 115W-72L (61.5% WR)  +38.37u  ROI +20.7%  | NRFI 0-0 (0.0%)
[2026-05-31T02:33:17Z]   Result cards generated for 2026-05-30
[2026-05-31T02:32:37Z]   MLB graded:   ─────────────────────────────────────────

  [stats] updated — 115W-72L (61.5% WR)  +38.37u  ROI +20.7%  | NRFI 0-0 (0.0%)
[2026-05-31T02:33:17Z]   Result cards generated for 2026-05-30
[2026-05-31T03:30:02Z]   NBA graded: 
  [stats] updated — 116W-72L (61.7% WR)  +39.29u  ROI +21.1%  | NRFI 0-0 (0.0%)
  [stats] updated — 116W-72L (61.7% WR)  +39.29u  ROI +21.1%  | NRFI 0-0 (0.0%)
[2026-05-31T03:30:29Z]   Result cards generated for 2026-05-30
[2026-05-31T03:30:02Z]   NBA graded: 
  [stats] updated — 116W-72L (61.7% WR)  +39.29u  ROI +21.1%  | NRFI 0-0 (0.0%)
  [stats] updated — 116W-72L (61.7% WR)  +39.29u  ROI +21.1%  | NRFI 0-0 (0.0%)
[2026-05-31T03:30:29Z]   Result cards generated for 2026-05-30
[2026-05-31T03:45:02Z]   NBA graded: 
  [stats] updated — 116W-72L (61.7% WR)  +39.29u  ROI +21.1%  | NRFI 0-0 (0.0%)
  [stats] updated — 116W-72L (61.7% WR)  +39.29u  ROI +21.1%  | NRFI 0-0 (0.0%)
[2026-05-31T03:45:26Z]   Result cards generated for 2026-05-30
[2026-05-31T03:45:02Z]   NBA graded: 
  [stats] updated — 116W-72L (61.7% WR)  +39.29u  ROI +21.1%  | NRFI 0-0 (0.0%)
  [stats] updated — 116W-72L (61.7% WR)  +39.29u  ROI +21.1%  | NRFI 0-0 (0.0%)
[2026-05-31T03:45:26Z]   Result cards generated for 2026-05-30
[2026-05-31T04:00:01Z]   MLB graded:   ─────────────────────────────────────────

  [stats] updated — 116W-72L (61.7% WR)  +39.29u  ROI +21.1%  | NRFI 0-0 (0.0%)
[2026-05-31T04:00:03Z]   NBA graded: 
  [stats] updated — 116W-72L (61.7% WR)  +39.29u  ROI +21.1%  | NRFI 0-0 (0.0%)
  [stats] updated — 116W-72L (61.7% WR)  +39.29u  ROI +21.1%  | NRFI 0-0 (0.0%)
[2026-05-31T04:00:30Z]   Result cards generated for 2026-05-30
[2026-05-31T04:00:01Z]   MLB graded:   ─────────────────────────────────────────

  [stats] updated — 116W-72L (61.7% WR)  +39.29u  ROI +21.1%  | NRFI 0-0 (0.0%)
[2026-05-31T04:00:03Z]   NBA graded: 
  [stats] updated — 116W-72L (61.7% WR)  +39.29u  ROI +21.1%  | NRFI 0-0 (0.0%)
  [stats] updated — 116W-72L (61.7% WR)  +39.29u  ROI +21.1%  | NRFI 0-0 (0.0%)
[2026-05-31T04:00:30Z]   Result cards generated for 2026-05-30
[2026-05-31T04:15:02Z]   NBA graded: 
  [stats] updated — 116W-72L (61.7% WR)  +39.29u  ROI +21.1%  | NRFI 0-0 (0.0%)
  [stats] updated — 116W-72L (61.7% WR)  +39.29u  ROI +21.1%  | NRFI 0-0 (0.0%)
[2026-05-31T04:15:28Z]   Result cards generated for 2026-05-30
[2026-05-31T04:15:02Z]   NBA graded: 
  [stats] updated — 116W-72L (61.7% WR)  +39.29u  ROI +21.1%  | NRFI 0-0 (0.0%)
  [stats] updated — 116W-72L (61.7% WR)  +39.29u  ROI +21.1%  | NRFI 0-0 (0.0%)
[2026-05-31T04:15:28Z]   Result cards generated for 2026-05-30
[2026-05-31T04:30:03Z]   NBA graded: 
  [stats] updated — 116W-72L (61.7% WR)  +39.29u  ROI +21.1%  | NRFI 0-0 (0.0%)
  [stats] updated — 116W-72L (61.7% WR)  +39.29u  ROI +21.1%  | NRFI 0-0 (0.0%)
[2026-05-31T04:30:28Z]   Result cards generated for 2026-05-30
[2026-05-31T04:30:03Z]   NBA graded: 
  [stats] updated — 116W-72L (61.7% WR)  +39.29u  ROI +21.1%  | NRFI 0-0 (0.0%)
  [stats] updated — 116W-72L (61.7% WR)  +39.29u  ROI +21.1%  | NRFI 0-0 (0.0%)
[2026-05-31T04:30:28Z]   Result cards generated for 2026-05-30
[2026-06-01T01:00:01Z]   MLB graded:   ─────────────────────────────────────────

  [stats] updated — 118W-78L (60.2% WR)  +35.16u  ROI +18.1%  | NRFI 0-0 (0.0%)
[2026-06-01T01:00:26Z]   Result cards generated for 2026-05-31
[2026-06-01T01:00:01Z]   MLB graded:   ─────────────────────────────────────────

  [stats] updated — 118W-78L (60.2% WR)  +35.16u  ROI +18.1%  | NRFI 0-0 (0.0%)
[2026-06-01T01:00:26Z]   Result cards generated for 2026-05-31
[2026-06-01T02:15:01Z]   MLB graded:   ─────────────────────────────────────────

  [stats] updated — 118W-78L (60.2% WR)  +35.16u  ROI +18.1%  | NRFI 0-0 (0.0%)
[2026-06-01T02:15:23Z]   Result cards generated for 2026-05-31
[2026-06-01T02:15:01Z]   MLB graded:   ─────────────────────────────────────────

  [stats] updated — 118W-78L (60.2% WR)  +35.16u  ROI +18.1%  | NRFI 0-0 (0.0%)
[2026-06-01T02:15:23Z]   Result cards generated for 2026-05-31
[2026-06-02T00:00:19Z]   TENNIS graded:   🟢 WIN   Felix Auger-Aliassime        (-180)  →  +0.28u
  Graded 2/2 TENNIS/ATP FRENCH OPEN picks.
  [stats] updated — 118W-78L (60.2% WR)  +35.16u  ROI +18.1%  | NRFI 0-0 (0.0%)
[2026-06-02T00:00:33Z]   Result cards generated for 2026-06-01
[2026-06-02T00:00:19Z]   TENNIS graded:   🟢 WIN   Felix Auger-Aliassime        (-180)  →  +0.28u
  Graded 2/2 TENNIS/ATP FRENCH OPEN picks.
  [stats] updated — 118W-78L (60.2% WR)  +35.16u  ROI +18.1%  | NRFI 0-0 (0.0%)
[2026-06-02T00:00:33Z]   Result cards generated for 2026-06-01
[2026-06-02T01:45:02Z]   MLB graded:   ─────────────────────────────────────────

  [stats] updated — 119W-78L (60.4% WR)  +36.07u  ROI +18.5%  | NRFI 0-0 (0.0%)
[2026-06-02T01:45:13Z]   Result cards generated for 2026-06-01
[2026-06-02T01:45:02Z]   MLB graded:   ─────────────────────────────────────────

  [stats] updated — 119W-78L (60.4% WR)  +36.07u  ROI +18.5%  | NRFI 0-0 (0.0%)
[2026-06-02T01:45:13Z]   Result cards generated for 2026-06-01
[2026-06-02T02:00:01Z]   MLB graded:   ─────────────────────────────────────────

  [stats] updated — 119W-78L (60.4% WR)  +36.07u  ROI +18.5%  | NRFI 0-0 (0.0%)
[2026-06-02T02:00:12Z]   Result cards generated for 2026-06-01
[2026-06-02T02:00:01Z]   MLB graded:   ─────────────────────────────────────────

  [stats] updated — 119W-78L (60.4% WR)  +36.07u  ROI +18.5%  | NRFI 0-0 (0.0%)
[2026-06-02T02:00:12Z]   Result cards generated for 2026-06-01
[2026-06-02T02:15:01Z]   MLB graded:   ─────────────────────────────────────────

  [stats] updated — 119W-78L (60.4% WR)  +36.07u  ROI +18.5%  | NRFI 0-0 (0.0%)
[2026-06-02T02:15:13Z]   Result cards generated for 2026-06-01
[2026-06-02T02:15:01Z]   MLB graded:   ─────────────────────────────────────────

  [stats] updated — 119W-78L (60.4% WR)  +36.07u  ROI +18.5%  | NRFI 0-0 (0.0%)
[2026-06-02T02:15:13Z]   Result cards generated for 2026-06-01
[2026-06-02T02:30:01Z]   MLB graded:   ─────────────────────────────────────────

  [stats] updated — 120W-78L (60.6% WR)  +37.17u  ROI +19.0%  | NRFI 0-0 (0.0%)
[2026-06-02T02:30:12Z]   Result cards generated for 2026-06-01
[2026-06-02T02:30:01Z]   MLB graded:   ─────────────────────────────────────────

  [stats] updated — 120W-78L (60.6% WR)  +37.17u  ROI +19.0%  | NRFI 0-0 (0.0%)
[2026-06-02T02:30:12Z]   Result cards generated for 2026-06-01
[2026-06-02T10:42:10Z]   TENNIS graded:   🔴 LOSS  Jakub Mensik                 (++178)  →  -0.50u
  Graded 2/2 TENNIS/ATP FRENCH OPEN picks.
  [stats] updated — 120W-78L (60.6% WR)  +37.17u  ROI +19.0%  | NRFI 0-0 (0.0%)
[2026-06-02T11:19:13Z]   Result cards generated for 2026-06-02
[2026-06-02T10:42:10Z]   TENNIS graded:   🔴 LOSS  Jakub Mensik                 (++178)  →  -0.50u
  Graded 2/2 TENNIS/ATP FRENCH OPEN picks.
  [stats] updated — 120W-78L (60.6% WR)  +37.17u  ROI +19.0%  | NRFI 0-0 (0.0%)
[2026-06-02T11:19:13Z]   Result cards generated for 2026-06-02
[2026-06-04T01:18:47Z]   MLB graded:   ── MLB props ── 19 graded, 6W 2L
  [stats] updated — 125W-81L (60.7% WR)  +39.83u  ROI +19.6%  | NRFI 0-0 (0.0%)
  [stats] updated — 125W-81L (60.7% WR)  +39.83u  ROI +19.6%  | NRFI 0-0 (0.0%)
[2026-06-04T01:18:52Z]   NBA graded:   🟢 WIN   Jalen Brunson             UNDER 2.5    (+113)  →  +1.13u  (REB: 1)
  Graded 1/1 NBA props.
  [stats] updated — 125W-81L (60.7% WR)  +39.83u  ROI +19.6%  | NRFI 0-0 (0.0%)
[2026-06-04T01:18:58Z]   TENNIS graded:   🔴 LOSS  Felix Auger-Aliassime        (-105)  →  -0.50u
  Graded 2/2 TENNIS/ATP FRENCH OPEN picks.
  [stats] updated — 125W-81L (60.7% WR)  +39.83u  ROI +19.6%  | NRFI 0-0 (0.0%)
[2026-06-04T01:19:13Z]   Result cards generated for 2026-06-03
[2026-06-04T01:18:47Z]   MLB graded:   ── MLB props ── 19 graded, 6W 2L
  [stats] updated — 125W-81L (60.7% WR)  +39.83u  ROI +19.6%  | NRFI 0-0 (0.0%)
  [stats] updated — 125W-81L (60.7% WR)  +39.83u  ROI +19.6%  | NRFI 0-0 (0.0%)
[2026-06-04T01:18:52Z]   NBA graded:   🟢 WIN   Jalen Brunson             UNDER 2.5    (+113)  →  +1.13u  (REB: 1)
  Graded 1/1 NBA props.
  [stats] updated — 125W-81L (60.7% WR)  +39.83u  ROI +19.6%  | NRFI 0-0 (0.0%)
[2026-06-04T01:18:58Z]   TENNIS graded:   🔴 LOSS  Felix Auger-Aliassime        (-105)  →  -0.50u
  Graded 2/2 TENNIS/ATP FRENCH OPEN picks.
  [stats] updated — 125W-81L (60.7% WR)  +39.83u  ROI +19.6%  | NRFI 0-0 (0.0%)
[2026-06-04T01:19:13Z]   Result cards generated for 2026-06-03
[2026-06-04T02:15:01Z]   MLB graded:   ─────────────────────────────────────────

  [stats] updated — 125W-81L (60.7% WR)  +39.83u  ROI +19.6%  | NRFI 0-0 (0.0%)
[2026-06-04T02:15:21Z]   Result cards generated for 2026-06-03
[2026-06-04T02:15:01Z]   MLB graded:   ─────────────────────────────────────────

  [stats] updated — 125W-81L (60.7% WR)  +39.83u  ROI +19.6%  | NRFI 0-0 (0.0%)
[2026-06-04T02:15:21Z]   Result cards generated for 2026-06-03
[2026-06-04T02:45:01Z]   MLB graded:   ─────────────────────────────────────────

  [stats] updated — 125W-81L (60.7% WR)  +39.83u  ROI +19.6%  | NRFI 0-0 (0.0%)
[2026-06-04T02:59:45Z]   Result cards generated for 2026-06-03
[2026-06-04T02:45:01Z]   MLB graded:   ─────────────────────────────────────────

  [stats] updated — 125W-81L (60.7% WR)  +39.83u  ROI +19.6%  | NRFI 0-0 (0.0%)
[2026-06-04T02:59:45Z]   Result cards generated for 2026-06-03
[2026-06-05T00:33:09Z]   MLB graded:   ── MLB props ── 9 graded, 3W 3L
  [stats] updated — 128W-82L (61.0% WR)  +41.59u  ROI +20.0%  | NRFI 0-0 (0.0%)
  [stats] updated — 128W-82L (61.0% WR)  +41.59u  ROI +20.0%  | NRFI 0-0 (0.0%)
[2026-06-05T00:33:28Z]   Result cards generated for 2026-06-04
[2026-06-05T00:33:09Z]   MLB graded:   ── MLB props ── 9 graded, 3W 3L
  [stats] updated — 128W-82L (61.0% WR)  +41.59u  ROI +20.0%  | NRFI 0-0 (0.0%)
  [stats] updated — 128W-82L (61.0% WR)  +41.59u  ROI +20.0%  | NRFI 0-0 (0.0%)
[2026-06-05T00:33:28Z]   Result cards generated for 2026-06-04
[2026-06-05T02:07:04Z]   MLB graded:   ─────────────────────────────────────────

  [stats] updated — 128W-82L (61.0% WR)  +41.59u  ROI +20.0%  | NRFI 0-0 (0.0%)
[2026-06-05T02:07:24Z]   Result cards generated for 2026-06-04
[2026-06-05T02:07:04Z]   MLB graded:   ─────────────────────────────────────────

  [stats] updated — 128W-82L (61.0% WR)  +41.59u  ROI +20.0%  | NRFI 0-0 (0.0%)
[2026-06-05T02:07:24Z]   Result cards generated for 2026-06-04
[2026-06-05T02:15:34Z]   MLB graded:   ─────────────────────────────────────────

  [stats] updated — 128W-82L (61.0% WR)  +41.59u  ROI +20.0%  | NRFI 0-0 (0.0%)
[2026-06-05T02:18:48Z]   Result cards generated for 2026-06-04
[2026-06-05T02:15:34Z]   MLB graded:   ─────────────────────────────────────────

  [stats] updated — 128W-82L (61.0% WR)  +41.59u  ROI +20.0%  | NRFI 0-0 (0.0%)
[2026-06-05T02:18:48Z]   Result cards generated for 2026-06-04
[2026-06-06T02:21:03Z]   MLB graded:   ── MLB props ── 8 graded, 6W 2L
  [stats] updated — 129W-88L (59.4% WR)  +37.55u  ROI +17.6%  | NRFI 0-0 (0.0%)
  [stats] updated — 129W-88L (59.4% WR)  +37.55u  ROI +17.6%  | NRFI 0-0 (0.0%)
[2026-06-06T02:36:53Z]   TENNIS graded:   🔴 LOSS  Jakub Mensik                 (++300)  →  -0.50u
  Graded 1/1 TENNIS/ATP FRENCH OPEN picks.
  [stats] updated — 129W-88L (59.4% WR)  +37.55u  ROI +17.6%  | NRFI 0-0 (0.0%)
[2026-06-06T02:53:12Z]   Result cards generated for 2026-06-05
[2026-06-06T02:21:03Z]   MLB graded:   ── MLB props ── 8 graded, 6W 2L
  [stats] updated — 129W-88L (59.4% WR)  +37.55u  ROI +17.6%  | NRFI 0-0 (0.0%)
  [stats] updated — 129W-88L (59.4% WR)  +37.55u  ROI +17.6%  | NRFI 0-0 (0.0%)
[2026-06-06T02:36:53Z]   TENNIS graded:   🔴 LOSS  Jakub Mensik                 (++300)  →  -0.50u
  Graded 1/1 TENNIS/ATP FRENCH OPEN picks.
  [stats] updated — 129W-88L (59.4% WR)  +37.55u  ROI +17.6%  | NRFI 0-0 (0.0%)
[2026-06-06T02:53:12Z]   Result cards generated for 2026-06-05
[2026-06-07T00:00:07Z]   MLB graded:   ── MLB props ── 20 graded, 9W 9L
  [stats] updated — 131W-94L (58.2% WR)  +33.65u  ROI +15.2%  | NRFI 0-0 (0.0%)
  [stats] updated — 131W-94L (58.2% WR)  +33.65u  ROI +15.2%  | NRFI 0-0 (0.0%)
[2026-06-07T00:00:21Z]   Result cards generated for 2026-06-06
[2026-06-07T00:00:07Z]   MLB graded:   ── MLB props ── 20 graded, 9W 9L
  [stats] updated — 131W-94L (58.2% WR)  +33.65u  ROI +15.2%  | NRFI 0-0 (0.0%)
  [stats] updated — 131W-94L (58.2% WR)  +33.65u  ROI +15.2%  | NRFI 0-0 (0.0%)
[2026-06-07T00:00:21Z]   Result cards generated for 2026-06-06
[2026-06-07T00:15:01Z]   MLB graded:   ─────────────────────────────────────────

  [stats] updated — 131W-94L (58.2% WR)  +33.65u  ROI +15.2%  | NRFI 0-0 (0.0%)
[2026-06-07T00:15:13Z]   Result cards generated for 2026-06-06
[2026-06-07T00:15:01Z]   MLB graded:   ─────────────────────────────────────────

  [stats] updated — 131W-94L (58.2% WR)  +33.65u  ROI +15.2%  | NRFI 0-0 (0.0%)
[2026-06-07T00:15:13Z]   Result cards generated for 2026-06-06
[2026-06-07T02:30:01Z]   MLB graded:   ─────────────────────────────────────────

  [stats] updated — 131W-94L (58.2% WR)  +33.65u  ROI +15.2%  | NRFI 0-0 (0.0%)
[2026-06-07T02:30:22Z]   Result cards generated for 2026-06-06
[2026-06-07T02:30:01Z]   MLB graded:   ─────────────────────────────────────────

  [stats] updated — 131W-94L (58.2% WR)  +33.65u  ROI +15.2%  | NRFI 0-0 (0.0%)
[2026-06-07T02:30:22Z]   Result cards generated for 2026-06-06
[2026-06-08T00:00:03Z]   MLB graded:   ── MLB props ── 13 graded, 9W 4L
  [stats] updated — 135W-96L (58.4% WR)  +34.98u  ROI +15.4%  | NRFI 0-0 (0.0%)
  [stats] updated — 135W-96L (58.4% WR)  +34.98u  ROI +15.4%  | NRFI 0-0 (0.0%)
[2026-06-08T00:00:18Z]   Result cards generated for 2026-06-07
[2026-06-08T00:00:03Z]   MLB graded:   ── MLB props ── 13 graded, 9W 4L
  [stats] updated — 135W-96L (58.4% WR)  +34.98u  ROI +15.4%  | NRFI 0-0 (0.0%)
  [stats] updated — 135W-96L (58.4% WR)  +34.98u  ROI +15.4%  | NRFI 0-0 (0.0%)
[2026-06-08T00:00:18Z]   Result cards generated for 2026-06-07
[2026-06-08T03:45:01Z]   MLB graded:   ─────────────────────────────────────────

  [stats] updated — 135W-97L (58.2% WR)  +33.98u  ROI +14.9%  | NRFI 0-0 (0.0%)
[2026-06-08T03:45:16Z]   Result cards generated for 2026-06-07
[2026-06-08T03:45:01Z]   MLB graded:   ─────────────────────────────────────────

  [stats] updated — 135W-97L (58.2% WR)  +33.98u  ROI +14.9%  | NRFI 0-0 (0.0%)
[2026-06-08T03:45:16Z]   Result cards generated for 2026-06-07
[2026-06-09T01:30:01Z]   MLB graded:   ─────────────────────────────────────────

  [stats] updated — 135W-97L (58.2% WR)  +33.98u  ROI +14.9%  | NRFI 0-0 (0.0%)
[2026-06-09T01:30:15Z]   Result cards generated for 2026-06-08
[2026-06-09T01:30:01Z]   MLB graded:   ─────────────────────────────────────────

  [stats] updated — 135W-97L (58.2% WR)  +33.98u  ROI +14.9%  | NRFI 0-0 (0.0%)
[2026-06-09T01:30:15Z]   Result cards generated for 2026-06-08
[2026-06-09T01:45:01Z]   MLB graded:   ─────────────────────────────────────────

  [stats] updated — 135W-97L (58.2% WR)  +33.98u  ROI +14.9%  | NRFI 0-0 (0.0%)
[2026-06-09T01:45:12Z]   Result cards generated for 2026-06-08
[2026-06-09T01:45:01Z]   MLB graded:   ─────────────────────────────────────────

  [stats] updated — 135W-97L (58.2% WR)  +33.98u  ROI +14.9%  | NRFI 0-0 (0.0%)
[2026-06-09T01:45:12Z]   Result cards generated for 2026-06-08
[2026-06-09T02:30:01Z]   MLB graded:   ─────────────────────────────────────────

  [stats] updated — 135W-98L (57.9% WR)  +32.98u  ROI +14.4%  | NRFI 0-0 (0.0%)
[2026-06-09T02:30:13Z]   Result cards generated for 2026-06-08
[2026-06-09T02:30:01Z]   MLB graded:   ─────────────────────────────────────────

  [stats] updated — 135W-98L (57.9% WR)  +32.98u  ROI +14.4%  | NRFI 0-0 (0.0%)
[2026-06-09T02:30:13Z]   Result cards generated for 2026-06-08
[2026-06-09T03:45:02Z]   NBA graded: 
  [stats] updated — 136W-98L (58.1% WR)  +33.93u  ROI +14.8%  | NRFI 0-0 (0.0%)
  [stats] updated — 136W-98L (58.1% WR)  +33.93u  ROI +14.8%  | NRFI 0-0 (0.0%)
[2026-06-09T03:45:13Z]   Result cards generated for 2026-06-08
[2026-06-09T03:45:02Z]   NBA graded: 
  [stats] updated — 136W-98L (58.1% WR)  +33.93u  ROI +14.8%  | NRFI 0-0 (0.0%)
  [stats] updated — 136W-98L (58.1% WR)  +33.93u  ROI +14.8%  | NRFI 0-0 (0.0%)
[2026-06-09T03:45:13Z]   Result cards generated for 2026-06-08
[2026-06-10T01:00:01Z]   MLB graded:   ─────────────────────────────────────────

  [stats] updated — 136W-100L (57.6% WR)  +31.93u  ROI +13.8%  | NRFI 0-0 (0.0%)
[2026-06-10T01:00:14Z]   Result cards generated for 2026-06-09
[2026-06-10T01:00:01Z]   MLB graded:   ─────────────────────────────────────────

  [stats] updated — 136W-100L (57.6% WR)  +31.93u  ROI +13.8%  | NRFI 0-0 (0.0%)
[2026-06-10T01:00:14Z]   Result cards generated for 2026-06-09
[2026-06-10T01:15:01Z]   MLB graded:   ─────────────────────────────────────────

  [stats] updated — 136W-100L (57.6% WR)  +31.93u  ROI +13.8%  | NRFI 0-0 (0.0%)
[2026-06-10T01:15:13Z]   Result cards generated for 2026-06-09
[2026-06-10T01:15:01Z]   MLB graded:   ─────────────────────────────────────────

  [stats] updated — 136W-100L (57.6% WR)  +31.93u  ROI +13.8%  | NRFI 0-0 (0.0%)
[2026-06-10T01:15:13Z]   Result cards generated for 2026-06-09
[2026-06-10T01:30:02Z]   MLB graded:   ─────────────────────────────────────────

  [stats] updated — 136W-100L (57.6% WR)  +31.93u  ROI +13.8%  | NRFI 0-0 (0.0%)
[2026-06-10T01:30:15Z]   Result cards generated for 2026-06-09
[2026-06-10T01:30:02Z]   MLB graded:   ─────────────────────────────────────────

  [stats] updated — 136W-100L (57.6% WR)  +31.93u  ROI +13.8%  | NRFI 0-0 (0.0%)
[2026-06-10T01:30:15Z]   Result cards generated for 2026-06-09
[2026-06-10T01:45:01Z]   MLB graded:   ─────────────────────────────────────────

  [stats] updated — 136W-100L (57.6% WR)  +31.93u  ROI +13.8%  | NRFI 0-0 (0.0%)
[2026-06-10T01:45:13Z]   Result cards generated for 2026-06-09
[2026-06-10T01:45:01Z]   MLB graded:   ─────────────────────────────────────────

  [stats] updated — 136W-100L (57.6% WR)  +31.93u  ROI +13.8%  | NRFI 0-0 (0.0%)
[2026-06-10T01:45:13Z]   Result cards generated for 2026-06-09
[2026-06-10T02:00:01Z]   MLB graded:   ─────────────────────────────────────────

  [stats] updated — 136W-100L (57.6% WR)  +31.93u  ROI +13.8%  | NRFI 0-0 (0.0%)
[2026-06-10T02:00:14Z]   Result cards generated for 2026-06-09
[2026-06-10T02:00:01Z]   MLB graded:   ─────────────────────────────────────────

  [stats] updated — 136W-100L (57.6% WR)  +31.93u  ROI +13.8%  | NRFI 0-0 (0.0%)
[2026-06-10T02:00:14Z]   Result cards generated for 2026-06-09
[2026-06-10T02:15:01Z]   MLB graded:   ─────────────────────────────────────────

  [stats] updated — 136W-100L (57.6% WR)  +31.93u  ROI +13.8%  | NRFI 0-0 (0.0%)
[2026-06-10T02:15:13Z]   Result cards generated for 2026-06-09
[2026-06-10T02:15:01Z]   MLB graded:   ─────────────────────────────────────────

  [stats] updated — 136W-100L (57.6% WR)  +31.93u  ROI +13.8%  | NRFI 0-0 (0.0%)
[2026-06-10T02:15:13Z]   Result cards generated for 2026-06-09
[2026-06-10T02:30:02Z]   MLB graded:   ─────────────────────────────────────────

  [stats] updated — 136W-100L (57.6% WR)  +31.93u  ROI +13.8%  | NRFI 0-0 (0.0%)
[2026-06-10T02:30:13Z]   Result cards generated for 2026-06-09
[2026-06-10T02:30:02Z]   MLB graded:   ─────────────────────────────────────────

  [stats] updated — 136W-100L (57.6% WR)  +31.93u  ROI +13.8%  | NRFI 0-0 (0.0%)
[2026-06-10T02:30:13Z]   Result cards generated for 2026-06-09
[2026-06-10T02:45:01Z]   MLB graded:   ─────────────────────────────────────────

  [stats] updated — 136W-100L (57.6% WR)  +31.93u  ROI +13.8%  | NRFI 0-0 (0.0%)
[2026-06-10T02:45:13Z]   Result cards generated for 2026-06-09
[2026-06-10T02:45:01Z]   MLB graded:   ─────────────────────────────────────────

  [stats] updated — 136W-100L (57.6% WR)  +31.93u  ROI +13.8%  | NRFI 0-0 (0.0%)
[2026-06-10T02:45:13Z]   Result cards generated for 2026-06-09
[2026-06-10T03:00:02Z]   MLB graded:   ─────────────────────────────────────────

  [stats] updated — 136W-100L (57.6% WR)  +31.93u  ROI +13.8%  | NRFI 0-0 (0.0%)
[2026-06-10T03:00:04Z]   NHL graded:   🔴 LOSS  Carolina Hurricanes          (-109)  moneyline   →  -0.50u
  Graded 3/3 NHL picks.
  [stats] updated — 136W-101L (57.4% WR)  +31.43u  ROI +13.5%  | NRFI 0-0 (0.0%)
[2026-06-10T03:00:15Z]   Result cards generated for 2026-06-09
[2026-06-10T03:00:02Z]   MLB graded:   ─────────────────────────────────────────

  [stats] updated — 136W-100L (57.6% WR)  +31.93u  ROI +13.8%  | NRFI 0-0 (0.0%)
[2026-06-10T03:00:04Z]   NHL graded:   🔴 LOSS  Carolina Hurricanes          (-109)  moneyline   →  -0.50u
  Graded 3/3 NHL picks.
  [stats] updated — 136W-101L (57.4% WR)  +31.43u  ROI +13.5%  | NRFI 0-0 (0.0%)
[2026-06-10T03:00:15Z]   Result cards generated for 2026-06-09
[2026-06-10T03:15:01Z]   MLB graded:   ─────────────────────────────────────────

  [stats] updated — 136W-101L (57.4% WR)  +31.43u  ROI +13.5%  | NRFI 0-0 (0.0%)
[2026-06-10T03:15:13Z]   Result cards generated for 2026-06-09
[2026-06-10T03:15:01Z]   MLB graded:   ─────────────────────────────────────────

  [stats] updated — 136W-101L (57.4% WR)  +31.43u  ROI +13.5%  | NRFI 0-0 (0.0%)
[2026-06-10T03:15:13Z]   Result cards generated for 2026-06-09
[2026-06-10T03:30:01Z]   MLB graded:   ─────────────────────────────────────────

  [stats] updated — 136W-101L (57.4% WR)  +31.43u  ROI +13.5%  | NRFI 0-0 (0.0%)
[2026-06-10T03:30:12Z]   Result cards generated for 2026-06-09
[2026-06-10T03:30:01Z]   MLB graded:   ─────────────────────────────────────────

  [stats] updated — 136W-101L (57.4% WR)  +31.43u  ROI +13.5%  | NRFI 0-0 (0.0%)
[2026-06-10T03:30:12Z]   Result cards generated for 2026-06-09
[2026-06-10T03:45:01Z]   MLB graded:   ─────────────────────────────────────────

  [stats] updated — 136W-101L (57.4% WR)  +31.43u  ROI +13.5%  | NRFI 0-0 (0.0%)
[2026-06-10T03:45:12Z]   Result cards generated for 2026-06-09
[2026-06-10T03:45:01Z]   MLB graded:   ─────────────────────────────────────────

  [stats] updated — 136W-101L (57.4% WR)  +31.43u  ROI +13.5%  | NRFI 0-0 (0.0%)
[2026-06-10T03:45:12Z]   Result cards generated for 2026-06-09
[2026-06-11T00:00:03Z]   MLB graded:   ── MLB props ── 15 graded, 3W 2L
  [stats] updated — 137W-101L (57.6% WR)  +32.48u  ROI +13.9%  | NRFI 0-0 (0.0%)
  [stats] updated — 137W-101L (57.6% WR)  +32.48u  ROI +13.9%  | NRFI 0-0 (0.0%)
[2026-06-11T00:00:09Z]   Result cards generated for 2026-06-10
[2026-06-11T00:00:03Z]   MLB graded:   ── MLB props ── 15 graded, 3W 2L
  [stats] updated — 137W-101L (57.6% WR)  +32.48u  ROI +13.9%  | NRFI 0-0 (0.0%)
  [stats] updated — 137W-101L (57.6% WR)  +32.48u  ROI +13.9%  | NRFI 0-0 (0.0%)
[2026-06-11T00:00:09Z]   Result cards generated for 2026-06-10
[2026-06-11T00:15:01Z]   MLB graded:   ─────────────────────────────────────────

  [stats] updated — 137W-101L (57.6% WR)  +32.48u  ROI +13.9%  | NRFI 0-0 (0.0%)
[2026-06-11T00:15:06Z]   Result cards generated for 2026-06-10
[2026-06-11T00:15:01Z]   MLB graded:   ─────────────────────────────────────────

  [stats] updated — 137W-101L (57.6% WR)  +32.48u  ROI +13.9%  | NRFI 0-0 (0.0%)
[2026-06-11T00:15:06Z]   Result cards generated for 2026-06-10
[2026-06-11T00:30:01Z]   MLB graded:   ─────────────────────────────────────────

  [stats] updated — 137W-101L (57.6% WR)  +32.48u  ROI +13.9%  | NRFI 0-0 (0.0%)
[2026-06-11T00:30:06Z]   Result cards generated for 2026-06-10
[2026-06-11T00:30:01Z]   MLB graded:   ─────────────────────────────────────────

  [stats] updated — 137W-101L (57.6% WR)  +32.48u  ROI +13.9%  | NRFI 0-0 (0.0%)
[2026-06-11T00:30:06Z]   Result cards generated for 2026-06-10
[2026-06-11T00:45:01Z]   MLB graded:   ─────────────────────────────────────────

  [stats] updated — 137W-101L (57.6% WR)  +32.48u  ROI +13.9%  | NRFI 0-0 (0.0%)
[2026-06-11T00:45:07Z]   Result cards generated for 2026-06-10
[2026-06-11T00:45:01Z]   MLB graded:   ─────────────────────────────────────────

  [stats] updated — 137W-101L (57.6% WR)  +32.48u  ROI +13.9%  | NRFI 0-0 (0.0%)
[2026-06-11T00:45:07Z]   Result cards generated for 2026-06-10
[2026-06-11T01:00:01Z]   MLB graded:   ─────────────────────────────────────────

  [stats] updated — 137W-101L (57.6% WR)  +32.48u  ROI +13.9%  | NRFI 0-0 (0.0%)
[2026-06-11T01:00:07Z]   Result cards generated for 2026-06-10
[2026-06-11T01:00:01Z]   MLB graded:   ─────────────────────────────────────────

  [stats] updated — 137W-101L (57.6% WR)  +32.48u  ROI +13.9%  | NRFI 0-0 (0.0%)
[2026-06-11T01:00:07Z]   Result cards generated for 2026-06-10
[2026-06-11T01:15:02Z]   MLB graded:   ─────────────────────────────────────────

  [stats] updated — 137W-101L (57.6% WR)  +32.48u  ROI +13.9%  | NRFI 0-0 (0.0%)
[2026-06-11T01:15:07Z]   Result cards generated for 2026-06-10
[2026-06-11T01:15:02Z]   MLB graded:   ─────────────────────────────────────────

  [stats] updated — 137W-101L (57.6% WR)  +32.48u  ROI +13.9%  | NRFI 0-0 (0.0%)
[2026-06-11T01:15:07Z]   Result cards generated for 2026-06-10
[2026-06-11T01:30:02Z]   MLB graded:   ─────────────────────────────────────────

  [stats] updated — 137W-101L (57.6% WR)  +32.48u  ROI +13.9%  | NRFI 0-0 (0.0%)
[2026-06-11T01:30:08Z]   Result cards generated for 2026-06-10
[2026-06-11T01:30:02Z]   MLB graded:   ─────────────────────────────────────────

  [stats] updated — 137W-101L (57.6% WR)  +32.48u  ROI +13.9%  | NRFI 0-0 (0.0%)
[2026-06-11T01:30:08Z]   Result cards generated for 2026-06-10
[2026-06-11T01:45:02Z]   MLB graded:   ─────────────────────────────────────────

  [stats] updated — 137W-101L (57.6% WR)  +32.48u  ROI +13.9%  | NRFI 0-0 (0.0%)
[2026-06-11T01:45:07Z]   Result cards generated for 2026-06-10
[2026-06-11T01:45:02Z]   MLB graded:   ─────────────────────────────────────────

  [stats] updated — 137W-101L (57.6% WR)  +32.48u  ROI +13.9%  | NRFI 0-0 (0.0%)
[2026-06-11T01:45:07Z]   Result cards generated for 2026-06-10
[2026-06-11T02:00:02Z]   MLB graded:   ─────────────────────────────────────────

  [stats] updated — 137W-101L (57.6% WR)  +32.48u  ROI +13.9%  | NRFI 0-0 (0.0%)
[2026-06-11T02:00:08Z]   Result cards generated for 2026-06-10
[2026-06-11T02:00:02Z]   MLB graded:   ─────────────────────────────────────────

  [stats] updated — 137W-101L (57.6% WR)  +32.48u  ROI +13.9%  | NRFI 0-0 (0.0%)
[2026-06-11T02:00:08Z]   Result cards generated for 2026-06-10
[2026-06-11T02:15:05Z]   MLB graded:   ─────────────────────────────────────────

  [stats] updated — 137W-101L (57.6% WR)  +32.48u  ROI +13.9%  | NRFI 0-0 (0.0%)
[2026-06-11T02:15:12Z]   Result cards generated for 2026-06-10
[2026-06-11T02:15:05Z]   MLB graded:   ─────────────────────────────────────────

  [stats] updated — 137W-101L (57.6% WR)  +32.48u  ROI +13.9%  | NRFI 0-0 (0.0%)
[2026-06-11T02:15:12Z]   Result cards generated for 2026-06-10
[2026-06-11T02:30:01Z]   MLB graded:   ─────────────────────────────────────────

  [stats] updated — 137W-101L (57.6% WR)  +32.48u  ROI +13.9%  | NRFI 0-0 (0.0%)
[2026-06-11T02:30:07Z]   Result cards generated for 2026-06-10
[2026-06-11T02:30:01Z]   MLB graded:   ─────────────────────────────────────────

  [stats] updated — 137W-101L (57.6% WR)  +32.48u  ROI +13.9%  | NRFI 0-0 (0.0%)
[2026-06-11T02:30:07Z]   Result cards generated for 2026-06-10
[2026-06-11T02:45:01Z]   MLB graded:   ─────────────────────────────────────────

  [stats] updated — 137W-101L (57.6% WR)  +32.48u  ROI +13.9%  | NRFI 0-0 (0.0%)
[2026-06-11T02:45:07Z]   Result cards generated for 2026-06-10
[2026-06-11T02:45:01Z]   MLB graded:   ─────────────────────────────────────────

  [stats] updated — 137W-101L (57.6% WR)  +32.48u  ROI +13.9%  | NRFI 0-0 (0.0%)
[2026-06-11T02:45:07Z]   Result cards generated for 2026-06-10
[2026-06-11T03:00:02Z]   MLB graded:   ─────────────────────────────────────────

  [stats] updated — 137W-101L (57.6% WR)  +32.48u  ROI +13.9%  | NRFI 0-0 (0.0%)
[2026-06-11T03:00:07Z]   Result cards generated for 2026-06-10
[2026-06-11T03:00:02Z]   MLB graded:   ─────────────────────────────────────────

  [stats] updated — 137W-101L (57.6% WR)  +32.48u  ROI +13.9%  | NRFI 0-0 (0.0%)
[2026-06-11T03:00:07Z]   Result cards generated for 2026-06-10
[2026-06-11T03:15:02Z]   MLB graded:   ─────────────────────────────────────────

  [stats] updated — 137W-101L (57.6% WR)  +32.48u  ROI +13.9%  | NRFI 0-0 (0.0%)
[2026-06-11T03:15:08Z]   Result cards generated for 2026-06-10
[2026-06-11T03:15:02Z]   MLB graded:   ─────────────────────────────────────────

  [stats] updated — 137W-101L (57.6% WR)  +32.48u  ROI +13.9%  | NRFI 0-0 (0.0%)
[2026-06-11T03:15:08Z]   Result cards generated for 2026-06-10
[2026-06-11T03:30:02Z]   MLB graded:   ─────────────────────────────────────────

  [stats] updated — 137W-101L (57.6% WR)  +32.48u  ROI +13.9%  | NRFI 0-0 (0.0%)
[2026-06-11T03:30:07Z]   Result cards generated for 2026-06-10
[2026-06-11T03:30:02Z]   MLB graded:   ─────────────────────────────────────────

  [stats] updated — 137W-101L (57.6% WR)  +32.48u  ROI +13.9%  | NRFI 0-0 (0.0%)
[2026-06-11T03:30:07Z]   Result cards generated for 2026-06-10
[2026-06-11T03:45:03Z]   NBA graded: 
  [stats] updated — 137W-102L (57.3% WR)  +31.48u  ROI +13.4%  | NRFI 0-0 (0.0%)
  [stats] updated — 137W-102L (57.3% WR)  +31.48u  ROI +13.4%  | NRFI 0-0 (0.0%)
[2026-06-11T03:45:07Z]   Result cards generated for 2026-06-10
[2026-06-11T03:45:03Z]   NBA graded: 
  [stats] updated — 137W-102L (57.3% WR)  +31.48u  ROI +13.4%  | NRFI 0-0 (0.0%)
  [stats] updated — 137W-102L (57.3% WR)  +31.48u  ROI +13.4%  | NRFI 0-0 (0.0%)
[2026-06-11T03:45:07Z]   Result cards generated for 2026-06-10
[2026-06-12T01:16:50Z]   MLB graded:   ── MLB props ── 9 graded, 5W 0L
  [stats] updated — 139W-102L (57.7% WR)  +33.14u  ROI +14.0%  | NRFI 0-0 (0.0%)
  [stats] updated — 139W-102L (57.7% WR)  +33.14u  ROI +14.0%  | NRFI 0-0 (0.0%)
[2026-06-12T01:26:54Z]   SOCCER graded:   🔴 LOSS  South Africa                 (+600)  moneyline   →  -1.00u  |  Mexico 2 @ South Africa 0
  Graded 3/3 SOCCER/FIFA WORLD CUP picks.
  [stats] updated — 139W-102L (57.7% WR)  +33.14u  ROI +14.0%  | NRFI 0-0 (0.0%)
[2026-06-12T01:27:09Z]   Result cards generated for 2026-06-11
[2026-06-12T01:16:50Z]   MLB graded:   ── MLB props ── 9 graded, 5W 0L
  [stats] updated — 139W-102L (57.7% WR)  +33.14u  ROI +14.0%  | NRFI 0-0 (0.0%)
  [stats] updated — 139W-102L (57.7% WR)  +33.14u  ROI +14.0%  | NRFI 0-0 (0.0%)
[2026-06-12T01:26:54Z]   SOCCER graded:   🔴 LOSS  South Africa                 (+600)  moneyline   →  -1.00u  |  Mexico 2 @ South Africa 0
  Graded 3/3 SOCCER/FIFA WORLD CUP picks.
  [stats] updated — 139W-102L (57.7% WR)  +33.14u  ROI +14.0%  | NRFI 0-0 (0.0%)
[2026-06-12T01:27:09Z]   Result cards generated for 2026-06-11
[2026-06-12T02:15:02Z]   MLB graded:   ─────────────────────────────────────────

  [stats] updated — 139W-102L (57.7% WR)  +33.14u  ROI +14.0%  | NRFI 0-0 (0.0%)
[2026-06-12T02:15:14Z]   Result cards generated for 2026-06-11
[2026-06-12T02:15:02Z]   MLB graded:   ─────────────────────────────────────────

  [stats] updated — 139W-102L (57.7% WR)  +33.14u  ROI +14.0%  | NRFI 0-0 (0.0%)
[2026-06-12T02:15:14Z]   Result cards generated for 2026-06-11
[2026-06-14T00:00:03Z]   MLB graded:   ── MLB props ── 6 graded, 3W 2L
  [stats] updated — 139W-102L (57.7% WR)  +33.14u  ROI +14.0%  | NRFI 0-0 (0.0%)
  [stats] updated — 139W-102L (57.7% WR)  +33.14u  ROI +14.0%  | NRFI 0-0 (0.0%)
[2026-06-14T00:00:05Z]   Result cards generated for 2026-06-13
[2026-06-14T00:00:03Z]   MLB graded:   ── MLB props ── 6 graded, 3W 2L
  [stats] updated — 139W-102L (57.7% WR)  +33.14u  ROI +14.0%  | NRFI 0-0 (0.0%)
  [stats] updated — 139W-102L (57.7% WR)  +33.14u  ROI +14.0%  | NRFI 0-0 (0.0%)
[2026-06-14T00:00:05Z]   Result cards generated for 2026-06-13
[2026-06-14T02:30:01Z]   MLB graded:   ─────────────────────────────────────────

  [stats] updated — 139W-102L (57.7% WR)  +33.14u  ROI +14.0%  | NRFI 0-0 (0.0%)
[2026-06-14T02:30:03Z]   Result cards generated for 2026-06-13
[2026-06-14T02:30:01Z]   MLB graded:   ─────────────────────────────────────────

  [stats] updated — 139W-102L (57.7% WR)  +33.14u  ROI +14.0%  | NRFI 0-0 (0.0%)
[2026-06-14T02:30:03Z]   Result cards generated for 2026-06-13
[2026-06-14T03:30:02Z]   NBA graded: 
  [stats] updated — 139W-103L (57.4% WR)  +32.14u  ROI +13.5%  | NRFI 0-0 (0.0%)
  [stats] updated — 139W-103L (57.4% WR)  +32.14u  ROI +13.5%  | NRFI 0-0 (0.0%)
[2026-06-14T03:30:03Z]   Result cards generated for 2026-06-13
[2026-06-14T03:30:02Z]   NBA graded: 
  [stats] updated — 139W-103L (57.4% WR)  +32.14u  ROI +13.5%  | NRFI 0-0 (0.0%)
  [stats] updated — 139W-103L (57.4% WR)  +32.14u  ROI +13.5%  | NRFI 0-0 (0.0%)
[2026-06-14T03:30:03Z]   Result cards generated for 2026-06-13
[2026-06-14T03:45:01Z]   MLB graded:   ─────────────────────────────────────────

  [stats] updated — 139W-103L (57.4% WR)  +32.14u  ROI +13.5%  | NRFI 0-0 (0.0%)
[2026-06-14T03:45:02Z]   NBA graded: 
  [stats] updated — 139W-104L (57.2% WR)  +31.14u  ROI +13.1%  | NRFI 0-0 (0.0%)
  [stats] updated — 139W-104L (57.2% WR)  +31.14u  ROI +13.1%  | NRFI 0-0 (0.0%)
[2026-06-14T03:45:03Z]   Result cards generated for 2026-06-13
[2026-06-14T03:45:01Z]   MLB graded:   ─────────────────────────────────────────

  [stats] updated — 139W-103L (57.4% WR)  +32.14u  ROI +13.5%  | NRFI 0-0 (0.0%)
[2026-06-14T03:45:02Z]   NBA graded: 
  [stats] updated — 139W-104L (57.2% WR)  +31.14u  ROI +13.1%  | NRFI 0-0 (0.0%)
  [stats] updated — 139W-104L (57.2% WR)  +31.14u  ROI +13.1%  | NRFI 0-0 (0.0%)
[2026-06-14T03:45:03Z]   Result cards generated for 2026-06-13
[2026-06-15T01:05:08Z]   MLB graded:   ── MLB props ── 24 graded, 11W 10L
  [stats] updated — 139W-108L (56.3% WR)  +27.14u  ROI +11.2%  | NRFI 0-0 (0.0%)
  [stats] updated — 139W-108L (56.3% WR)  +27.14u  ROI +11.2%  | NRFI 0-0 (0.0%)
[2026-06-15T01:05:20Z]   Result cards generated for 2026-06-14
[2026-06-15T01:05:08Z]   MLB graded:   ── MLB props ── 24 graded, 11W 10L
  [stats] updated — 139W-108L (56.3% WR)  +27.14u  ROI +11.2%  | NRFI 0-0 (0.0%)
  [stats] updated — 139W-108L (56.3% WR)  +27.14u  ROI +11.2%  | NRFI 0-0 (0.0%)
[2026-06-15T01:05:20Z]   Result cards generated for 2026-06-14
[2026-06-15T02:21:59Z]   MLB graded:   ─────────────────────────────────────────

  [stats] updated — 139W-108L (56.3% WR)  +27.14u  ROI +11.2%  | NRFI 0-0 (0.0%)
[2026-06-15T02:22:07Z]   Result cards generated for 2026-06-14
[2026-06-15T02:21:59Z]   MLB graded:   ─────────────────────────────────────────

  [stats] updated — 139W-108L (56.3% WR)  +27.14u  ROI +11.2%  | NRFI 0-0 (0.0%)
[2026-06-15T02:22:07Z]   Result cards generated for 2026-06-14
[2026-06-15T03:04:18Z]   NHL graded:   🔴 LOSS  Carolina Hurricanes          (-115)  moneyline   →  -0.50u
  Graded 1/1 NHL picks.
  [stats] updated — 139W-108L (56.3% WR)  +27.14u  ROI +11.2%  | NRFI 0-0 (0.0%)
[2026-06-15T03:04:27Z]   Result cards generated for 2026-06-14
[2026-06-15T03:04:18Z]   NHL graded:   🔴 LOSS  Carolina Hurricanes          (-115)  moneyline   →  -0.50u
  Graded 1/1 NHL picks.
  [stats] updated — 139W-108L (56.3% WR)  +27.14u  ROI +11.2%  | NRFI 0-0 (0.0%)
[2026-06-15T03:04:27Z]   Result cards generated for 2026-06-14
[2026-06-16T01:00:04Z]   SOCCER graded:   🟢 WIN   Draw                         (+340)  moneyline   →  +1.70u  |  Saudi Arabia 1 @ Uruguay 1
  Graded 5/6 SOCCER/FIFA WORLD CUP picks.
  [stats] updated — 139W-108L (56.3% WR)  +27.14u  ROI +11.2%  | NRFI 0-0 (0.0%)
[2026-06-16T01:00:15Z]   Result cards generated for 2026-06-15
[2026-06-16T01:00:04Z]   SOCCER graded:   🟢 WIN   Draw                         (+340)  moneyline   →  +1.70u  |  Saudi Arabia 1 @ Uruguay 1
  Graded 5/6 SOCCER/FIFA WORLD CUP picks.
  [stats] updated — 139W-108L (56.3% WR)  +27.14u  ROI +11.2%  | NRFI 0-0 (0.0%)
[2026-06-16T01:00:15Z]   Result cards generated for 2026-06-15
[2026-06-16T01:30:01Z]   MLB graded:   ─────────────────────────────────────────

  [stats] updated — 139W-108L (56.3% WR)  +27.14u  ROI +11.2%  | NRFI 0-0 (0.0%)
[2026-06-16T01:30:15Z]   Result cards generated for 2026-06-15
[2026-06-16T01:30:01Z]   MLB graded:   ─────────────────────────────────────────

  [stats] updated — 139W-108L (56.3% WR)  +27.14u  ROI +11.2%  | NRFI 0-0 (0.0%)
[2026-06-16T01:30:15Z]   Result cards generated for 2026-06-15
[2026-06-16T01:45:01Z]   MLB graded:   ─────────────────────────────────────────

  [stats] updated — 139W-108L (56.3% WR)  +27.14u  ROI +11.2%  | NRFI 0-0 (0.0%)
[2026-06-16T01:45:13Z]   Result cards generated for 2026-06-15
[2026-06-16T01:45:01Z]   MLB graded:   ─────────────────────────────────────────

  [stats] updated — 139W-108L (56.3% WR)  +27.14u  ROI +11.2%  | NRFI 0-0 (0.0%)
[2026-06-16T01:45:13Z]   Result cards generated for 2026-06-15
[2026-06-16T02:00:02Z]   MLB graded:   ─────────────────────────────────────────

  [stats] updated — 139W-108L (56.3% WR)  +27.14u  ROI +11.2%  | NRFI 0-0 (0.0%)
[2026-06-16T02:00:14Z]   Result cards generated for 2026-06-15
[2026-06-16T02:00:02Z]   MLB graded:   ─────────────────────────────────────────

  [stats] updated — 139W-108L (56.3% WR)  +27.14u  ROI +11.2%  | NRFI 0-0 (0.0%)
[2026-06-16T02:00:14Z]   Result cards generated for 2026-06-15
[2026-06-16T02:15:02Z]   MLB graded:   ─────────────────────────────────────────

  [stats] updated — 139W-108L (56.3% WR)  +27.14u  ROI +11.2%  | NRFI 0-0 (0.0%)
[2026-06-16T02:15:13Z]   Result cards generated for 2026-06-15
[2026-06-16T02:15:02Z]   MLB graded:   ─────────────────────────────────────────

  [stats] updated — 139W-108L (56.3% WR)  +27.14u  ROI +11.2%  | NRFI 0-0 (0.0%)
[2026-06-16T02:15:13Z]   Result cards generated for 2026-06-15
[2026-06-16T02:33:31Z]   MLB graded:   ─────────────────────────────────────────

  [stats] updated — 139W-108L (56.3% WR)  +27.14u  ROI +11.2%  | NRFI 0-0 (0.0%)
[2026-06-16T02:33:43Z]   Result cards generated for 2026-06-15
[2026-06-16T02:33:31Z]   MLB graded:   ─────────────────────────────────────────

  [stats] updated — 139W-108L (56.3% WR)  +27.14u  ROI +11.2%  | NRFI 0-0 (0.0%)
[2026-06-16T02:33:43Z]   Result cards generated for 2026-06-15
