/Library/Frameworks/Python.framework/Versions/3.11/lib/python3.11/site-packages/joblib/externals/loky/backend/context.py:136: UserWarning: Could not find the number of physical cores for the following reason:
[Errno 2] No such file or directory: 'sysctl'
Returning the number of logical cores instead. You can silence this warning by setting LOKY_MAX_CPU_COUNT to the number of cores you want to use.
  warnings.warn(
  File "/Library/Frameworks/Python.framework/Versions/3.11/lib/python3.11/site-packages/joblib/externals/loky/backend/context.py", line 270, in _count_physical_cores
    cpu_info = subprocess.run(
               ^^^^^^^^^^^^^^^
  File "/Library/Frameworks/Python.framework/Versions/3.11/lib/python3.11/subprocess.py", line 548, in run
    with Popen(*popenargs, **kwargs) as process:
         ^^^^^^^^^^^^^^^^^^^^^^^^^^^
  File "/Library/Frameworks/Python.framework/Versions/3.11/lib/python3.11/subprocess.py", line 1024, in __init__
    self._execute_child(args, executable, preexec_fn, close_fds,
  File "/Library/Frameworks/Python.framework/Versions/3.11/lib/python3.11/subprocess.py", line 1917, in _execute_child
    raise child_exception_type(errno_num, err_msg, err_filename)

======================================================================
  MARCH MADNESS 2026 — AI BRACKET PREDICTOR
======================================================================


======================================================================
  OVERLAY DAILY — baseball_mlb
======================================================================

  ⚠  Schedule check skipped (No module named 'scripts.schedule_check')
Step 1: Fetching MLB schedule and team stats...
  Found 15 games
    Toronto Blue Jays (Spencer Miles) @ Baltimore Orioles (Kyle Bradish)
    San Diego Padres (Griffin Canning) @ Washington Nationals (Zack Littell)
    Minnesota Twins (Zebby Matthews) @ Pittsburgh Pirates (Braxton Ashcraft)
    Boston Red Sox (Ranger Suarez) @ Cleveland Guardians (Tanner Bibee)
    Los Angeles Angels (Jack Kochanowicz) @ Tampa Bay Rays (Shane McClanahan)
    Atlanta Braves (Spencer Strider) @ Cincinnati Reds (Nick Lodolo)
    Miami Marlins (Janson Junk) @ New York Mets (Nolan McLean)
    Detroit Tigers (Keider Montero) @ Chicago White Sox (Sean Burke)
    Milwaukee Brewers (Jacob Misiorowski) @ Houston Astros (Tatsuya Imai)
    Kansas City Royals (Michael Wacha) @ Texas Rangers (Jack Leiter)
    San Francisco Giants (Robbie Ray) @ Colorado Rockies (Tanner Gordon)
    New York Yankees (Will Warren) @ Athletics (TBD)
    Arizona Diamondbacks (Merrill Kelly) @ Seattle Mariners (Bryce Miller)
    Philadelphia Phillies (Andrew Painter) @ Los Angeles Dodgers (Yoshinobu Yamamoto)
    Chicago Cubs (Jordan Wicks) @ St. Louis Cardinals (Matthew Liberatore)

Step 2: Running ensemble (4 models + Pythagorean) — v6 features, 91 total...
  Toronto Blue Jays @ Baltimore Orioles: Toronto Blue Jays 54.8% [AGREE]
    Pyth: 41.2%  XGB: 48.4%  Ens: 45.2%
  San Diego Padres @ Washington Nationals: Washington Nationals 55.4% [SPLIT]
    Pyth: 64.0%  XGB: 48.4%  Ens: 55.4%
  Minnesota Twins @ Pittsburgh Pirates: Pittsburgh Pirates 53.2% [SPLIT]
    Pyth: 59.0%  XGB: 48.4%  Ens: 53.2%
  Boston Red Sox @ Cleveland Guardians: Boston Red Sox 55.9% [AGREE]
    Pyth: 38.8%  XGB: 48.4%  Ens: 44.1%
  Los Angeles Angels @ Tampa Bay Rays: Tampa Bay Rays 64.5% [SPLIT]
    Pyth: 84.1%  XGB: 48.4%  Ens: 64.5%
  Atlanta Braves @ Cincinnati Reds: Atlanta Braves 63.4% [AGREE]
    Pyth: 29.0%  XGB: 42.9%  Ens: 36.6%
  Miami Marlins @ New York Mets: Miami Marlins 50.3% [SPLIT]
    Pyth: 51.2%  XGB: 48.4%  Ens: 49.7%
  Detroit Tigers @ Chicago White Sox: Chicago White Sox 57.0% [AGREE]
    Pyth: 61.7%  XGB: 53.1%  Ens: 57.0%
  Milwaukee Brewers @ Houston Astros: Milwaukee Brewers 68.4% [AGREE]
    Pyth: 17.7%  XGB: 42.9%  Ens: 31.6%
  Kansas City Royals @ Texas Rangers: Kansas City Royals 52.6% [AGREE]
    Pyth: 46.2%  XGB: 48.4%  Ens: 47.4%
  San Francisco Giants @ Colorado Rockies: Colorado Rockies 53.7% [SPLIT]
    Pyth: 60.2%  XGB: 48.4%  Ens: 53.7%
  New York Yankees @ Athletics: New York Yankees 58.6% [AGREE]
    Pyth: 39.5%  XGB: 42.9%  Ens: 41.4%
  Arizona Diamondbacks @ Seattle Mariners: Seattle Mariners 57.1% [SPLIT]
    Pyth: 67.7%  XGB: 48.4%  Ens: 57.1%
  Philadelphia Phillies @ Los Angeles Dodgers: Los Angeles Dodgers 63.9% [SPLIT]
    Pyth: 82.8%  XGB: 48.4%  Ens: 63.9%
  Chicago Cubs @ St. Louis Cardinals: Chicago Cubs 53.7% [AGREE]
    Pyth: 43.7%  XGB: 48.4%  Ens: 46.3%

Step 3: Fetching LIVE sportsbook odds...
  ✓  Live odds fetched at 21:34:28. API requests remaining: 13831
  ⏱  Filtered 4 game(s) already started — picks only include upcoming games.
  Odds freshness: LIVE (range 0–2 min old)
  Pinnacle fair-prob anchor: 14/15 games on Pinnacle, rest on median devig.
  Dropped 2 ML row(s) with edge > 20% (likely bad odds).

======================================================================
  VALUE BETS (MONEYLINE) — Model Edge vs Vegas
======================================================================

  Toronto Blue Jays vs Baltimore Orioles
    Model: 65.0% | Vegas: 46.0% | Edge: +19.0% *** STRONG ***
    Best odds: +110 at FanDuel

  Milwaukee Brewers vs Houston Astros
    Model: 80.0% | Vegas: 61.9% | Edge: +18.1% *** STRONG ***
    Best odds: -180 at Fanatics

  Minnesota Twins vs Pittsburgh Pirates
    Model: 57.4% | Vegas: 40.8% | Edge: +16.6% *** STRONG ***
    Best odds: +135 at Fanatics

  Kansas City Royals vs Texas Rangers
    Model: 65.0% | Vegas: 48.6% | Edge: +16.4% *** STRONG ***
    Best odds: +100 at FanDuel

  Arizona Diamondbacks vs Seattle Mariners
    Model: 57.4% | Vegas: 42.0% | Edge: +15.4% *** STRONG ***
    Best odds: +130 at Caesars

  Chicago Cubs vs St. Louis Cardinals
    Model: 65.0% | Vegas: 50.2% | Edge: +14.8% *** STRONG ***
    Best odds: -114 at DraftKings

  Boston Red Sox vs Cleveland Guardians
    Model: 65.0% | Vegas: 50.7% | Edge: +14.3% *** STRONG ***
    Best odds: -114 at DraftKings

  Detroit Tigers vs Chicago White Sox
    Model: 57.4% | Vegas: 45.6% | Edge: +11.8% *** STRONG ***
    Best odds: +115 at theScore Bet

  New York Yankees vs Athletics
    Model: 66.7% | Vegas: 58.2% | Edge: +8.5% ** GOOD **
    Best odds: -150 at theScore Bet

  Total value bets: 9
  Average edge: +15.0%
======================================================================


  Method B — Sharp consensus (12 edges):
    Milwaukee Brewers vs Houston Astros: Consensus 80.0% → Edge +18.1%
    Minnesota Twins vs Pittsburgh Pirates: Consensus 57.4% → Edge +16.6%
    Arizona Diamondbacks vs Seattle Mariners: Consensus 57.4% → Edge +15.4%
    Chicago Cubs vs St. Louis Cardinals: Consensus 65.0% → Edge +14.8%
    Boston Red Sox vs Cleveland Guardians: Consensus 65.0% → Edge +14.3%
    Detroit Tigers vs Chicago White Sox: Consensus 57.4% → Edge +11.8%
    Toronto Blue Jays vs Baltimore Orioles: Consensus 57.4% → Edge +11.4%
    Kansas City Royals vs Texas Rangers: Consensus 59.8% → Edge +11.2%
    San Francisco Giants vs Colorado Rockies: Consensus 65.0% → Edge +10.8%
    San Diego Padres vs Washington Nationals: Consensus 65.0% → Edge +10.2%
    Atlanta Braves vs Cincinnati Reds: Consensus 65.0% → Edge +9.5%
    New York Yankees vs Athletics: Consensus 66.7% → Edge +8.5%

  LOCK picks (both methods agree): arizona diamondbacks, boston red sox, chicago cubs, detroit tigers, kansas city royals, milwaukee brewers, minnesota twins, new york yankees, toronto blue jays

══════════════════════════════════════════════════════════════════════
  TOMORROW'S TOP PLAYS — MLB · May 31, 2026
══════════════════════════════════════════════════════════════════════

  #   MARKET     BET                              ODDS      EDGE    KELLY  BOOK
  ────────────────────────────────────────────────────────────────────────
  1   TOTAL      OVER 7.5 (Brewers@Astros)        -110    +3.60R        —  FanDuel
  2   RUN LINE   Colorado Rockies +1.5 RL         -140    +2.65R        —  Fanatics
  3   RUN LINE   Washington Nationals +1.5 RL     -140    +2.65R        —  Caesars
  4   TOTAL      UNDER 10.0 (Yankees@Athletic)    +100    +2.40R        —  Fliff
  5   MONEYLINE  Toronto Blue Jays ML             +110    +19.0%     8.3%  FanDuel
  6   MONEYLINE  Milwaukee Brewers ML             -180    +18.1%    10.0%  Fanatics
  7   TOTAL      OVER 8.5 (Braves@Reds)           -114    +1.80R        —  DraftKings
  8   MONEYLINE  Minnesota Twins ML               +135    +16.6%     6.5%  Fanatics

  ────────────────────────────────────────────────────────────────────────

  ⚡ BEST BET: OVER 7.5 -110 @ FanDuel
     3.60 run totals edge

  Moneyline: 3  |  Run Line: 2  |  Totals: 3

  ChefTonyBets — NBA Picks Pipeline
  Date: 20260531
  ⚠  Schedule check skipped (No module named 'scripts.schedule_check')
  Fetching NBA team ratings...
  ✓  Injury data loaded (0 reported injuries)
  ✓  Team ratings loaded: 30 teams
  ✓  Player stats loaded: 582 players
  Fetching NBA odds...
  ✓  Live NBA odds fetched. API requests remaining: 13811
  Found 2 upcoming games
    New York Knicks @ Oklahoma City Thunder  07:40 PM ET
    New York Knicks @ San Antonio Spurs  07:40 PM ET

  Running NBA model...
  ✓  3 game edges found

  Game projections:
    New York Knicks @ Oklahoma City Thunder  07:40 PM ET
      Proj: 109.8 - 110.1  | Total: 225.6  | Away ML: 26%  | Home ML: 74%
    New York Knicks @ San Antonio Spurs  07:40 PM ET
      Proj: 109.2 - 112.1  | Total: 226.3  | Away ML: 26%  | Home ML: 74%

  Fetching NBA player props...
  ✓  0 prop edges found
  ✓  0 unique-player props after dedup + confidence filter (0.53 ≤ p ≤ 0.78)

  Context: NBA PLAYOFFS

  Saved → output/picks/basketball_nba/20260531/picks.json
  Saved → output/picks/basketball_nba/20260531/props.json
  ✓  3 NBA pick(s) logged to pnl

                        NBA PICKS — ChefTonyBets                        
                              May 30, 2026                              
────────────────────────────────────────────────────────────────────────

  GAME PICKS (Model vs Market)
  GAME                             BET                      EDGE    ODDS  BOOK
  ────────────────────────────────────────────────────────────────────
  New York Knicks @ Oklahoma City  OVER 215.5             +15.8%    -110  FanDuel  [proj total 226]
  New York Knicks @ San Antonio S  OVER 216.5             +15.6%    -110  FanDuel  [proj total 226]
  New York Knicks @ San Antonio S  San Antonio Spurs       +5.7%    -176  FanDuel

  No prop edges found — NBA stats cache may be loading.

────────────────────────────────────────────────────────────────────────

  Generating NBA totals card (new design)...
  ✓  NBA totals card → output/picks/basketball_nba/20260531/nba_totals_card.png

  Generating captions...

====================================================================
  NBA PLAYOFFS CAPTIONS — MAY 31, 2026
====================================================================

── GAME PICKS ─────────────────────────────────────────────────────

NBA picks are live. Backed by efficiency ratings, not opinions 💡

May 31 NBA PLAYOFFS Picks 🔥
━━━━━━━━━━━━━━━
🔒 OVER 215.5 (NEW vs OKL) -110 — +15.8% edge [FanDuel]
📌 OVER 216.5 (NEW vs SAN) -110 — +15.6% edge [FanDuel]
📌 San Antonio Spurs ML -176 — +5.7% edge [FanDuel]
━━━━━━━━━━━━━━━

Picks generated by our efficiency-rating model (ORtg/DRtg/Pace). We track every result publicly — link in bio.

Not financial advice. Bet responsibly. 21+

#NBA #NBAPlayoffs #sportsbetting #NBApicks #NBATwitter #sharpbetting #valuebet #edgebetting #NBAPlayoffs2026 #playoffs #NBAplayoff

====================================================================


  NBA parlay card skipped — moneyline model incubating.

  Writing captions (Instagram / Twitter / Reddit)...
  ✓  instagram    → output/picks/basketball_nba/20260531/captions/instagram.txt
  ✓  twitter      → output/picks/basketball_nba/20260531/captions/twitter.txt
  ✓  reddit       → output/picks/basketball_nba/20260531/captions/reddit.txt
  ✓  reddit_potd       → output/picks/basketball_nba/20260531/captions/reddit_potd.txt
  ✓  reddit_nba_picks  → output/picks/basketball_nba/20260531/captions/reddit_nba_picks.txt
  ✓  receipts_post.txt → output/picks/basketball_nba/20260531/receipts_post.txt
  ✓  calibration_card.png → output/picks/basketball_nba/20260531/calibration_card.png
  ✓  show_your_work.md → output/picks/basketball_nba/20260531/talking_head/show_your_work.md
  [CLV] Snapshotted opening lines for 20 NBA pick(s)

  ════════════════════════════════════════════════════════════
  NIGHT PIPELINE — 20260531  (run at 2026-05-30 21:35)
  ════════════════════════════════════════════════════════════

  ▸ [NBA] Generating picks for 20260531...
  ✓ NBA picks done

  ▸ [NBA] Snapshotting opening lines...
  ⚠  Could not fetch odds for nba: Unsupported sport '801b0a51af0762d5dfc08fb147692d95'. Supported: americanfootball_nfl, baseball_mlb, basketball_nba, basketball_ncaab


  ════════════════════════════════════════════════════════════════
  BET STATUS — May 31, 2026
  ════════════════════════════════════════════════════════════════

  MLB
  ────────────────────────────────────────────────────────────────
    ✅ BET NOW                       OVER 7.5                      -110    edge 3.6%
    ✅ BET NOW                       UNDER 10.0                    +100    edge 2.4%
    ✅ BET NOW                       OVER 8.5                      -114    edge 1.8%
    ✅ BET NOW                       OVER 8.0                      +100    edge 1.3%
    ✅ BET NOW                       UNDER 11.0                    +105    edge 1.3%

  📌 Place ML/spread at night open. Recheck totals at T-60min after SP + lineup confirmed.

  NBA
  ────────────────────────────────────────────────────────────────
    ⏳ HOLD — wait for inactives     OVER 211.5                    -110    edge 17.1%
    ⏳ HOLD — wait for inactives     OVER 215.5                    -110    edge 15.8%
    ⏳ HOLD — wait for inactives     OVER 216.5                    -110    edge 15.6%

  📌 Never bet at open. Always wait for inactives. Load management can swing totals 4-6pts.

  ════════════════════════════════════════════════════════════════

  Night pipeline complete. Check logs/night.log for details.
  Run 'python3 chef.py gates' before game time to check triggers.

══════════════════════════════════════════════════════════════════════

  [CLV] Snapshotted opening lines for 20 pick(s) [2026-05-31]
  Moneyline card → output/picks/baseball_mlb/20260531/pick_card.png
  ML card (new) → output/picks/baseball_mlb/20260531/mlb_moneyline_card.png
  Totals card (new) → output/picks/baseball_mlb/20260531/mlb_totals_card.png
  Picks caption → output/picks/baseball_mlb/20260531/caption_picks.txt
  Auto-logged 17 pick(s) to data/pnl/picks.json

Saved picks to output/picks/baseball_mlb/20260531/

Step 6: Scanning player props for edges...
  Found 9 prop edge(s):
    Yoshinobu Yamamoto UNDER 6.5 Ks  edge=21.6%  odds=-142  [FanDuel]
    Zebby Matthews UNDER 5.5 Ks  edge=18.6%  odds=-115  [DraftKings]
    Keider Montero UNDER 4.5 Ks  edge=18.6%  odds=-168  [DraftKings]
    Braxton Ashcraft UNDER 5.5 Ks  edge=18.5%  odds=+115  [Fanatics]
    Shane McClanahan UNDER 6.5 Ks  edge=18.5%  odds=-160  [FanDuel]
    Jack Kochanowicz OVER 3.5 Ks  edge=12.2%  odds=+118  [FanDuel]
    Tanner Bibee UNDER 4.5 Ks  edge=9.7%  odds=+105  [Fanatics]
    Jacob Misiorowski UNDER 8.5 Ks  edge=5.5%  odds=-120  [Fanatics]
    Tatsuya Imai UNDER 5.5 Ks  edge=4.1%  odds=-170  [Fliff]
  Props saved → output/picks/baseball_mlb/20260531/props.json
  Auto-logged 9 prop(s) to pnl for tracking
  Pitcher Ks card → output/picks/baseball_mlb/20260531/mlb_pitcher_ks_card.png
  Props caption → output/picks/baseball_mlb/20260531/caption_props.txt

Step 7: Building NRFI/YRFI plays...
  Found 14 NRFI/YRFI play(s):
    Toronto Blue Jays @ Baltimore Orioles NRFI  edge=17.2%
    San Francisco Giants @ Colorado Rockies NRFI  edge=15.4%
    Kansas City Royals @ Texas Rangers NRFI  edge=15.2%
    Philadelphia Phillies @ Los Angeles Dodgers NRFI  edge=15.2%
    Minnesota Twins @ Pittsburgh Pirates NRFI  edge=14.3%
  NRFI picks logged to pnl (5 picks)
  (14 NRFI play(s) have live odds; 0 missing book line)
  NRFI caption → output/picks/baseball_mlb/20260531/caption_nrfi.txt

Step 8: Building F5 (first 5 innings) totals...
  Found 11 F5 edge(s):
    F5 OVER 4.5 (Chicago Cubs @ St. Louis Cardinals)  edge=37.6%  odds=-128  [FanDuel]  proj=11.08
    F5 UNDER 3.5 (Minnesota Twins @ Pittsburgh Pirates)  edge=28.1%  odds=+114  [FanDuel]  proj=2.57
    F5 UNDER 4.5 (Toronto Blue Jays @ Baltimore Orioles)  edge=22.7%  odds=-128  [FanDuel]  proj=3.16
    F5 OVER 5.5 (San Diego Padres @ Washington Nationals)  edge=16.4%  odds=+102  [FanDuel]  proj=8.31
    F5 UNDER 4.5 (Milwaukee Brewers @ Houston Astros)  edge=16.3%  odds=-165  [Fliff]  proj=3.6
  F5 picks logged to pnl (11 added, card_pick=True)
  F5 card → output/picks/baseball_mlb/20260531/f5_card.png
  F5 caption → output/picks/baseball_mlb/20260531/caption_f5.txt
  O/U card (game totals, 5 picks) → output/picks/baseball_mlb/20260531/totals_card.png

Step 10: Generating MLB parlay card...
  ✓  Parlay card → output/picks/baseball_mlb/20260531/parlay_card.png

Step 11: Writing captions (Instagram / Twitter / Reddit)...
  ✓  instagram    → output/picks/baseball_mlb/20260531/captions/instagram.txt
  ✓  twitter      → output/picks/baseball_mlb/20260531/captions/twitter.txt
  ✓  reddit       → output/picks/baseball_mlb/20260531/captions/reddit.txt
  ✓  reddit_potd       → output/picks/baseball_mlb/20260531/captions/reddit_potd.txt
  ✓  reddit_mlb_props  → output/picks/baseball_mlb/20260531/captions/reddit_mlb_props.txt
  ✓  reddit_mlb_picks  → output/picks/baseball_mlb/20260531/captions/reddit_mlb_picks.txt
  ✓  receipts_post.txt → output/picks/baseball_mlb/20260531/receipts_post.txt
  ✓  calibration_card.png → output/picks/baseball_mlb/20260531/calibration_card.png
  ✓  show_your_work.md → output/picks/baseball_mlb/20260531/talking_head/show_your_work.md

  ════════════════════════════════════════════════════════════
  NIGHT PIPELINE — 20260531  (run at 2026-05-30 21:32)
  ════════════════════════════════════════════════════════════

  ▸ [MLB] Generating picks for 20260531...
  ✓ MLB picks done

  ▸ [MLB] Snapshotting opening lines...
  ⚠  Could not fetch odds for mlb: Unsupported sport '801b0a51af0762d5dfc08fb147692d95'. Supported: americanfootball_nfl, baseball_mlb, basketball_nba, basketball_ncaab


  ════════════════════════════════════════════════════════════════
  BET STATUS — May 31, 2026
  ════════════════════════════════════════════════════════════════

  MLB
  ────────────────────────────────────────────────────────────────
    ✅ BET NOW                       OVER 7.5                      -110    edge 3.6%
    ✅ BET NOW                       UNDER 10.0                    +100    edge 2.4%
    ✅ BET NOW                       OVER 8.5                      -114    edge 1.8%
    ✅ BET NOW                       OVER 8.0                      +100    edge 1.3%
    ✅ BET NOW                       UNDER 11.0                    +105    edge 1.3%

  📌 Place ML/spread at night open. Recheck totals at T-60min after SP + lineup confirmed.

  NBA
  ────────────────────────────────────────────────────────────────
    ⏳ HOLD — wait for inactives     OVER 211.5                    -110    edge 17.1%
    ⏳ HOLD — wait for inactives     OVER 215.5                    -110    edge 15.8%
    ⏳ HOLD — wait for inactives     OVER 216.5                    -110    edge 15.6%

  📌 Never bet at open. Always wait for inactives. Load management can swing totals 4-6pts.

  ════════════════════════════════════════════════════════════════

  Night pipeline complete. Check logs/night.log for details.
  Run 'python3 chef.py gates' before game time to check triggers.


  [NHL] Generating picks for 2026-05-31
  ⚠  Schedule check skipped (No module named 'scripts.schedule_check')
  ℹ  No NHL games found for today (off-day or API unavailable)
  ✓  Live NHL odds fetched. API requests remaining: 13755
  ✓  1 game(s) with odds from API

  ════════════════════════════════════════════════════════════════════════
  NHL PICKS — SUNDAY MAY 31, 2026
  ────────────────────────────────────────────────────────────────────────
  MATCHUP / BET                         ODDS   EDGE   PROJ  MARKET
  ────────────────────────────────────────────────────────────────────────
  Under 5.5                       +102  +9.0%    5.1  TOT 5.5
    ↳ Vegas Golden Knights @ Carolina Hurr
    ↳ Projected total: 5.1 | Home win: 60.4% | Home -1.5: 30.8%

  ────────────────────────────────────────────────────────────────────────
  1 edge(s) found  |  NHL Playoffs  |  min edge: 8%
  ════════════════════════════════════════════════════════════════════════

  ✓  Saved 1 picks + 1 projections → output/picks/icehockey_nhl/20260531/picks.json
  ✓  Auto-logged 1 pick(s) to data/pnl/picks.json

  ════════════════════════════════════════════════════════════════════════
  NHL SLATE — MAY 31
  ────────────────────────────────────────────────────────────────────────
  MATCHUP                                 PROJ    HW%  TIME
  ────────────────────────────────────────────────────────────────────────
  Vegas Golden Knights @ Carolina Hurric   6.1   60%  07:00 PM ET
  ════════════════════════════════════════════════════════════════════════

  [stats] updated — 115W-72L (61.5% WR)  +38.37u  ROI +20.7%  | NRFI 0-0 (0.0%)

  ════════════════════════════════════════════════════════════
  NIGHT PIPELINE — 20260531  (run at 2026-05-30 21:40)
  ════════════════════════════════════════════════════════════

  ▸ [NHL] Generating picks for 20260531...
  ✓ NHL picks done

  ▸ [NHL] Snapshotting opening lines...
  ⚠  Could not fetch odds for nhl: Unsupported sport '801b0a51af0762d5dfc08fb147692d95'. Supported: americanfootball_nfl, baseball_mlb, basketball_nba, basketball_ncaab


  ════════════════════════════════════════════════════════════════
  BET STATUS — May 31, 2026
  ════════════════════════════════════════════════════════════════

  MLB
  ────────────────────────────────────────────────────────────────
    ✅ BET NOW                       OVER 7.5                      -110    edge 3.6%
    ✅ BET NOW                       UNDER 10.0                    +100    edge 2.4%
    ✅ BET NOW                       OVER 8.5                      -114    edge 1.8%
    ✅ BET NOW                       OVER 8.0                      +100    edge 1.3%
    ✅ BET NOW                       UNDER 11.0                    +105    edge 1.3%

  📌 Place ML/spread at night open. Recheck totals at T-60min after SP + lineup confirmed.

  NBA
  ────────────────────────────────────────────────────────────────
    ⏳ HOLD — wait for inactives     OVER 211.5                    -110    edge 17.1%
    ⏳ HOLD — wait for inactives     OVER 215.5                    -110    edge 15.8%
    ⏳ HOLD — wait for inactives     OVER 216.5                    -110    edge 15.6%

  📌 Never bet at open. Always wait for inactives. Load management can swing totals 4-6pts.

  NHL
  ────────────────────────────────────────────────────────────────
    ⏳ HOLD — wait for goalie        Under 5.5                     +102    edge 9.0%

  📌 Moneylines: bet at open. Totals: wait for starting goalie (changes line 0.5–1.0 goals).

  ════════════════════════════════════════════════════════════════

  Night pipeline complete. Check logs/night.log for details.
  Run 'python3 chef.py gates' before game time to check triggers.

/Library/Frameworks/Python.framework/Versions/3.11/lib/python3.11/site-packages/joblib/externals/loky/backend/context.py:136: UserWarning: Could not find the number of physical cores for the following reason:
[Errno 2] No such file or directory: 'sysctl'
Returning the number of logical cores instead. You can silence this warning by setting LOKY_MAX_CPU_COUNT to the number of cores you want to use.
  warnings.warn(
  File "/Library/Frameworks/Python.framework/Versions/3.11/lib/python3.11/site-packages/joblib/externals/loky/backend/context.py", line 270, in _count_physical_cores
    cpu_info = subprocess.run(
               ^^^^^^^^^^^^^^^
  File "/Library/Frameworks/Python.framework/Versions/3.11/lib/python3.11/subprocess.py", line 548, in run
    with Popen(*popenargs, **kwargs) as process:
         ^^^^^^^^^^^^^^^^^^^^^^^^^^^
  File "/Library/Frameworks/Python.framework/Versions/3.11/lib/python3.11/subprocess.py", line 1024, in __init__
    self._execute_child(args, executable, preexec_fn, close_fds,
  File "/Library/Frameworks/Python.framework/Versions/3.11/lib/python3.11/subprocess.py", line 1917, in _execute_child
    raise child_exception_type(errno_num, err_msg, err_filename)

======================================================================
  MARCH MADNESS 2026 — AI BRACKET PREDICTOR
======================================================================


======================================================================
  OVERLAY DAILY — baseball_mlb
======================================================================

  ⚠  Schedule check skipped (No module named 'scripts.schedule_check')
Step 1: Fetching MLB schedule and team stats...
  Found 9 games
    Detroit Tigers (Ty Madden) @ Tampa Bay Rays (Griffin Jax)
    Miami Marlins (Sandy Alcantara) @ Washington Nationals (Cade Cavalli)
    Kansas City Royals (Luinder Avila) @ Cincinnati Reds (Chase Burns)
    Chicago White Sox (TBD) @ Minnesota Twins (Joe Ryan)
    San Francisco Giants (Landen Roupp) @ Milwaukee Brewers (Shane Drohan)
    Texas Rangers (Jacob deGrom) @ St. Louis Cardinals (Michael McGreevy)
    Colorado Rockies (Kyle Freeland) @ Los Angeles Angels (José Soriano)
    Los Angeles Dodgers (Emmet Sheehan) @ Arizona Diamondbacks (Eduardo Rodriguez)
    New York Mets (Austin Warren) @ Seattle Mariners (Emerson Hancock)

Step 2: Running ensemble (4 models + Pythagorean) — v6 features, 91 total...
  Detroit Tigers @ Tampa Bay Rays: Tampa Bay Rays 54.2% [SPLIT]
    Pyth: 61.3%  XGB: 48.4%  Ens: 54.2%
  Miami Marlins @ Washington Nationals: Washington Nationals 62.6% [AGREE]
    Pyth: 74.2%  XGB: 53.1%  Ens: 62.6%
  Kansas City Royals @ Cincinnati Reds: Cincinnati Reds 65.4% [AGREE]
    Pyth: 80.5%  XGB: 53.1%  Ens: 65.4%
  Chicago White Sox @ Minnesota Twins: Minnesota Twins 58.0% [AGREE]
    Pyth: 63.9%  XGB: 53.1%  Ens: 58.0%
  San Francisco Giants @ Milwaukee Brewers: Milwaukee Brewers 61.6% [SPLIT]
    Pyth: 77.6%  XGB: 48.4%  Ens: 61.6%
  Texas Rangers @ St. Louis Cardinals: St. Louis Cardinals 56.2% [SPLIT]
    Pyth: 65.6%  XGB: 48.4%  Ens: 56.2%
  Colorado Rockies @ Los Angeles Angels: Los Angeles Angels 67.5% [AGREE]
    Pyth: 78.9%  XGB: 56.1%  Ens: 67.5%
  Los Angeles Dodgers @ Arizona Diamondbacks: Arizona Diamondbacks 55.7% [AGREE]
    Pyth: 58.8%  XGB: 53.1%  Ens: 55.7%
  New York Mets @ Seattle Mariners: New York Mets 51.8% [AGREE]
    Pyth: 48.0%  XGB: 48.4%  Ens: 48.2%

Step 3: Fetching LIVE sportsbook odds...
  ✓  Live odds fetched at 21:31:08. API requests remaining: 19979
  Odds freshness: LIVE (range 0–1 min old)
  Pinnacle fair-prob anchor: 8/9 games on Pinnacle, rest on median devig.

======================================================================
  VALUE BETS (MONEYLINE) — Model Edge vs Vegas
======================================================================

  New York Mets vs Seattle Mariners
    Model: 65.0% | Vegas: 45.1% | Edge: +19.9% *** STRONG ***
    Best odds: +115 at theScore Bet

  Detroit Tigers vs Tampa Bay Rays
    Model: 58.5% | Vegas: 39.5% | Edge: +19.0% *** STRONG ***
    Best odds: +145 at Hard Rock Bet (OH)

  Chicago White Sox vs Minnesota Twins
    Model: 58.5% | Vegas: 39.6% | Edge: +18.9% *** STRONG ***
    Best odds: +145 at theScore Bet

  Total value bets: 3
  Average edge: +19.3%
======================================================================


  Method B — Sharp consensus (5 edges):
    Miami Marlins vs Washington Nationals: Consensus 58.5% → Edge +15.4%
    San Francisco Giants vs Milwaukee Brewers: Consensus 58.5% → Edge +15.1%
    New York Mets vs Seattle Mariners: Consensus 58.5% → Edge +13.4%
    Texas Rangers vs St. Louis Cardinals: Consensus 65.0% → Edge +11.9%
    Los Angeles Dodgers vs Arizona Diamondbacks: Consensus 66.7% → Edge +8.3%

  LOCK picks (both methods agree): new york mets

══════════════════════════════════════════════════════════════════════
  TOMORROW'S TOP PLAYS — MLB · June 01, 2026
══════════════════════════════════════════════════════════════════════

  #   MARKET     BET                              ODDS      EDGE    KELLY  BOOK
  ────────────────────────────────────────────────────────────────────────
  1   RUN LINE   St. Louis Cardinals +1.5 RL      -160    +2.65R        —  Caesars
  2   MONEYLINE  New York Mets ML                 +115    +19.9%     8.6%  theScore B
  3   MONEYLINE  Detroit Tigers ML                +145    +19.0%     7.5%  Hard Rock 
  4   MONEYLINE  Chicago White Sox ML             +145    +18.9%     7.5%  theScore B
  5   TOTAL      OVER 8.0 (Sox@Twins)             +110    +1.80R        —  theScore B
  6   TOTAL      OVER 8.5 (Marlins@National)      -110    +1.70R        —  Fliff
  7   MONEYLINE  Miami Marlins ML                 +130    +15.4%     6.6%  GTbets
  8   MONEYLINE  San Francisco Giants ML          +132    +15.1%     6.8%  Betfair

  ────────────────────────────────────────────────────────────────────────

  ⚡ BEST BET: St. Louis Cardinals +1.5 -160 @ Caesars
     2.65 run RL edge

  Moneyline: 5  |  Run Line: 1  |  Totals: 2
══════════════════════════════════════════════════════════════════════

  [CLV] Snapshotted opening lines for 10 pick(s) [2026-06-01]
  Moneyline card → output/picks/baseball_mlb/20260601/pick_card.png
  ML card (new) → output/picks/baseball_mlb/20260601/mlb_moneyline_card.png
  Totals card (new) → output/picks/baseball_mlb/20260601/mlb_totals_card.png
  Picks caption → output/picks/baseball_mlb/20260601/caption_picks.txt
  Auto-logged 9 pick(s) to data/pnl/picks.json

Saved picks to output/picks/baseball_mlb/20260601/

Step 6: Scanning player props for edges...
  Found 5 prop edge(s):
    Luinder Avila OVER 3.5 Ks  edge=30.3%  odds=+138  [FanDuel]
    Ty Madden OVER 3.5 Ks  edge=22.9%  odds=-140  [FanDuel]
    Chase Burns UNDER 6.5 Ks  edge=13.6%  odds=-118  [FanDuel]
    Jacob deGrom UNDER 6.5 Ks  edge=11.6%  odds=-130  [Fanatics]
    Griffin Jax UNDER 4.5 Ks  edge=5.4%  odds=-113  [DraftKings]
  Props saved → output/picks/baseball_mlb/20260601/props.json
  Auto-logged 5 prop(s) to pnl for tracking
  Pitcher Ks card → output/picks/baseball_mlb/20260601/mlb_pitcher_ks_card.png
  Props caption → output/picks/baseball_mlb/20260601/caption_props.txt

Step 7: Building NRFI/YRFI plays...
  Found 8 NRFI/YRFI play(s):
    Texas Rangers @ St. Louis Cardinals NRFI  edge=15.6%
    Kansas City Royals @ Cincinnati Reds NRFI  edge=15.4%
    San Francisco Giants @ Milwaukee Brewers NRFI  edge=15.2%
    Detroit Tigers @ Tampa Bay Rays NRFI  edge=14.8%
    Miami Marlins @ Washington Nationals NRFI  edge=12.4%
  NRFI picks logged to pnl (5 picks)
  (5 NRFI play(s) have live odds; 3 missing book line)
  NRFI caption → output/picks/baseball_mlb/20260601/caption_nrfi.txt

Step 8: Building F5 (first 5 innings) totals...
  Found 4 F5 edge(s):
    F5 UNDER 4.5 (Detroit Tigers @ Tampa Bay Rays)  edge=23.4%  odds=-140  [FanDuel]  proj=2.77
    F5 UNDER 4.5 (Kansas City Royals @ Cincinnati Reds)  edge=19.5%  odds=-125  [FanDuel]  proj=3.61
    F5 UNDER 4.5 (San Francisco Giants @ Milwaukee Brewers)  edge=16.6%  odds=-148  [FanDuel]  proj=3.48
    F5 UNDER 4.5 (Texas Rangers @ St. Louis Cardinals)  edge=10.4%  odds=-140  [FanDuel]  proj=4.37
  F5 picks logged to pnl (4 added, card_pick=True)
  F5 card → output/picks/baseball_mlb/20260601/f5_card.png
  F5 caption → output/picks/baseball_mlb/20260601/caption_f5.txt
  O/U card (game totals, 2 picks) → output/picks/baseball_mlb/20260601/totals_card.png

Step 10: Generating MLB parlay card...
  ✓  Parlay card → output/picks/baseball_mlb/20260601/parlay_card.png

Step 11: Writing captions (Instagram / Twitter / Reddit)...
  ✓  instagram    → output/picks/baseball_mlb/20260601/captions/instagram.txt
  ✓  twitter      → output/picks/baseball_mlb/20260601/captions/twitter.txt
  ✓  reddit       → output/picks/baseball_mlb/20260601/captions/reddit.txt
  ✓  reddit_potd       → output/picks/baseball_mlb/20260601/captions/reddit_potd.txt
  ✓  reddit_mlb_props  → output/picks/baseball_mlb/20260601/captions/reddit_mlb_props.txt
  ✓  reddit_mlb_picks  → output/picks/baseball_mlb/20260601/captions/reddit_mlb_picks.txt
  ✓  receipts_post.txt → output/picks/baseball_mlb/20260601/receipts_post.txt
  ✓  calibration_card.png → output/picks/baseball_mlb/20260601/calibration_card.png
  ✓  show_your_work.md → output/picks/baseball_mlb/20260601/talking_head/show_your_work.md

  ════════════════════════════════════════════════════════════
  NIGHT PIPELINE — 20260601  (run at 2026-05-31 21:30)
  ════════════════════════════════════════════════════════════

  ▸ [MLB] Generating picks for 20260601...
  ✓ MLB picks done

  ▸ [MLB] Snapshotting opening lines...
  ⚠  Could not fetch odds for mlb: Unsupported sport '801b0a51af0762d5dfc08fb147692d95'. Supported: americanfootball_nfl, baseball_mlb, basketball_nba, basketball_ncaab


  ════════════════════════════════════════════════════════════════
  BET STATUS — June 01, 2026
  ════════════════════════════════════════════════════════════════

  MLB
  ────────────────────────────────────────────────────────────────
    ✅ BET NOW                       OVER 8.0                      +110    edge 1.8%
    ✅ BET NOW                       OVER 8.5                      -110    edge 1.7%

  📌 Place ML/spread at night open. Recheck totals at T-60min after SP + lineup confirmed.

  ════════════════════════════════════════════════════════════════

  Night pipeline complete. Check logs/night.log for details.
  Run 'python3 chef.py gates' before game time to check triggers.


  ChefTonyBets — NBA Picks Pipeline
  Date: 20260601
  ⚠  Schedule check skipped (No module named 'scripts.schedule_check')
  Fetching NBA team ratings...
  ✓  Injury data loaded (0 reported injuries)
  ✓  Team ratings loaded: 30 teams
  ✓  Player stats loaded: 582 players
  Fetching NBA odds...
  ✓  Live NBA odds fetched. API requests remaining: 19945
  Found 1 upcoming games
    New York Knicks @ San Antonio Spurs  07:40 PM ET

  Running NBA model...
  ✓  2 game edges found

  Game projections:
    New York Knicks @ San Antonio Spurs  07:40 PM ET
      Proj: 109.2 - 112.1  | Total: 226.3  | Away ML: 26%  | Home ML: 74%

  Fetching NBA player props...
  ✓  3 prop edges found
  ✓  3 unique-player props after dedup + confidence filter (0.53 ≤ p ≤ 0.78)

  Context: NBA PLAYOFFS

  Saved → output/picks/basketball_nba/20260601/picks.json
  Saved → output/picks/basketball_nba/20260601/props.json
  ✓  2 NBA pick(s) logged to pnl
  Auto-logged 3 NBA prop(s) to pnl for tracking

                        NBA PICKS — ChefTonyBets                        
                              May 31, 2026                              
────────────────────────────────────────────────────────────────────────

  GAME PICKS (Model vs Market)
  GAME                             BET                      EDGE    ODDS  BOOK
  ────────────────────────────────────────────────────────────────────
  New York Knicks @ San Antonio S  OVER 218.5             +14.7%    -110  FanDuel  [proj total 226]
  New York Knicks @ San Antonio S  San Antonio Spurs       +3.7%    -190  theScore Bet

  PLAYER PROPS (Top 10 by edge)
  PLAYER                 BET                            PROJ   EDGE    ODDS  BOOK
  ────────────────────────────────────────────────────────────────────
  OG Anunoby             UNDER 1.5 ASSISTS               2.2 +12.7%    +110  Hard Rock Bet
  Victor Wembanyama      UNDER 1.5 THREES                1.9 +12.6%    +110  betPARX
  Mitchell Robinson      UNDER 4.5 REBOUNDS              8.7 +12.1%    -105  theScore Bet

────────────────────────────────────────────────────────────────────────

  Generating NBA totals card (new design)...
  ✓  NBA totals card → output/picks/basketball_nba/20260601/nba_totals_card.png

  Generating captions...

====================================================================
  NBA PLAYOFFS CAPTIONS — JUNE 01, 2026
====================================================================

── GAME PICKS ─────────────────────────────────────────────────────

Play-In Tournament is here. Model locked in these edges 🏀

Jun 1 NBA PLAYOFFS Picks 🔥
━━━━━━━━━━━━━━━
🔒 OVER 218.5 (NEW vs SAN) -110 — +14.7% edge [FanDuel]
📌 San Antonio Spurs ML -190 — +3.7% edge [theScore Bet]
━━━━━━━━━━━━━━━

Picks generated by our efficiency-rating model (ORtg/DRtg/Pace). We track every result publicly — link in bio.

Not financial advice. Bet responsibly. 21+

#NBA #NBAPlayoffs #sportsbetting #NBApicks #NBATwitter #sharpbetting #valuebet #edgebetting #NBAPlayoffs2026 #playoffs #NBAplayoff

── PLAYER PROPS ───────────────────────────────────────────────────

Found fat lines in today's NBA props. Model says bet these.

Jun 1 NBA Player Props 🧮
━━━━━━━━━━━━━━━
💪 Rebounds:
  • Mitchell Robinson UNDER 4.5 REB -105 [theScore Bet]
🎯 Assists:
  • OG Anunoby UNDER 1.5 AST +110 [Hard Rock Bet]
━━━━━━━━━━━━━━━

Model projects each stat using season averages + opponent defensive rating. Only posts when we find real edge vs the book line.

Swipe for game picks 👆

Not financial advice. Bet responsibly. 21+

#NBA #NBAPlayoffs #sportsbetting #NBApicks #NBATwitter #sharpbetting #valuebet #edgebetting #NBAPlayoffs2026 #playoffs #NBAplayoff #NBApropbets #propbets #NBAprops #pointsprop #reboundsprop

====================================================================


  NBA parlay card skipped — moneyline model incubating.

  Writing captions (Instagram / Twitter / Reddit)...
  ✓  instagram    → output/picks/basketball_nba/20260601/captions/instagram.txt
  ✓  twitter      → output/picks/basketball_nba/20260601/captions/twitter.txt
  ✓  reddit       → output/picks/basketball_nba/20260601/captions/reddit.txt
  ✓  reddit_potd       → output/picks/basketball_nba/20260601/captions/reddit_potd.txt
  ✓  reddit_nba_picks  → output/picks/basketball_nba/20260601/captions/reddit_nba_picks.txt
  ✓  receipts_post.txt → output/picks/basketball_nba/20260601/receipts_post.txt
  ✓  calibration_card.png → output/picks/basketball_nba/20260601/calibration_card.png
  ✓  show_your_work.md → output/picks/basketball_nba/20260601/talking_head/show_your_work.md
  [CLV] Snapshotted opening lines for 19 NBA pick(s)

  ════════════════════════════════════════════════════════════
  NIGHT PIPELINE — 20260601  (run at 2026-05-31 21:35)
  ════════════════════════════════════════════════════════════

  ▸ [NBA] Generating picks for 20260601...
  ✓ NBA picks done

  ▸ [NBA] Snapshotting opening lines...
  ⚠  Could not fetch odds for nba: Unsupported sport '801b0a51af0762d5dfc08fb147692d95'. Supported: americanfootball_nfl, baseball_mlb, basketball_nba, basketball_ncaab


  ════════════════════════════════════════════════════════════════
  BET STATUS — June 01, 2026
  ════════════════════════════════════════════════════════════════

  MLB
  ────────────────────────────────────────────────────────────────
    ✅ BET NOW                       OVER 8.0                      +110    edge 1.8%
    ✅ BET NOW                       OVER 8.5                      -110    edge 1.7%

  📌 Place ML/spread at night open. Recheck totals at T-60min after SP + lineup confirmed.

  NBA
  ────────────────────────────────────────────────────────────────
    ⏳ HOLD — wait for inactives     OVER 218.5                    -110    edge 14.7%

  📌 Never bet at open. Always wait for inactives. Load management can swing totals 4-6pts.

  ════════════════════════════════════════════════════════════════

  Night pipeline complete. Check logs/night.log for details.
  Run 'python3 chef.py gates' before game time to check triggers.


  [NHL] Generating picks for 2026-06-01
  ⚠  Schedule check skipped (No module named 'scripts.schedule_check')
  ℹ  No NHL games found for today (off-day or API unavailable)
  ✓  Live NHL odds fetched. API requests remaining: 19928
  ✓  1 game(s) with odds from API

  ════════════════════════════════════════════════════════════════════════
  NHL PICKS — MONDAY JUNE 01, 2026
  ────────────────────────────────────────────────────────────────────────
  MATCHUP / BET                         ODDS   EDGE   PROJ  MARKET
  ────────────────────────────────────────────────────────────────────────
  Under 5.5                       +100  +8.8%    5.1  TOT 5.5
    ↳ Vegas Golden Knights @ Carolina Hurr
    ↳ Projected total: 5.1 | Home win: 60.4% | Home -1.5: 30.8%

  ────────────────────────────────────────────────────────────────────────
  1 edge(s) found  |  NHL Playoffs  |  min edge: 8%
  ════════════════════════════════════════════════════════════════════════

  ✓  Saved 1 picks + 1 projections → output/picks/icehockey_nhl/20260601/picks.json
  ✓  Auto-logged 1 pick(s) to data/pnl/picks.json

  ════════════════════════════════════════════════════════════════════════
  NHL SLATE — JUNE 01
  ────────────────────────────────────────────────────────────────────────
  MATCHUP                                 PROJ    HW%  TIME
  ────────────────────────────────────────────────────────────────────────
  Vegas Golden Knights @ Carolina Hurric   6.1   60%  07:00 PM ET
  ════════════════════════════════════════════════════════════════════════

  [stats] updated — 118W-78L (60.2% WR)  +35.16u  ROI +18.1%  | NRFI 0-0 (0.0%)

  ════════════════════════════════════════════════════════════
  NIGHT PIPELINE — 20260601  (run at 2026-05-31 21:40)
  ════════════════════════════════════════════════════════════

  ▸ [NHL] Generating picks for 20260601...
  ✓ NHL picks done

  ▸ [NHL] Snapshotting opening lines...
  ⚠  Could not fetch odds for nhl: Unsupported sport '801b0a51af0762d5dfc08fb147692d95'. Supported: americanfootball_nfl, baseball_mlb, basketball_nba, basketball_ncaab


  ════════════════════════════════════════════════════════════════
  BET STATUS — June 01, 2026
  ════════════════════════════════════════════════════════════════

  MLB
  ────────────────────────────────────────────────────────────────
    ✅ BET NOW                       OVER 8.0                      +110    edge 1.8%
    ✅ BET NOW                       OVER 8.5                      -110    edge 1.7%

  📌 Place ML/spread at night open. Recheck totals at T-60min after SP + lineup confirmed.

  NBA
  ────────────────────────────────────────────────────────────────
    ⏳ HOLD — wait for inactives     OVER 218.5                    -110    edge 14.7%

  📌 Never bet at open. Always wait for inactives. Load management can swing totals 4-6pts.

  NHL
  ────────────────────────────────────────────────────────────────
    ⏳ HOLD — wait for goalie        Under 5.5                     +100    edge 8.8%

  📌 Moneylines: bet at open. Totals: wait for starting goalie (changes line 0.5–1.0 goals).

  ════════════════════════════════════════════════════════════════

  Night pipeline complete. Check logs/night.log for details.
  Run 'python3 chef.py gates' before game time to check triggers.


============================================================
  WNBA Picks — June 01, 2026
============================================================
  ⚠  Schedule check skipped (No module named 'scripts.schedule_check')
  [wnba] Fetched 6 events from The Odds API.

  2 game(s) on slate:
    Seattle Storm @ Dallas Wings
    Minnesota Lynx @ Phoenix Mercury

  Running WNBA model...

  Found 10 edge(s):
    Dallas Wings                    spread    edge=+50.1%  odds=-102  [DraftKings]
    Dallas Wings                    spread    edge=+48.1%  odds=-110  [Fanatics]
    Dallas Wings                    spread    edge=+47.8%  odds=-110  [Hard Rock Bet]
    Minnesota Lynx                  spread    edge=+27.6%  odds=-108  [FanDuel]
    Minnesota Lynx                  spread    edge=+25.5%  odds=-110  [Fanatics]
    Minnesota Lynx                  spread    edge=+23.7%  odds=-110  [Hard Rock Bet]
    UNDER 169.5                     total     edge=+15.1%  odds=-110  [Bally Bet]
    UNDER 168.5                     total     edge=+14.0%  odds=-105  [theScore Bet]
    Minnesota Lynx                  moneyline  edge=+7.7%  odds=-143  [BetRivers]
    Seattle Storm                   moneyline  edge=+7.3%  odds=+500  [theScore Bet]

  Picks saved → output/picks/basketball_wnba/20260601/picks.json
  Caption [instagram] → output/picks/basketball_wnba/20260601/captions/instagram.txt
  Caption [twitter] → output/picks/basketball_wnba/20260601/captions/twitter.txt
  Caption [reddit] → output/picks/basketball_wnba/20260601/captions/reddit.txt
  [PAUSED] WNBA picks not logged to pnl (shadow tracking only).
  [CLV] Snapshotted 1 WNBA pick(s)

============================================================


  ════════════════════════════════════════════════════════════
  NIGHT PIPELINE — 20260601  (run at 2026-05-31 21:45)
  ════════════════════════════════════════════════════════════

  ▸ [WNBA] Generating picks for 20260601...
  ✓ WNBA picks done

  ▸ [WNBA] Snapshotting opening lines...
  ⚠  Could not fetch odds for wnba: Unsupported sport '801b0a51af0762d5dfc08fb147692d95'. Supported: americanfootball_nfl, baseball_mlb, basketball_nba, basketball_ncaab


  ════════════════════════════════════════════════════════════════
  BET STATUS — June 01, 2026
  ════════════════════════════════════════════════════════════════

  MLB
  ────────────────────────────────────────────────────────────────
    ✅ BET NOW                       OVER 8.0                      +110    edge 1.8%
    ✅ BET NOW                       OVER 8.5                      -110    edge 1.7%

  📌 Place ML/spread at night open. Recheck totals at T-60min after SP + lineup confirmed.

  NBA
  ────────────────────────────────────────────────────────────────
    ⏳ HOLD — wait for inactives     OVER 218.5                    -110    edge 14.7%

  📌 Never bet at open. Always wait for inactives. Load management can swing totals 4-6pts.

  NHL
  ────────────────────────────────────────────────────────────────
    ⏳ HOLD — wait for goalie        Under 5.5                     +100    edge 8.8%

  📌 Moneylines: bet at open. Totals: wait for starting goalie (changes line 0.5–1.0 goals).

  ════════════════════════════════════════════════════════════════

  Night pipeline complete. Check logs/night.log for details.
  Run 'python3 chef.py gates' before game time to check triggers.

/Library/Frameworks/Python.framework/Versions/3.11/lib/python3.11/site-packages/joblib/externals/loky/backend/context.py:136: UserWarning: Could not find the number of physical cores for the following reason:
[Errno 2] No such file or directory: 'sysctl'
Returning the number of logical cores instead. You can silence this warning by setting LOKY_MAX_CPU_COUNT to the number of cores you want to use.
  warnings.warn(
  File "/Library/Frameworks/Python.framework/Versions/3.11/lib/python3.11/site-packages/joblib/externals/loky/backend/context.py", line 270, in _count_physical_cores
    cpu_info = subprocess.run(
               ^^^^^^^^^^^^^^^
  File "/Library/Frameworks/Python.framework/Versions/3.11/lib/python3.11/subprocess.py", line 548, in run
    with Popen(*popenargs, **kwargs) as process:
         ^^^^^^^^^^^^^^^^^^^^^^^^^^^
  File "/Library/Frameworks/Python.framework/Versions/3.11/lib/python3.11/subprocess.py", line 1024, in __init__
    self._execute_child(args, executable, preexec_fn, close_fds,
  File "/Library/Frameworks/Python.framework/Versions/3.11/lib/python3.11/subprocess.py", line 1917, in _execute_child
    raise child_exception_type(errno_num, err_msg, err_filename)

======================================================================
  MARCH MADNESS 2026 — AI BRACKET PREDICTOR
======================================================================


======================================================================
  OVERLAY DAILY — baseball_mlb
======================================================================

Step 1: Fetching MLB schedule and team stats...
  Found 15 games
    Detroit Tigers (Jack Flaherty) @ Tampa Bay Rays (Steven Matz)
    San Diego Padres (Randy Vásquez) @ Philadelphia Phillies (Aaron Nola)
    Baltimore Orioles (Shane Baz) @ Boston Red Sox (Connelly Early)
    Miami Marlins (TBD) @ Washington Nationals (Miles Mikolas)
    Cleveland Guardians (Joey Cantillo) @ New York Yankees (Cam Schlittler)
    Kansas City Royals (Noah Cameron) @ Cincinnati Reds (Andrew Abbott)
    Toronto Blue Jays (Kevin Gausman) @ Atlanta Braves (Bryce Elder)
    Chicago White Sox (Davis Martin) @ Minnesota Twins (Connor Prielipp)
    San Francisco Giants (Trevor McDonald) @ Milwaukee Brewers (Kyle Harrison)
    Texas Rangers (Nathan Eovaldi) @ St. Louis Cardinals (Dustin May)
    Athletics (Gage Jump) @ Chicago Cubs (Jameson Taillon)
    Pittsburgh Pirates (Bubba Chandler) @ Houston Astros (Mike Burrows)
    Colorado Rockies (Tomoyuki Sugano) @ Los Angeles Angels (Grayson Rodriguez)
    Los Angeles Dodgers (Eric Lauer) @ Arizona Diamondbacks (Michael Soroka)
    New York Mets (TBD) @ Seattle Mariners (Logan Gilbert)

Step 2: Running ensemble (4 models + Pythagorean) — v6 features, 91 total...
  Detroit Tigers @ Tampa Bay Rays: Tampa Bay Rays 56.1% [SPLIT]
    Pyth: 65.5%  XGB: 48.4%  Ens: 56.1%
  San Diego Padres @ Philadelphia Phillies: San Diego Padres 58.5% [AGREE]
    Pyth: 39.8%  XGB: 42.9%  Ens: 41.5%
  Baltimore Orioles @ Boston Red Sox: Boston Red Sox 57.9% [AGREE]
    Pyth: 63.7%  XGB: 53.1%  Ens: 57.9%
  Miami Marlins @ Washington Nationals: Miami Marlins 53.3% [AGREE]
    Pyth: 44.7%  XGB: 48.4%  Ens: 46.7%
  Cleveland Guardians @ New York Yankees: New York Yankees 66.0% [AGREE]
    Pyth: 81.8%  XGB: 53.1%  Ens: 66.0%
  Kansas City Royals @ Cincinnati Reds: Cincinnati Reds 60.9% [AGREE]
    Pyth: 70.4%  XGB: 53.1%  Ens: 60.9%
  Toronto Blue Jays @ Atlanta Braves: Atlanta Braves 58.0% [SPLIT]
    Pyth: 69.8%  XGB: 48.4%  Ens: 58.0%
  Chicago White Sox @ Minnesota Twins: Chicago White Sox 62.0% [AGREE]
    Pyth: 32.0%  XGB: 42.9%  Ens: 38.0%
  San Francisco Giants @ Milwaukee Brewers: Milwaukee Brewers 66.9% [SPLIT]
    Pyth: 89.4%  XGB: 48.4%  Ens: 66.9%
  Texas Rangers @ St. Louis Cardinals: Texas Rangers 53.3% [AGREE]
    Pyth: 44.5%  XGB: 48.4%  Ens: 46.7%
  Athletics @ Chicago Cubs: Chicago Cubs 55.1% [AGREE]
    Pyth: 51.4%  XGB: 58.2%  Ens: 55.1%
  Pittsburgh Pirates @ Houston Astros: Houston Astros 51.1% [SPLIT]
    Pyth: 48.7%  XGB: 53.1%  Ens: 51.1%
  Colorado Rockies @ Los Angeles Angels: Colorado Rockies 53.6% [AGREE]
    Pyth: 43.8%  XGB: 42.9%  Ens: 46.4%
  Los Angeles Dodgers @ Arizona Diamondbacks: Arizona Diamondbacks 56.3% [AGREE]
    Pyth: 60.2%  XGB: 53.1%  Ens: 56.3%
  New York Mets @ Seattle Mariners: Seattle Mariners 56.9% [AGREE]
    Pyth: 61.6%  XGB: 53.1%  Ens: 56.9%

Step 3: Fetching LIVE sportsbook odds...
  ✓  Live odds fetched at 21:30:10. API requests remaining: 19560
  ⏱  Filtered 6 game(s) already started — picks only include upcoming games.
  Odds freshness: LIVE (range 0–6 min old)
  Pinnacle fair-prob anchor: 15/18 games on Pinnacle, rest on median devig.
  Dropped 4 ML row(s) with edge > 20% (likely bad odds).

======================================================================
  VALUE BETS (MONEYLINE) — Model Edge vs Vegas
======================================================================

  New York Mets vs Seattle Mariners
    Model: 58.8% | Vegas: 42.4% | Edge: +16.4% *** STRONG ***
    Best odds: +128 at FanDuel

  Detroit Tigers vs Tampa Bay Rays
    Model: 58.8% | Vegas: 43.8% | Edge: +15.1% *** STRONG ***
    Best odds: +120 at Hard Rock Bet (OH)

  Miami Marlins vs Washington Nationals
    Model: 65.0% | Vegas: 50.0% | Edge: +15.0% *** STRONG ***
    Best odds: -108 at FanDuel

  Texas Rangers vs St. Louis Cardinals
    Model: 65.0% | Vegas: 50.7% | Edge: +14.3% *** STRONG ***
    Best odds: -112 at FanDuel

  Baltimore Orioles vs Boston Red Sox
    Model: 58.8% | Vegas: 45.2% | Edge: +13.6% *** STRONG ***
    Best odds: +115 at Caesars

  Toronto Blue Jays vs Atlanta Braves
    Model: 58.8% | Vegas: 46.2% | Edge: +12.6% *** STRONG ***
    Best odds: +110 at Caesars

  Athletics vs Chicago Cubs
    Model: 58.8% | Vegas: 46.9% | Edge: +11.9% *** STRONG ***
    Best odds: +105 at Fanatics

  Pittsburgh Pirates vs Houston Astros
    Model: 60.0% | Vegas: 48.6% | Edge: +11.4% *** STRONG ***
    Best odds: -102 at FanDuel

  Total value bets: 8
  Average edge: +13.8%
======================================================================


  Method B — Sharp consensus (13 edges):
    Colorado Rockies vs Los Angeles Angels: Consensus 58.8% → Edge +18.9%
    New York Mets vs Seattle Mariners: Consensus 58.8% → Edge +16.4%
    Detroit Tigers vs Tampa Bay Rays: Consensus 58.8% → Edge +15.1%
    Miami Marlins vs Washington Nationals: Consensus 65.0% → Edge +15.0%
    Texas Rangers vs St. Louis Cardinals: Consensus 65.0% → Edge +14.3%
    Baltimore Orioles vs Boston Red Sox: Consensus 58.8% → Edge +13.6%
    San Diego Padres vs Philadelphia Phillies: Consensus 58.8% → Edge +13.4%
    Toronto Blue Jays vs Atlanta Braves: Consensus 58.8% → Edge +12.6%
    Chicago White Sox vs Minnesota Twins: Consensus 65.0% → Edge +12.6%
    Los Angeles Dodgers vs Arizona Diamondbacks: Consensus 65.0% → Edge +12.4%
    Athletics vs Chicago Cubs: Consensus 58.8% → Edge +11.9%
    Kansas City Royals vs Cincinnati Reds: Consensus 58.8% → Edge +11.7%
    Pittsburgh Pirates vs Houston Astros: Consensus 60.0% → Edge +11.4%

  LOCK picks (both methods agree): athletics, baltimore orioles, detroit tigers, miami marlins, new york mets, pittsburgh pirates, texas rangers, toronto blue jays

══════════════════════════════════════════════════════════════════════
  TOMORROW'S TOP PLAYS — MLB · June 02, 2026
══════════════════════════════════════════════════════════════════════

  #   MARKET     BET                              ODDS      EDGE    KELLY  BOOK
  ────────────────────────────────────────────────────────────────────────
  1   TOTAL      OVER 9.0 (Marlins@National)      -105    +2.70R        —  FanDuel
  2   RUN LINE   Arizona Diamondbacks +1.5 RL     -155    +2.65R        —  Caesars
  3   RUN LINE   San Diego Padres +1.5 RL         -180    +2.59R        —  Fanatics
  4   MONEYLINE  Colorado Rockies ML              +180    +18.9%     9.0%  BetRivers
  5   MONEYLINE  New York Mets ML                 +128    +16.4%     6.7%  FanDuel
  6   MONEYLINE  Detroit Tigers ML                +120    +15.1%     6.1%  Hard Rock 
  7   MONEYLINE  Miami Marlins ML                 -104    +15.0%     7.2%  1xBet
  8   TOTAL      OVER 8.0 (Sox@Twins)             +105    +1.50R        —  Hard Rock 

  ────────────────────────────────────────────────────────────────────────

  ⚡ BEST BET: OVER 9.0 -105 @ FanDuel
     2.70 run totals edge

  Moneyline: 4  |  Run Line: 2  |  Totals: 2
══════════════════════════════════════════════════════════════════════

  Moneyline card → output/picks/baseball_mlb/20260602/pick_card.png
  ML card (new) → output/picks/baseball_mlb/20260602/mlb_moneyline_card.png
  Totals card (new) → output/picks/baseball_mlb/20260602/mlb_totals_card.png
  Picks caption → output/picks/baseball_mlb/20260602/caption_picks.txt
  Auto-logged 18 pick(s) to data/pnl/picks.json

Saved picks to output/picks/baseball_mlb/20260602/

Step 6: Scanning player props for edges...
  Found 5 prop edge(s):
    Joey Cantillo UNDER 4.5 Ks  edge=15.1%  odds=-105  [FanDuel]
    Kevin Gausman UNDER 5.5 Ks  edge=12.6%  odds=-114  [FanDuel]
    Connelly Early UNDER 5.5 Ks  edge=12.4%  odds=-106  [FanDuel]
    Shane Baz UNDER 5.5 Ks  edge=10.6%  odds=-142  [DraftKings]
    Cam Schlittler UNDER 6.5 Ks  edge=9.6%  odds=-142  [FanDuel]
  Props saved → output/picks/baseball_mlb/20260602/props.json
  Auto-logged 5 prop(s) to pnl for tracking
  Pitcher Ks card → output/picks/baseball_mlb/20260602/mlb_pitcher_ks_card.png
  Props caption → output/picks/baseball_mlb/20260602/caption_props.txt

Step 7: Building NRFI/YRFI plays...
  Found 13 NRFI/YRFI play(s):
    Kansas City Royals @ Cincinnati Reds NRFI  edge=18.9%
    San Diego Padres @ Philadelphia Phillies NRFI  edge=17.0%
    Toronto Blue Jays @ Atlanta Braves NRFI  edge=16.5%
    Baltimore Orioles @ Boston Red Sox NRFI  edge=16.3%
    Cleveland Guardians @ New York Yankees NRFI  edge=15.2%
  NRFI picks logged to pnl (5 picks)
  (11 NRFI play(s) have live odds; 2 missing book line)
  NRFI caption → output/picks/baseball_mlb/20260602/caption_nrfi.txt

Step 8: Building F5 (first 5 innings) totals...
  Found 11 F5 edge(s):
    F5 UNDER 3.5 (Cleveland Guardians @ New York Yankees)  edge=28.2%  odds=+110  [FanDuel]  proj=2.85
    F5 UNDER 4.5 (Kansas City Royals @ Cincinnati Reds)  edge=26.4%  odds=+100  [FanDuel]  proj=3.8
    F5 UNDER 3.5 (San Francisco Giants @ Milwaukee Brewers)  edge=26.1%  odds=+112  [FanDuel]  proj=3.11
    F5 UNDER 4.5 (Baltimore Orioles @ Boston Red Sox)  edge=21.1%  odds=-106  [FanDuel]  proj=4.21
    F5 UNDER 4.5 (Toronto Blue Jays @ Atlanta Braves)  edge=19.6%  odds=-148  [FanDuel]  proj=3.54
  F5 picks logged to pnl (0 added, card_pick=True)
  F5 card → output/picks/baseball_mlb/20260602/f5_card.png
  F5 caption → output/picks/baseball_mlb/20260602/caption_f5.txt
  O/U card (game totals, 5 picks) → output/picks/baseball_mlb/20260602/totals_card.png

Step 10: Generating MLB parlay card...
  ✓  Parlay card → output/picks/baseball_mlb/20260602/parlay_card.png

Step 11: Writing captions (Instagram / Twitter / Reddit)...
  ✓  instagram    → output/picks/baseball_mlb/20260602/captions/instagram.txt
  ✓  twitter      → output/picks/baseball_mlb/20260602/captions/twitter.txt
  ✓  reddit       → output/picks/baseball_mlb/20260602/captions/reddit.txt
  ✓  reddit_potd       → output/picks/baseball_mlb/20260602/captions/reddit_potd.txt
  ✓  reddit_mlb_props  → output/picks/baseball_mlb/20260602/captions/reddit_mlb_props.txt
  ✓  reddit_mlb_picks  → output/picks/baseball_mlb/20260602/captions/reddit_mlb_picks.txt
  ✓  receipts_post.txt → output/picks/baseball_mlb/20260602/receipts_post.txt
  ✓  calibration_card.png → output/picks/baseball_mlb/20260602/calibration_card.png
  ✓  show_your_work.md → output/picks/baseball_mlb/20260602/talking_head/show_your_work.md

  ════════════════════════════════════════════════════════════
  NIGHT PIPELINE — 20260602  (run at 2026-06-01 21:30)
  ════════════════════════════════════════════════════════════

  ▸ [MLB] Generating picks for 20260602...
  ✓ MLB picks done

  ▸ [MLB] Snapshotting opening lines...
  ⚠  Could not fetch odds for mlb: Unsupported sport '801b0a51af0762d5dfc08fb147692d95'. Supported: americanfootball_nfl, baseball_mlb, basketball_nba, basketball_ncaab


  ════════════════════════════════════════════════════════════════
  BET STATUS — June 02, 2026
  ════════════════════════════════════════════════════════════════

  MLB
  ────────────────────────────────────────────────────────────────
    ✅ BET NOW                       OVER 9.0                      -105    edge 2.7%
    ✅ BET NOW                       OVER 7.5                      +100    edge 1.5%
    ✅ BET NOW                       OVER 8.0                      +105    edge 1.5%
    ✅ BET NOW                       UNDER 7.5                     -110    edge 1.2%
    ✅ BET NOW                       UNDER 8.5                     -105    edge 1.3%

  📌 Place ML/spread at night open. Recheck totals at T-60min after SP + lineup confirmed.

  NHL
  ────────────────────────────────────────────────────────────────
    ⏳ HOLD — wait for goalie        Under 5.5                     +100    edge 8.9%

  📌 Moneylines: bet at open. Totals: wait for starting goalie (changes line 0.5–1.0 goals).

  ════════════════════════════════════════════════════════════════

  Night pipeline complete. Check logs/night.log for details.
  Run 'python3 chef.py gates' before game time to check triggers.


  ChefTonyBets — NBA Picks Pipeline
  Date: 20260602
  Fetching NBA team ratings...
  ✓  Injury data loaded (0 reported injuries)
  ✓  Team ratings loaded: 30 teams
  ✓  Player stats loaded: 582 players
  Fetching NBA odds...
  ✓  Live NBA odds fetched. API requests remaining: 19452
  ℹ  No NBA games on the 20260602 slate (off-day) — skipping. No card pick.

  ════════════════════════════════════════════════════════════
  NIGHT PIPELINE — 20260602  (run at 2026-06-01 21:35)
  ════════════════════════════════════════════════════════════

  ▸ [NBA] Generating picks for 20260602...
  ✓ NBA picks done

  ▸ [NBA] Snapshotting opening lines...
  ⚠  Could not fetch odds for nba: Unsupported sport '801b0a51af0762d5dfc08fb147692d95'. Supported: americanfootball_nfl, baseball_mlb, basketball_nba, basketball_ncaab


  ════════════════════════════════════════════════════════════════
  BET STATUS — June 02, 2026
  ════════════════════════════════════════════════════════════════

  MLB
  ────────────────────────────────────────────────────────────────
    ✅ BET NOW                       OVER 9.0                      -105    edge 2.7%
    ✅ BET NOW                       OVER 7.5                      +100    edge 1.5%
    ✅ BET NOW                       OVER 8.0                      +105    edge 1.5%
    ✅ BET NOW                       UNDER 7.5                     -110    edge 1.2%
    ✅ BET NOW                       UNDER 8.5                     -105    edge 1.3%

  📌 Place ML/spread at night open. Recheck totals at T-60min after SP + lineup confirmed.

  NHL
  ────────────────────────────────────────────────────────────────
    ⏳ HOLD — wait for goalie        Under 5.5                     +100    edge 8.9%

  📌 Moneylines: bet at open. Totals: wait for starting goalie (changes line 0.5–1.0 goals).

  ════════════════════════════════════════════════════════════════

  Night pipeline complete. Check logs/night.log for details.
  Run 'python3 chef.py gates' before game time to check triggers.


  [NHL] Generating picks for 2026-06-02
  ✓  1 NHL game(s) on the slate today
  ✓  Live NHL odds fetched. API requests remaining: 19449
  ✓  1 game(s) with odds on the slate

  ════════════════════════════════════════════════════════════════════════
  NHL PICKS — TUESDAY JUNE 02, 2026
  ────────────────────────────────────────────────────────────────────────
  MATCHUP / BET                         ODDS   EDGE   PROJ  MARKET
  ────────────────────────────────────────────────────────────────────────
  Under 5.5                       +100  +8.9%    5.1  TOT 5.5
    ↳ Vegas Golden Knights @ Carolina Hurr
    ↳ Projected total: 5.1 | Home win: 60.4% | Home -1.5: 30.8%

  ────────────────────────────────────────────────────────────────────────
  1 edge(s) found  |  NHL Playoffs  |  min edge: 8%
  ════════════════════════════════════════════════════════════════════════

  ✓  Saved 1 picks + 1 projections → output/picks/icehockey_nhl/20260602/picks.json
  ✓  Auto-logged 1 pick(s) to data/pnl/picks.json

  ════════════════════════════════════════════════════════════════════════
  NHL SLATE — JUNE 02
  ────────────────────────────────────────────────────────────────────────
  MATCHUP                                 PROJ    HW%  TIME
  ────────────────────────────────────────────────────────────────────────
  Vegas Golden Knights @ Carolina Hurric   6.1   60%  08:20 PM ET
  ════════════════════════════════════════════════════════════════════════

  [stats] updated — 118W-78L (60.2% WR)  +35.16u  ROI +18.1%  | NRFI 0-0 (0.0%)

  ════════════════════════════════════════════════════════════
  NIGHT PIPELINE — 20260602  (run at 2026-06-01 21:40)
  ════════════════════════════════════════════════════════════

  ▸ [NHL] Generating picks for 20260602...
  ✓ NHL picks done

  ▸ [NHL] Snapshotting opening lines...
  ⚠  Could not fetch odds for nhl: Unsupported sport '801b0a51af0762d5dfc08fb147692d95'. Supported: americanfootball_nfl, baseball_mlb, basketball_nba, basketball_ncaab


  ════════════════════════════════════════════════════════════════
  BET STATUS — June 02, 2026
  ════════════════════════════════════════════════════════════════

  MLB
  ────────────────────────────────────────────────────────────────
    ✅ BET NOW                       OVER 9.0                      -105    edge 2.7%
    ✅ BET NOW                       OVER 7.5                      +100    edge 1.5%
    ✅ BET NOW                       OVER 8.0                      +105    edge 1.5%
    ✅ BET NOW                       UNDER 7.5                     -110    edge 1.2%
    ✅ BET NOW                       UNDER 8.5                     -105    edge 1.3%

  📌 Place ML/spread at night open. Recheck totals at T-60min after SP + lineup confirmed.

  NHL
  ────────────────────────────────────────────────────────────────
    ⏳ HOLD — wait for goalie        Under 5.5                     +100    edge 8.9%

  📌 Moneylines: bet at open. Totals: wait for starting goalie (changes line 0.5–1.0 goals).

  ════════════════════════════════════════════════════════════════

  Night pipeline complete. Check logs/night.log for details.
  Run 'python3 chef.py gates' before game time to check triggers.


============================================================
  WNBA Picks — June 02, 2026
============================================================
  [wnba] Fetched 6 events from The Odds API.

  4 game(s) on slate:
    Connecticut Sun @ Atlanta Dream
    Chicago Sky @ Washington Mystics
    Portland Fire @ Golden State Valkyries
    Las Vegas Aces @ Los Angeles Sparks

  Running WNBA model...
  [wnba_stats] team ratings: HTTPSConnectionPool(host='stats.nba.com', port=443): Read timed out. (read timeout=30)

  Found 8 edge(s):
    Atlanta Dream                   spread    edge=+49.8%  odds=-110  [FanDuel]
    Golden State Valkyries          spread    edge=+46.5%  odds=-107  [Bally Bet]
    Golden State Valkyries          spread    edge=+44.6%  odds=-110  [DraftKings]
    Las Vegas Aces                  spread    edge=+34.4%  odds=-110  [BetMGM]
    Los Angeles Sparks              moneyline  edge=+16.3%  odds=+260  [DraftKings]
    Washington Mystics              spread    edge=+15.4%  odds=-105  [theScore Bet]
    UNDER 176.5                     total     edge=+14.4%  odds=-110  [DraftKings]
    Washington Mystics              moneyline  edge=+6.5%  odds=-118  [FanDuel]

  Picks saved → output/picks/basketball_wnba/20260602/picks.json
  Caption [instagram] → output/picks/basketball_wnba/20260602/captions/instagram.txt
  Caption [twitter] → output/picks/basketball_wnba/20260602/captions/twitter.txt
  Caption [reddit] → output/picks/basketball_wnba/20260602/captions/reddit.txt
  [PAUSED] WNBA picks not logged to pnl (shadow tracking only).
  [CLV snapshot] 'list' object has no attribute 'get'

============================================================


  ════════════════════════════════════════════════════════════
  NIGHT PIPELINE — 20260602  (run at 2026-06-01 21:45)
  ════════════════════════════════════════════════════════════

  ▸ [WNBA] Generating picks for 20260602...
  ✓ WNBA picks done

  ▸ [WNBA] Snapshotting opening lines...
  ⚠  Could not fetch odds for wnba: Unsupported sport '801b0a51af0762d5dfc08fb147692d95'. Supported: americanfootball_nfl, baseball_mlb, basketball_nba, basketball_ncaab


  ════════════════════════════════════════════════════════════════
  BET STATUS — June 02, 2026
  ════════════════════════════════════════════════════════════════

  MLB
  ────────────────────────────────────────────────────────────────
    ✅ BET NOW                       OVER 9.0                      -105    edge 2.7%
    ✅ BET NOW                       OVER 7.5                      +100    edge 1.5%
    ✅ BET NOW                       OVER 8.0                      +105    edge 1.5%
    ✅ BET NOW                       UNDER 7.5                     -110    edge 1.2%
    ✅ BET NOW                       UNDER 8.5                     -105    edge 1.3%

  📌 Place ML/spread at night open. Recheck totals at T-60min after SP + lineup confirmed.

  NHL
  ────────────────────────────────────────────────────────────────
    ⏳ HOLD — wait for goalie        Under 5.5                     +100    edge 8.9%

  📌 Moneylines: bet at open. Totals: wait for starting goalie (changes line 0.5–1.0 goals).

  ════════════════════════════════════════════════════════════════

  Night pipeline complete. Check logs/night.log for details.
  Run 'python3 chef.py gates' before game time to check triggers.


  [NHL] Generating picks for 2026-06-03
  ℹ  No NHL games found for today (off-day or API unavailable)
  ✓  Live NHL odds fetched. API requests remaining: 19237
  ℹ  No NHL games on the 2026-06-03 slate (off-day) — skipping. No card pick.

  ════════════════════════════════════════════════════════════
  NIGHT PIPELINE — 20260603  (run at 2026-06-02 21:43)
  ════════════════════════════════════════════════════════════

  ▸ [NHL] Generating picks for 20260603...
  ✓ NHL picks done

  ▸ [NHL] Snapshotting opening lines...
  ⚠  Could not fetch odds for nhl: Unsupported sport '801b0a51af0762d5dfc08fb147692d95'. Supported: americanfootball_nfl, baseball_mlb, basketball_nba, basketball_ncaab

  ℹ  No card picks found for 20260603 yet (run after picks generate)
  Night pipeline complete. Check logs/night.log for details.
  Run 'python3 chef.py gates' before game time to check triggers.


  ChefTonyBets — NBA Picks Pipeline
  Date: 20260603
  Fetching NBA team ratings...
  ✓  Injury data loaded (0 reported injuries)
  ✓  Team ratings loaded: 30 teams
  ✓  Player stats loaded: 582 players
  Fetching NBA odds...
  ✓  Live NBA odds fetched. API requests remaining: 19240
  Found 1 upcoming games
    New York Knicks @ San Antonio Spurs  08:30 PM ET

  Running NBA model...
  [nba_stats] rolling L10 ratings: HTTPSConnectionPool(host='stats.nba.com', port=443): Read timed out. (read timeout=30)
  [nba_stats] rolling L20 ratings: HTTPSConnectionPool(host='stats.nba.com', port=443): Read timed out. (read timeout=30)
  ✓  2 game edges found

  Game projections:
    New York Knicks @ San Antonio Spurs  08:30 PM ET
      Proj: 109.2 - 112.1  | Total: 226.3  | Away ML: 26%  | Home ML: 74%

  Fetching NBA player props...
  [nba_props] HTTPSConnectionPool(host='api.the-odds-api.com', port=443): Read timed out. (read timeout=20)
  ✓  0 prop edges found
  ✓  0 unique-player props after dedup + confidence filter (0.53 ≤ p ≤ 0.78)

  Context: NBA PLAYOFFS

  Saved → output/picks/basketball_nba/20260603/picks.json
  Saved → output/picks/basketball_nba/20260603/props.json
  ✓  2 NBA pick(s) logged to pnl

                        NBA PICKS — ChefTonyBets                        
                             June 02, 2026                              
────────────────────────────────────────────────────────────────────────

  GAME PICKS (Model vs Market)
  GAME                             BET                      EDGE    ODDS  BOOK
  ────────────────────────────────────────────────────────────────────
  New York Knicks @ San Antonio S  OVER 218.5             +15.4%    -105  theScore Bet  [proj total 226]
  New York Knicks @ San Antonio S  San Antonio Spurs       +4.8%    -185  DraftKings

  No prop edges found — NBA stats cache may be loading.

────────────────────────────────────────────────────────────────────────

  Generating NBA totals card (new design)...
  ✓  NBA totals card → output/picks/basketball_nba/20260603/nba_totals_card.png

  Generating captions...

====================================================================
  NBA PLAYOFFS CAPTIONS — JUNE 03, 2026
====================================================================

── GAME PICKS ─────────────────────────────────────────────────────

Dropped the NBA picks. AI found edge on tonight's games 📊

Jun 3 NBA PLAYOFFS Picks 🔥
━━━━━━━━━━━━━━━
🔒 OVER 218.5 (NEW vs SAN) -105 — +15.4% edge [theScore Bet]
📌 San Antonio Spurs ML -185 — +4.8% edge [DraftKings]
━━━━━━━━━━━━━━━

Picks generated by our efficiency-rating model (ORtg/DRtg/Pace). We track every result publicly — link in bio.

Not financial advice. Bet responsibly. 21+

#NBA #NBAPlayoffs #sportsbetting #NBApicks #basketballpicks #NBAtoday #NBAbasketball #basketballbetting #NBAPlayoffs2026 #playoffs #NBAplayoff

====================================================================


  NBA parlay card skipped — moneyline model incubating.

  Writing captions (Instagram / Twitter / Reddit)...
  ✓  instagram    → output/picks/basketball_nba/20260603/captions/instagram.txt
  ✓  twitter      → output/picks/basketball_nba/20260603/captions/twitter.txt
  ✓  reddit       → output/picks/basketball_nba/20260603/captions/reddit.txt
  ✓  reddit_potd       → output/picks/basketball_nba/20260603/captions/reddit_potd.txt
  ✓  reddit_nba_picks  → output/picks/basketball_nba/20260603/captions/reddit_nba_picks.txt
  ✓  receipts_post.txt → output/picks/basketball_nba/20260603/receipts_post.txt
  ✓  calibration_card.png → output/picks/basketball_nba/20260603/calibration_card.png
  ✓  show_your_work.md → output/picks/basketball_nba/20260603/talking_head/show_your_work.md
  [CLV] Snapshotted opening lines for 2 NBA pick(s)

  ════════════════════════════════════════════════════════════
  NIGHT PIPELINE — 20260603  (run at 2026-06-02 21:38)
  ════════════════════════════════════════════════════════════

  ▸ [NBA] Generating picks for 20260603...
  ✓ NBA picks done

  ▸ [NBA] Snapshotting opening lines...
  ⚠  Could not fetch odds for nba: Unsupported sport '801b0a51af0762d5dfc08fb147692d95'. Supported: americanfootball_nfl, baseball_mlb, basketball_nba, basketball_ncaab


  ════════════════════════════════════════════════════════════════
  BET STATUS — June 03, 2026
  ════════════════════════════════════════════════════════════════

  NBA
  ────────────────────────────────────────────────────────────────
    ⏳ HOLD — wait for inactives     OVER 218.5                    -105    edge 15.4%

  📌 Never bet at open. Always wait for inactives. Load management can swing totals 4-6pts.

  ════════════════════════════════════════════════════════════════

  Night pipeline complete. Check logs/night.log for details.
  Run 'python3 chef.py gates' before game time to check triggers.


  [NHL] Generating picks for 2026-06-04
  ✓  1 NHL game(s) on the slate today
  ✓  Live NHL odds fetched. API requests remaining: 18928
  ✓  1 game(s) with odds on the slate

  ════════════════════════════════════════════════════════════════════════
  NHL PICKS — THURSDAY JUNE 04, 2026
  ────────────────────────────────────────────────────────────────────────
  MATCHUP / BET                         ODDS   EDGE   PROJ  MARKET
  ────────────────────────────────────────────────────────────────────────
  Under 6.0                       -118  +11.0%    5.2  TOT 6.0
    ↳ Vegas Golden Knights @ Carolina Hurr
    ↳ Projected total: 5.2 | Home win: 55.8% | Home -1.5: 30.0%

  Vegas Golden Knights +1.5       -185  +6.1%    5.2  PL 1.5
    ↳ Vegas Golden Knights @ Carolina Hurr
    ↳ Projected total: 5.2 | Home win: 55.8% | Home -1.5: 30.0%

  ────────────────────────────────────────────────────────────────────────
  2 edge(s) found  |  NHL Playoffs  |  min edge: 8%
  ════════════════════════════════════════════════════════════════════════

  ✓  Saved 2 picks + 1 projections → output/picks/icehockey_nhl/20260604/picks.json
  ✓  Auto-logged 2 pick(s) to data/pnl/picks.json

  ════════════════════════════════════════════════════════════════════════
  NHL SLATE — JUNE 04
  ────────────────────────────────────────────────────────────────────────
  MATCHUP                                 PROJ    HW%  TIME
  ────────────────────────────────────────────────────────────────────────
  Vegas Golden Knights @ Carolina Hurric   6.2   56%  08:15 PM ET
  ════════════════════════════════════════════════════════════════════════

  [stats] updated — 125W-81L (60.7% WR)  +39.83u  ROI +19.6%  | NRFI 0-0 (0.0%)

  ════════════════════════════════════════════════════════════
  NIGHT PIPELINE — 20260604  (run at 2026-06-03 21:40)
  ════════════════════════════════════════════════════════════

  ▸ [NHL] Generating picks for 20260604...
  ✓ NHL picks done

  ▸ [NHL] Snapshotting opening lines...
  ⚠  Could not fetch odds for nhl: Unsupported sport '801b0a51af0762d5dfc08fb147692d95'. Supported: americanfootball_nfl, baseball_mlb, basketball_nba, basketball_ncaab


  ════════════════════════════════════════════════════════════════
  BET STATUS — June 04, 2026
  ════════════════════════════════════════════════════════════════

  NHL
  ────────────────────────────────────────────────────────────────
    ⏳ HOLD — wait for goalie        Under 6.0                     -118    edge 11.0%

  📌 Moneylines: bet at open. Totals: wait for starting goalie (changes line 0.5–1.0 goals).

  ════════════════════════════════════════════════════════════════

  Night pipeline complete. Check logs/night.log for details.
  Run 'python3 chef.py gates' before game time to check triggers.

/Library/Frameworks/Python.framework/Versions/3.11/lib/python3.11/site-packages/joblib/externals/loky/backend/context.py:136: UserWarning: Could not find the number of physical cores for the following reason:
[Errno 2] No such file or directory: 'sysctl'
Returning the number of logical cores instead. You can silence this warning by setting LOKY_MAX_CPU_COUNT to the number of cores you want to use.
  warnings.warn(
  File "/Library/Frameworks/Python.framework/Versions/3.11/lib/python3.11/site-packages/joblib/externals/loky/backend/context.py", line 270, in _count_physical_cores
    cpu_info = subprocess.run(
               ^^^^^^^^^^^^^^^
  File "/Library/Frameworks/Python.framework/Versions/3.11/lib/python3.11/subprocess.py", line 548, in run
    with Popen(*popenargs, **kwargs) as process:
         ^^^^^^^^^^^^^^^^^^^^^^^^^^^
  File "/Library/Frameworks/Python.framework/Versions/3.11/lib/python3.11/subprocess.py", line 1024, in __init__
    self._execute_child(args, executable, preexec_fn, close_fds,
  File "/Library/Frameworks/Python.framework/Versions/3.11/lib/python3.11/subprocess.py", line 1917, in _execute_child
    raise child_exception_type(errno_num, err_msg, err_filename)

======================================================================
  MARCH MADNESS 2026 — AI BRACKET PREDICTOR
======================================================================


======================================================================
  OVERLAY DAILY — baseball_mlb
======================================================================

Step 1: Fetching MLB schedule and team stats...
  Found 15 games
    Pittsburgh Pirates (Bubba Chandler) @ Atlanta Braves (Bryce Elder)
    Chicago White Sox (Tyler Gilbert) @ Philadelphia Phillies (Aaron Nola)
    Boston Red Sox (Ranger Suarez) @ New York Yankees (Cam Schlittler)
    Baltimore Orioles (Shane Baz) @ Toronto Blue Jays (Kevin Gausman)
    Seattle Mariners (Luis Castillo) @ Detroit Tigers (Jack Flaherty)
    Tampa Bay Rays (Griffin Jax) @ Miami Marlins (Sandy Alcantara)
    Athletics (Gage Jump) @ Houston Astros (Mike Burrows)
    Kansas City Royals (Noah Cameron) @ Minnesota Twins (Connor Prielipp)
    Cincinnati Reds (Rhett Lowder) @ St. Louis Cardinals (Michael McGreevy)
    Cleveland Guardians (Joey Cantillo) @ Texas Rangers (Jacob deGrom)
    Milwaukee Brewers (Shane Drohan) @ Colorado Rockies (Kyle Freeland)
    Washington Nationals (Cade Cavalli) @ Arizona Diamondbacks (Michael Soroka)
    Los Angeles Angels (José Soriano) @ Los Angeles Dodgers (Emmet Sheehan)
    New York Mets (TBD) @ San Diego Padres (Randy Vásquez)
    San Francisco Giants (Trevor McDonald) @ Chicago Cubs (Jameson Taillon)

Step 2: Running ensemble (4 models + Pythagorean) — v6 features, 91 total...
  Pittsburgh Pirates @ Atlanta Braves: Atlanta Braves 59.5% [SPLIT]
    Pyth: 73.1%  XGB: 48.4%  Ens: 59.5%
  Chicago White Sox @ Philadelphia Phillies: Chicago White Sox 56.7% [AGREE]
    Pyth: 37.1%  XGB: 48.4%  Ens: 43.3%
  Boston Red Sox @ New York Yankees: New York Yankees 63.4% [AGREE]
    Pyth: 75.9%  XGB: 53.1%  Ens: 63.4%
  Baltimore Orioles @ Toronto Blue Jays: Toronto Blue Jays 50.4% [SPLIT]
    Pyth: 52.8%  XGB: 48.4%  Ens: 50.4%
  Seattle Mariners @ Detroit Tigers: Detroit Tigers 53.3% [AGREE]
    Pyth: 53.6%  XGB: 53.1%  Ens: 53.3%
  Tampa Bay Rays @ Miami Marlins: Tampa Bay Rays 52.1% [AGREE]
    Pyth: 47.2%  XGB: 48.4%  Ens: 47.9%
  Athletics @ Houston Astros: Athletics 50.8% [SPLIT]
    Pyth: 50.2%  XGB: 48.4%  Ens: 49.2%
  Kansas City Royals @ Minnesota Twins: Kansas City Royals 52.6% [AGREE]
    Pyth: 46.2%  XGB: 48.4%  Ens: 47.4%
  Cincinnati Reds @ St. Louis Cardinals: St. Louis Cardinals 63.4% [AGREE]
    Pyth: 72.3%  XGB: 56.1%  Ens: 63.4%
  Cleveland Guardians @ Texas Rangers: Texas Rangers 52.6% [SPLIT]
    Pyth: 57.8%  XGB: 48.4%  Ens: 52.6%
  Milwaukee Brewers @ Colorado Rockies: Milwaukee Brewers 69.4% [AGREE]
    Pyth: 15.6%  XGB: 42.9%  Ens: 30.6%
  Washington Nationals @ Arizona Diamondbacks: Washington Nationals 50.8% [SPLIT]
    Pyth: 50.2%  XGB: 48.4%  Ens: 49.2%
  Los Angeles Angels @ Los Angeles Dodgers: Los Angeles Dodgers 58.8% [SPLIT]
    Pyth: 71.4%  XGB: 48.4%  Ens: 58.8%
  New York Mets @ San Diego Padres: San Diego Padres 51.7% [SPLIT]
    Pyth: 55.6%  XGB: 48.4%  Ens: 51.7%
  San Francisco Giants @ Chicago Cubs: Chicago Cubs 52.0% [SPLIT]
    Pyth: 56.4%  XGB: 48.4%  Ens: 52.0%

Step 3: Fetching LIVE sportsbook odds...
  ✓  Live odds fetched at 21:31:21. API requests remaining: 17825
  ⏱  Filtered 2 game(s) already started — picks only include upcoming games.
  Odds freshness: LIVE (range 0–5 min old)
  Pinnacle fair-prob anchor: 16/17 games on Pinnacle, rest on median devig.
  Dropped 2 ML row(s) with edge > 20% (likely bad odds).

======================================================================
  VALUE BETS (MONEYLINE) — Model Edge vs Vegas
======================================================================

  Washington Nationals vs Arizona Diamondbacks
    Model: 59.0% | Vegas: 44.7% | Edge: +14.3% *** STRONG ***
    Best odds: +115 at theScore Bet

  Los Angeles Angels vs Los Angeles Dodgers
    Model: 52.7% | Vegas: 35.8% | Edge: +13.9% *** STRONG ***
    Best odds: +170 at betPARX

  Baltimore Orioles vs Toronto Blue Jays
    Model: 58.2% | Vegas: 44.9% | Edge: +13.3% *** STRONG ***
    Best odds: +115 at Fanatics

  Kansas City Royals vs Minnesota Twins
    Model: 60.1% | Vegas: 50.0% | Edge: +10.1% *** STRONG ***
    Best odds: -110 at Fanatics

  San Francisco Giants vs Chicago Cubs
    Model: 57.2% | Vegas: 47.6% | Edge: +9.6% ** GOOD **
    Best odds: +105 at Fanatics

  Milwaukee Brewers vs Colorado Rockies
    Model: 70.8% | Vegas: 61.6% | Edge: +9.2% ** GOOD **
    Best odds: -168 at FanDuel

  Athletics vs Houston Astros
    Model: 59.0% | Vegas: 50.2% | Edge: +8.8% ** GOOD **
    Best odds: -110 at Fanatics

  New York Mets vs San Diego Padres
    Model: 57.4% | Vegas: 49.4% | Edge: +8.1% ** GOOD **
    Best odds: -103 at Tipico

  Tampa Bay Rays vs Miami Marlins
    Model: 59.9% | Vegas: 51.9% | Edge: +8.0% ** GOOD **
    Best odds: -112 at FanDuel

  Total value bets: 9
  Average edge: +10.6%
======================================================================


  Method B — Sharp consensus (6 edges):
    Los Angeles Angels vs Los Angeles Dodgers: Consensus 49.0% → Edge +18.1%
    Boston Red Sox vs New York Yankees: Consensus 51.6% → Edge +12.6%
    San Francisco Giants vs Chicago Cubs: Consensus 57.3% → Edge +9.7%
    Kansas City Royals vs Minnesota Twins: Consensus 58.7% → Edge +8.7%
    Athletics vs Houston Astros: Consensus 58.7% → Edge +8.5%
    New York Mets vs San Diego Padres: Consensus 57.9% → Edge +8.5%

  LOCK picks (both methods agree): athletics, kansas city royals, los angeles angels, new york mets, san francisco giants

══════════════════════════════════════════════════════════════════════
  TOMORROW'S TOP PLAYS — MLB · June 07, 2026
══════════════════════════════════════════════════════════════════════

  #   MARKET     BET                              ODDS      EDGE    KELLY  BOOK
  ────────────────────────────────────────────────────────────────────────
  1   RUN LINE   Detroit Tigers +1.5 RL           -163    +2.65R        —  DraftKings
  2   RUN LINE   San Diego Padres +1.5 RL         -162    +2.65R        —  FanDuel
  3   RUN LINE   Chicago White Sox +1.5 RL        -143    +2.59R        —  DraftKings
  4   TOTAL      UNDER 8.5 (Sox@Yankees)          +100    +2.00R        —  FanDuel
  5   MONEYLINE  Los Angeles Angels ML            +310    +18.1%     8.2%  Betfair
  6   MONEYLINE  Washington Nationals ML          +115    +14.3%     5.8%  theScore B
  7   MONEYLINE  Baltimore Orioles ML             +115    +13.3%     5.5%  Fanatics
  8   MONEYLINE  Boston Red Sox ML                +150    +12.6%     4.8%  Pinnacle

  ────────────────────────────────────────────────────────────────────────

  ⚡ BEST BET: Detroit Tigers +1.5 -163 @ DraftKings
     2.65 run RL edge

  Moneyline: 4  |  Run Line: 3  |  Totals: 1
══════════════════════════════════════════════════════════════════════

  [CLV] Snapshotted opening lines for 16 pick(s) [2026-06-07]
  Moneyline card → output/picks/baseball_mlb/20260607/pick_card.png
  ML card (new) → output/picks/baseball_mlb/20260607/mlb_moneyline_card.png
  Totals card (new) → output/picks/baseball_mlb/20260607/mlb_totals_card.png
  Picks caption → output/picks/baseball_mlb/20260607/caption_picks.txt
  Auto-logged 13 pick(s) to data/pnl/picks.json

Saved picks to output/picks/baseball_mlb/20260607/

Step 6: Scanning player props for edges...
  Found 7 prop edge(s):
    Emmet Sheehan UNDER 6.5 Ks  edge=16.9%  odds=-142  [FanDuel]
    Luis Castillo OVER 4.5 Ks  edge=14.8%  odds=+100  [FanDuel]
    Joey Cantillo UNDER 5.5 Ks  edge=13.8%  odds=-150  [FanDuel]
    Michael McGreevy UNDER 4.5 Ks  edge=12.0%  odds=-164  [DraftKings]
    Bryce Elder UNDER 4.5 Ks  edge=10.7%  odds=-112  [DraftKings]
    Bubba Chandler OVER 4.5 Ks  edge=10.1%  odds=-109  [DraftKings]
    Connor Prielipp OVER 4.5 Ks  edge=10.1%  odds=-136  [DraftKings]
  Props saved → output/picks/baseball_mlb/20260607/props.json
  Auto-logged 7 prop(s) to pnl for tracking
  Pitcher Ks card → output/picks/baseball_mlb/20260607/mlb_pitcher_ks_card.png
  Props caption → output/picks/baseball_mlb/20260607/caption_props.txt

Step 7: Building NRFI/YRFI plays...
  Found 14 NRFI/YRFI play(s):
    Kansas City Royals @ Minnesota Twins NRFI  edge=17.1%
    Pittsburgh Pirates @ Atlanta Braves NRFI  edge=16.7%
    Athletics @ Houston Astros NRFI  edge=16.7%
    Washington Nationals @ Arizona Diamondbacks NRFI  edge=14.6%
    Los Angeles Angels @ Los Angeles Dodgers NRFI  edge=14.3%
  NRFI picks logged to pnl (5 picks)
  (12 NRFI play(s) have live odds; 2 missing book line)
  NRFI caption → output/picks/baseball_mlb/20260607/caption_nrfi.txt

Step 8: Building F5 (first 5 innings) totals...
  Found 12 F5 edge(s):
    F5 OVER 4.5 (Chicago White Sox @ Philadelphia Phillies)  edge=40.3%  odds=-146  [FanDuel]  proj=14.69
    F5 UNDER 4.5 (Kansas City Royals @ Minnesota Twins)  edge=17.9%  odds=+102  [FanDuel]  proj=4.97
    F5 UNDER 4.5 (Cincinnati Reds @ St. Louis Cardinals)  edge=17.6%  odds=+108  [FanDuel]  proj=5.8
    F5 UNDER 3.5 (Cleveland Guardians @ Texas Rangers)  edge=17.3%  odds=+106  [FanDuel]  proj=4.51
    F5 UNDER 4.5 (Pittsburgh Pirates @ Atlanta Braves)  edge=17.1%  odds=-102  [FanDuel]  proj=4.82
  F5 picks logged to pnl (12 added, card_pick=True)
  F5 card → output/picks/baseball_mlb/20260607/f5_card.png
  F5 caption → output/picks/baseball_mlb/20260607/caption_f5.txt
  O/U card (game totals, 3 picks) → output/picks/baseball_mlb/20260607/totals_card.png

Step 10: Generating MLB parlay card...
  ✓  Parlay card → output/picks/baseball_mlb/20260607/parlay_card.png

Step 11: Writing captions (Instagram / Twitter / Reddit)...
  ✓  instagram    → output/picks/baseball_mlb/20260607/captions/instagram.txt
  ✓  twitter      → output/picks/baseball_mlb/20260607/captions/twitter.txt
  ✓  reddit       → output/picks/baseball_mlb/20260607/captions/reddit.txt
  ✓  reddit_potd       → output/picks/baseball_mlb/20260607/captions/reddit_potd.txt
  ✓  reddit_mlb_props  → output/picks/baseball_mlb/20260607/captions/reddit_mlb_props.txt
  ✓  reddit_mlb_picks  → output/picks/baseball_mlb/20260607/captions/reddit_mlb_picks.txt
  ✓  receipts_post.txt → output/picks/baseball_mlb/20260607/receipts_post.txt
  ✓  calibration_card.png → output/picks/baseball_mlb/20260607/calibration_card.png
  ✓  show_your_work.md → output/picks/baseball_mlb/20260607/talking_head/show_your_work.md

  ════════════════════════════════════════════════════════════
  NIGHT PIPELINE — 20260607  (run at 2026-06-06 21:30)
  ════════════════════════════════════════════════════════════

  ▸ [MLB] Generating picks for 20260607...
  ✓ MLB picks done

  ▸ [MLB] Snapshotting opening lines...
  ⚠  Could not fetch odds for mlb: Unsupported sport '801b0a51af0762d5dfc08fb147692d95'. Supported: americanfootball_nfl, baseball_mlb, basketball_nba, basketball_ncaab


  ════════════════════════════════════════════════════════════════
  BET STATUS — June 07, 2026
  ════════════════════════════════════════════════════════════════

  MLB
  ────────────────────────────────────────────────────────────────
    ✅ BET NOW                       UNDER 8.5                     +100    edge 2.0%
    ✅ BET NOW                       UNDER 9.0                     +115    edge 1.2%
    ✅ BET NOW                       OVER 8.0                      +110    edge 1.1%

  📌 Place ML/spread at night open. Recheck totals at T-60min after SP + lineup confirmed.

  ════════════════════════════════════════════════════════════════

  Night pipeline complete. Check logs/night.log for details.
  Run 'python3 chef.py gates' before game time to check triggers.


  ChefTonyBets — NBA Picks Pipeline
  Date: 20260607
  Fetching NBA team ratings...
  ✓  Injury data loaded (0 reported injuries)
  ✓  Team ratings loaded: 30 teams
  ✓  Player stats loaded: 582 players
  Fetching NBA odds...
  ✓  Live NBA odds fetched. API requests remaining: 17758
  ℹ  No NBA games on the 20260607 slate (off-day) — skipping. No card pick.

  ════════════════════════════════════════════════════════════
  NIGHT PIPELINE — 20260607  (run at 2026-06-06 21:35)
  ════════════════════════════════════════════════════════════

  ▸ [NBA] Generating picks for 20260607...
  ✓ NBA picks done

  ▸ [NBA] Snapshotting opening lines...
  ⚠  Could not fetch odds for nba: Unsupported sport '801b0a51af0762d5dfc08fb147692d95'. Supported: americanfootball_nfl, baseball_mlb, basketball_nba, basketball_ncaab


  ════════════════════════════════════════════════════════════════
  BET STATUS — June 07, 2026
  ════════════════════════════════════════════════════════════════

  MLB
  ────────────────────────────────────────────────────────────────
    ✅ BET NOW                       UNDER 8.5                     +100    edge 2.0%
    ✅ BET NOW                       UNDER 9.0                     +115    edge 1.2%
    ✅ BET NOW                       OVER 8.0                      +110    edge 1.1%

  📌 Place ML/spread at night open. Recheck totals at T-60min after SP + lineup confirmed.

  ════════════════════════════════════════════════════════════════

  Night pipeline complete. Check logs/night.log for details.
  Run 'python3 chef.py gates' before game time to check triggers.


  [NHL] Generating picks for 2026-06-07
  ℹ  No NHL games found for today (off-day or API unavailable)
  ✓  Live NHL odds fetched. API requests remaining: 17755
  ℹ  No NHL games on the 2026-06-07 slate (off-day) — skipping. No card pick.

  ════════════════════════════════════════════════════════════
  NIGHT PIPELINE — 20260607  (run at 2026-06-06 21:40)
  ════════════════════════════════════════════════════════════

  ▸ [NHL] Generating picks for 20260607...
  ✓ NHL picks done

  ▸ [NHL] Snapshotting opening lines...
  ⚠  Could not fetch odds for nhl: Unsupported sport '801b0a51af0762d5dfc08fb147692d95'. Supported: americanfootball_nfl, baseball_mlb, basketball_nba, basketball_ncaab


  ════════════════════════════════════════════════════════════════
  BET STATUS — June 07, 2026
  ════════════════════════════════════════════════════════════════

  MLB
  ────────────────────────────────────────────────────────────────
    ✅ BET NOW                       UNDER 8.5                     +100    edge 2.0%
    ✅ BET NOW                       UNDER 9.0                     +115    edge 1.2%
    ✅ BET NOW                       OVER 8.0                      +110    edge 1.1%

  📌 Place ML/spread at night open. Recheck totals at T-60min after SP + lineup confirmed.

  ════════════════════════════════════════════════════════════════

  Night pipeline complete. Check logs/night.log for details.
  Run 'python3 chef.py gates' before game time to check triggers.


============================================================
  WNBA Picks — June 07, 2026
============================================================
  [wnba] Fetched 4 events from The Odds API.

  2 game(s) on slate:
    Chicago Sky @ Toronto Tempo
    Portland Fire @ Los Angeles Sparks

  Running WNBA model...

  Found 9 edge(s):
    Los Angeles Sparks              spread    edge=+37.0%  odds=-105  [DraftKings]
    UNDER 177.5                     total     edge=+33.6%  odds=-105  [theScore Bet]
    Los Angeles Sparks              spread    edge=+33.3%  odds=-110  [theScore Bet]
    Toronto Tempo                   spread    edge=+26.9%  odds=-105  [FanDuel]
    Toronto Tempo                   spread    edge=+21.9%  odds=-113  [BetRivers]
    UNDER 173.5                     total     edge=+19.2%  odds=-109  [betPARX]
    UNDER 172.5                     total     edge=+17.9%  odds=-105  [Hard Rock Bet]
    Portland Fire                   moneyline  edge=+17.3%  odds=+250  [Hard Rock Bet]
    Toronto Tempo                   moneyline  edge=+13.3%  odds=-127  [BetRivers]

  Picks saved → output/picks/basketball_wnba/20260607/picks.json
  Caption [instagram] → output/picks/basketball_wnba/20260607/captions/instagram.txt
  Caption [twitter] → output/picks/basketball_wnba/20260607/captions/twitter.txt
  Caption [reddit] → output/picks/basketball_wnba/20260607/captions/reddit.txt
  [PAUSED] WNBA picks not logged to pnl (shadow tracking only).
  [CLV] Snapshotted 24 WNBA pick(s)

============================================================


  ════════════════════════════════════════════════════════════
  NIGHT PIPELINE — 20260607  (run at 2026-06-06 21:45)
  ════════════════════════════════════════════════════════════

  ▸ [WNBA] Generating picks for 20260607...
  ✓ WNBA picks done

  ▸ [WNBA] Snapshotting opening lines...
  ⚠  Could not fetch odds for wnba: Unsupported sport '801b0a51af0762d5dfc08fb147692d95'. Supported: americanfootball_nfl, baseball_mlb, basketball_nba, basketball_ncaab


  ════════════════════════════════════════════════════════════════
  BET STATUS — June 07, 2026
  ════════════════════════════════════════════════════════════════

  MLB
  ────────────────────────────────────────────────────────────────
    ✅ BET NOW                       UNDER 8.5                     +100    edge 2.0%
    ✅ BET NOW                       UNDER 9.0                     +115    edge 1.2%
    ✅ BET NOW                       OVER 8.0                      +110    edge 1.1%

  📌 Place ML/spread at night open. Recheck totals at T-60min after SP + lineup confirmed.

  ════════════════════════════════════════════════════════════════

  Night pipeline complete. Check logs/night.log for details.
  Run 'python3 chef.py gates' before game time to check triggers.

/Library/Frameworks/Python.framework/Versions/3.11/lib/python3.11/site-packages/joblib/externals/loky/backend/context.py:136: UserWarning: Could not find the number of physical cores for the following reason:
[Errno 2] No such file or directory: 'sysctl'
Returning the number of logical cores instead. You can silence this warning by setting LOKY_MAX_CPU_COUNT to the number of cores you want to use.
  warnings.warn(
  File "/Library/Frameworks/Python.framework/Versions/3.11/lib/python3.11/site-packages/joblib/externals/loky/backend/context.py", line 270, in _count_physical_cores
    cpu_info = subprocess.run(
               ^^^^^^^^^^^^^^^
  File "/Library/Frameworks/Python.framework/Versions/3.11/lib/python3.11/subprocess.py", line 548, in run
    with Popen(*popenargs, **kwargs) as process:
         ^^^^^^^^^^^^^^^^^^^^^^^^^^^
  File "/Library/Frameworks/Python.framework/Versions/3.11/lib/python3.11/subprocess.py", line 1024, in __init__
    self._execute_child(args, executable, preexec_fn, close_fds,
  File "/Library/Frameworks/Python.framework/Versions/3.11/lib/python3.11/subprocess.py", line 1917, in _execute_child
    raise child_exception_type(errno_num, err_msg, err_filename)

======================================================================
  MARCH MADNESS 2026 — AI BRACKET PREDICTOR
======================================================================


======================================================================
  OVERLAY DAILY — baseball_mlb
======================================================================

Step 1: Fetching MLB schedule and team stats...
  Found 8 games
    Seattle Mariners (Emerson Hancock) @ Baltimore Orioles (TBD)
    Boston Red Sox (Connelly Early) @ Tampa Bay Rays (Ian Seymour)
    New York Yankees (Will Warren) @ Cleveland Guardians (Gavin Williams)
    Philadelphia Phillies (Cristopher Sánchez) @ Toronto Blue Jays (Patrick Corbin)
    Houston Astros (Spencer Arrighetti) @ Los Angeles Angels (Grayson Rodriguez)
    Cincinnati Reds (Andrew Abbott) @ San Diego Padres (Walker Buehler)
    Washington Nationals (Miles Mikolas) @ San Francisco Giants (Logan Webb)
    Milwaukee Brewers (Kyle Harrison) @ Athletics (Jeffrey Springs)

Step 2: Running ensemble (4 models + Pythagorean) — v6 features, 91 total...
  Seattle Mariners @ Baltimore Orioles: Seattle Mariners 58.2% [AGREE]
    Pyth: 40.8%  XGB: 42.5%  Ens: 41.8%
  Boston Red Sox @ Tampa Bay Rays: Boston Red Sox 57.3% [AGREE]
    Pyth: 42.5%  XGB: 42.9%  Ens: 42.7%
  New York Yankees @ Cleveland Guardians: New York Yankees 52.0% [AGREE]
    Pyth: 47.5%  XGB: 48.4%  Ens: 48.0%
  Philadelphia Phillies @ Toronto Blue Jays: Philadelphia Phillies 61.7% [AGREE]
    Pyth: 32.6%  XGB: 42.9%  Ens: 38.3%
  Houston Astros @ Los Angeles Angels: Houston Astros 67.6% [AGREE]
    Pyth: 19.9%  XGB: 42.5%  Ens: 32.4%
  Cincinnati Reds @ San Diego Padres: Cincinnati Reds 50.9% [AGREE]
    Pyth: 49.8%  XGB: 48.4%  Ens: 49.1%
  Washington Nationals @ San Francisco Giants: San Francisco Giants 58.5% [AGREE]
    Pyth: 65.1%  XGB: 53.1%  Ens: 58.5%
  Milwaukee Brewers @ Athletics: Milwaukee Brewers 68.5% [AGREE]
    Pyth: 17.6%  XGB: 42.9%  Ens: 31.5%

Step 3: Fetching LIVE sportsbook odds...
  ✓  Live odds fetched at 21:30:44. API requests remaining: 17136
  ⏱  Filtered 1 game(s) already started — picks only include upcoming games.
  Odds freshness: LIVE (range 0–3 min old)
  Pinnacle fair-prob anchor: 7/8 games on Pinnacle, rest on median devig.

======================================================================
  VALUE BETS (MONEYLINE) — Model Edge vs Vegas
======================================================================

  Houston Astros vs Los Angeles Angels
    Model: 70.0% | Vegas: 53.1% | Edge: +16.9% *** STRONG ***
    Best odds: -118 at FanDuel

  Washington Nationals vs San Francisco Giants
    Model: 53.5% | Vegas: 38.5% | Edge: +15.0% *** STRONG ***
    Best odds: +155 at Tipico

  Cincinnati Reds vs San Diego Padres
    Model: 59.7% | Vegas: 44.7% | Edge: +14.9% *** STRONG ***
    Best odds: +120 at FanDuel

  Boston Red Sox vs Tampa Bay Rays
    Model: 63.6% | Vegas: 51.7% | Edge: +11.8% *** STRONG ***
    Best odds: -115 at Fliff

  New York Yankees vs Cleveland Guardians
    Model: 60.3% | Vegas: 48.8% | Edge: +11.5% *** STRONG ***
    Best odds: -104 at FanDuel

  Milwaukee Brewers vs Athletics
    Model: 70.5% | Vegas: 59.3% | Edge: +11.2% *** STRONG ***
    Best odds: -152 at Bally Bet

  Seattle Mariners vs Baltimore Orioles
    Model: 64.2% | Vegas: 53.8% | Edge: +10.3% *** STRONG ***
    Best odds: -126 at FanDuel

  Total value bets: 7
  Average edge: +13.1%
======================================================================


  Method B — Sharp consensus (3 edges):
    Washington Nationals vs San Francisco Giants: Consensus 51.5% → Edge +13.0%
    New York Yankees vs Cleveland Guardians: Consensus 58.4% → Edge +9.6%
    Boston Red Sox vs Tampa Bay Rays: Consensus 60.1% → Edge +8.4%

  LOCK picks (both methods agree): boston red sox, new york yankees, washington nationals

══════════════════════════════════════════════════════════════════════
  TOMORROW'S TOP PLAYS — MLB · June 08, 2026
══════════════════════════════════════════════════════════════════════

  #   MARKET     BET                              ODDS      EDGE    KELLY  BOOK
  ────────────────────────────────────────────────────────────────────────
  1   TOTAL      UNDER 10.5 (Brewers@Athletic)    +105    +2.10R        —  Hard Rock 
  2   MONEYLINE  Houston Astros ML                -118    +16.9%     8.6%  FanDuel
  3   MONEYLINE  Washington Nationals ML          +155    +15.0%     5.9%  Tipico
  4   MONEYLINE  Cincinnati Reds ML               +120    +14.9%     6.5%  FanDuel
  5   TOTAL      OVER 9.0 (Astros@Angels)         -107    +1.20R        —  DraftKings
  6   MONEYLINE  Boston Red Sox ML                -115    +11.8%     5.4%  Fliff
  7   MONEYLINE  New York Yankees ML              -104    +11.5%     4.8%  FanDuel
  8   MONEYLINE  Milwaukee Brewers ML             -152    +11.2%     6.4%  Bally Bet

  ────────────────────────────────────────────────────────────────────────

  ⚡ BEST BET: UNDER 10.5 +105 @ Hard Rock Bet
     2.10 run totals edge

  Moneyline: 6  |  Run Line: 0  |  Totals: 2
══════════════════════════════════════════════════════════════════════

  [CLV] Snapshotted opening lines for 9 pick(s) [2026-06-08]
  Moneyline card → output/picks/baseball_mlb/20260608/pick_card.png
  ML card (new) → output/picks/baseball_mlb/20260608/mlb_moneyline_card.png
  Totals card (new) → output/picks/baseball_mlb/20260608/mlb_totals_card.png
  Picks caption → output/picks/baseball_mlb/20260608/caption_picks.txt
  Auto-logged 9 pick(s) to data/pnl/picks.json

Saved picks to output/picks/baseball_mlb/20260608/

Step 6: Scanning player props for edges...
  Found 3 prop edge(s):
    Gavin Williams UNDER 6.5 Ks  edge=19.0%  odds=+100  [Fanatics]
    Patrick Corbin UNDER 4.5 Ks  edge=16.1%  odds=-195  [Fliff]
    Emerson Hancock UNDER 4.5 Ks  edge=5.4%  odds=+105  [Hard Rock Bet]
  Props saved → output/picks/baseball_mlb/20260608/props.json
  Auto-logged 3 prop(s) to pnl for tracking
  Pitcher Ks card → output/picks/baseball_mlb/20260608/mlb_pitcher_ks_card.png
  Props caption → output/picks/baseball_mlb/20260608/caption_props.txt

Step 7: Building NRFI/YRFI plays...
  Found 7 NRFI/YRFI play(s):
    New York Yankees @ Cleveland Guardians NRFI  edge=16.2%
    Boston Red Sox @ Tampa Bay Rays NRFI  edge=14.3%
    Philadelphia Phillies @ Toronto Blue Jays NRFI  edge=13.4%
    Cincinnati Reds @ San Diego Padres NRFI  proj 67% NRFI
    Milwaukee Brewers @ Athletics NRFI  proj 65% NRFI
  NRFI picks logged to pnl (5 picks)
  (3 NRFI play(s) have live odds; 4 missing book line)
  NRFI caption → output/picks/baseball_mlb/20260608/caption_nrfi.txt

Step 8: Building F5 (first 5 innings) totals...
  Found 4 F5 edge(s):
    F5 UNDER 3.5 (Philadelphia Phillies @ Toronto Blue Jays)  edge=19.8%  odds=+110  [FanDuel]  proj=2.93
    F5 UNDER 4.5 (Seattle Mariners @ Baltimore Orioles)  edge=17.1%  odds=-102  [FanDuel]  proj=4.01
    F5 UNDER 4.5 (New York Yankees @ Cleveland Guardians)  edge=9.6%  odds=-140  [FanDuel]  proj=3.85
    F5 UNDER 4.5 (Boston Red Sox @ Tampa Bay Rays)  edge=8.4%  odds=-148  [FanDuel]  proj=4.4
  F5 picks logged to pnl (4 added, card_pick=True)
  F5 card → output/picks/baseball_mlb/20260608/f5_card.png
  F5 caption → output/picks/baseball_mlb/20260608/caption_f5.txt
  O/U card (game totals, 2 picks) → output/picks/baseball_mlb/20260608/totals_card.png

Step 10: Generating MLB parlay card...
  ✓  Parlay card → output/picks/baseball_mlb/20260608/parlay_card.png

Step 11: Writing captions (Instagram / Twitter / Reddit)...
  ✓  instagram    → output/picks/baseball_mlb/20260608/captions/instagram.txt
  ✓  twitter      → output/picks/baseball_mlb/20260608/captions/twitter.txt
  ✓  reddit       → output/picks/baseball_mlb/20260608/captions/reddit.txt
  ✓  reddit_potd       → output/picks/baseball_mlb/20260608/captions/reddit_potd.txt
  ✓  reddit_mlb_props  → output/picks/baseball_mlb/20260608/captions/reddit_mlb_props.txt
  ✓  reddit_mlb_picks  → output/picks/baseball_mlb/20260608/captions/reddit_mlb_picks.txt
  ✓  receipts_post.txt → output/picks/baseball_mlb/20260608/receipts_post.txt
  ✓  calibration_card.png → output/picks/baseball_mlb/20260608/calibration_card.png
  ✓  show_your_work.md → output/picks/baseball_mlb/20260608/talking_head/show_your_work.md

  ════════════════════════════════════════════════════════════
  NIGHT PIPELINE — 20260608  (run at 2026-06-07 21:30)
  ════════════════════════════════════════════════════════════

  ▸ [MLB] Generating picks for 20260608...
  ✓ MLB picks done

  ▸ [MLB] Snapshotting opening lines...
  ⚠  Could not fetch odds for mlb: Unsupported sport '801b0a51af0762d5dfc08fb147692d95'. Supported: americanfootball_nfl, baseball_mlb, basketball_nba, basketball_ncaab


  ════════════════════════════════════════════════════════════════
  BET STATUS — June 08, 2026
  ════════════════════════════════════════════════════════════════

  MLB
  ────────────────────────────────────────────────────────────────
    ✅ BET NOW                       UNDER 10.5                    +105    edge 2.1%
    ✅ BET NOW                       OVER 9.0                      -107    edge 1.2%

  📌 Place ML/spread at night open. Recheck totals at T-60min after SP + lineup confirmed.

  ════════════════════════════════════════════════════════════════

  Night pipeline complete. Check logs/night.log for details.
  Run 'python3 chef.py gates' before game time to check triggers.


  Overlay — NBA Picks Pipeline
  Date: 20260608
  Fetching NBA team ratings...
  ✓  Injury data loaded (0 reported injuries)
  ✓  Team ratings loaded: 30 teams
  ✓  Player stats loaded: 582 players
  Fetching NBA odds...
  ✓  Live NBA odds fetched. API requests remaining: 17113
  Found 1 upcoming games
    San Antonio Spurs @ New York Knicks  08:40 PM ET

  Running NBA model...
  ✓  1 game edges found

  Game projections:
    San Antonio Spurs @ New York Knicks  08:40 PM ET
      Proj: 109.2 - 112.0  | Total: 227.0  | Away ML: 53%  | Home ML: 47%

  Fetching NBA player props...
  ✓  0 prop edges found
  ✓  0 unique-player props after dedup + confidence filter (0.53 ≤ p ≤ 0.78)

  Context: NBA PLAYOFFS

  Saved → output/picks/basketball_nba/20260608/picks.json
  Saved → output/picks/basketball_nba/20260608/props.json
  ✓  1 NBA pick(s) logged to pnl

                          NBA PICKS — Overlay                           
                             June 07, 2026                              
────────────────────────────────────────────────────────────────────────

  GAME PICKS (Model vs Market)
  GAME                             BET                      EDGE    ODDS  BOOK
  ────────────────────────────────────────────────────────────────────
  San Antonio Spurs @ New York Kn  OVER 216.5             +15.2%    -105  FanDuel  [proj total 227]

  No prop edges found — NBA stats cache may be loading.

────────────────────────────────────────────────────────────────────────

  Generating NBA totals card (new design)...
  ✓  NBA totals card → output/picks/basketball_nba/20260608/nba_totals_card.png

  Generating captions...

====================================================================
  NBA PLAYOFFS CAPTIONS — JUNE 08, 2026
====================================================================

── GAME PICKS ─────────────────────────────────────────────────────

NBA picks are live. Backed by efficiency ratings, not opinions 💡

Jun 8 NBA PLAYOFFS Picks 🔥
━━━━━━━━━━━━━━━
🔒 OVER 216.5 (SAN vs NEW) -105 — +15.2% edge [FanDuel]
━━━━━━━━━━━━━━━

Picks generated by our efficiency-rating model (ORtg/DRtg/Pace). We track every result publicly — link in bio.

Not financial advice. Bet responsibly. 21+

#NBA #NBAPlayoffs #sportsbetting #NBApicks #NBATwitter #sharpbetting #valuebet #edgebetting #NBAPlayoffs2026 #playoffs #NBAplayoff

====================================================================


  NBA parlay card skipped — moneyline model incubating.

  Writing captions (Instagram / Twitter / Reddit)...
  ✓  instagram    → output/picks/basketball_nba/20260608/captions/instagram.txt
  ✓  twitter      → output/picks/basketball_nba/20260608/captions/twitter.txt
  ✓  reddit       → output/picks/basketball_nba/20260608/captions/reddit.txt
  ✓  reddit_potd       → output/picks/basketball_nba/20260608/captions/reddit_potd.txt
  ✓  reddit_nba_picks  → output/picks/basketball_nba/20260608/captions/reddit_nba_picks.txt
  ✓  receipts_post.txt → output/picks/basketball_nba/20260608/receipts_post.txt
  ✓  calibration_card.png → output/picks/basketball_nba/20260608/calibration_card.png
  ✓  show_your_work.md → output/picks/basketball_nba/20260608/talking_head/show_your_work.md
  [CLV] Snapshotted opening lines for 13 NBA pick(s)

  ════════════════════════════════════════════════════════════
  NIGHT PIPELINE — 20260608  (run at 2026-06-07 21:35)
  ════════════════════════════════════════════════════════════

  ▸ [NBA] Generating picks for 20260608...
  ✓ NBA picks done

  ▸ [NBA] Snapshotting opening lines...
  ⚠  Could not fetch odds for nba: Unsupported sport '801b0a51af0762d5dfc08fb147692d95'. Supported: americanfootball_nfl, baseball_mlb, basketball_nba, basketball_ncaab


  ════════════════════════════════════════════════════════════════
  BET STATUS — June 08, 2026
  ════════════════════════════════════════════════════════════════

  MLB
  ────────────────────────────────────────────────────────────────
    ✅ BET NOW                       UNDER 10.5                    +105    edge 2.1%
    ✅ BET NOW                       OVER 9.0                      -107    edge 1.2%

  📌 Place ML/spread at night open. Recheck totals at T-60min after SP + lineup confirmed.

  NBA
  ────────────────────────────────────────────────────────────────
    ⏳ HOLD — wait for inactives     OVER 216.5                    -105    edge 15.2%

  📌 Never bet at open. Always wait for inactives. Load management can swing totals 4-6pts.

  ════════════════════════════════════════════════════════════════

  Night pipeline complete. Check logs/night.log for details.
  Run 'python3 chef.py gates' before game time to check triggers.


  [NHL] Generating picks for 2026-06-08
  ℹ  No NHL games found for today (off-day or API unavailable)
  ✓  Live NHL odds fetched. API requests remaining: 17096
  ℹ  No NHL games on the 2026-06-08 slate (off-day) — skipping. No card pick.

  ════════════════════════════════════════════════════════════
  NIGHT PIPELINE — 20260608  (run at 2026-06-07 21:40)
  ════════════════════════════════════════════════════════════

  ▸ [NHL] Generating picks for 20260608...
  ✓ NHL picks done

  ▸ [NHL] Snapshotting opening lines...
  ⚠  Could not fetch odds for nhl: Unsupported sport '801b0a51af0762d5dfc08fb147692d95'. Supported: americanfootball_nfl, baseball_mlb, basketball_nba, basketball_ncaab


  ════════════════════════════════════════════════════════════════
  BET STATUS — June 08, 2026
  ════════════════════════════════════════════════════════════════

  MLB
  ────────────────────────────────────────────────────────────────
    ✅ BET NOW                       UNDER 10.5                    +105    edge 2.1%
    ✅ BET NOW                       OVER 9.0                      -107    edge 1.2%

  📌 Place ML/spread at night open. Recheck totals at T-60min after SP + lineup confirmed.

  NBA
  ────────────────────────────────────────────────────────────────
    ⏳ HOLD — wait for inactives     OVER 216.5                    -105    edge 15.2%

  📌 Never bet at open. Always wait for inactives. Load management can swing totals 4-6pts.

  ════════════════════════════════════════════════════════════════

  Night pipeline complete. Check logs/night.log for details.
  Run 'python3 chef.py gates' before game time to check triggers.


============================================================
  WNBA Picks — June 08, 2026
============================================================
  [wnba] Fetched 6 events from The Odds API.

  3 game(s) on slate:
    New York Liberty @ Connecticut Sun
    Indiana Fever @ Washington Mystics
    Seattle Storm @ Las Vegas Aces

  Running WNBA model...

  Found 12 edge(s):
    Las Vegas Aces                  spread    edge=+50.6%  odds=-110  [Fliff]
    New York Liberty                spread    edge=+49.4%  odds=-108  [Bally Bet]
    Las Vegas Aces                  spread    edge=+49.1%  odds=-113  [BetRivers]
    New York Liberty                spread    edge=+48.6%  odds=-110  [Hard Rock Bet]
    Indiana Fever                   spread    edge=+30.2%  odds=-105  [BetMGM]
    Indiana Fever                   spread    edge=+26.8%  odds=-115  [BetRivers]
    UNDER 169.5                     total     edge=+10.5%  odds=-105  [theScore Bet]
    Washington Mystics              moneyline  edge=+8.6%  odds=+190  [theScore Bet]
    Seattle Storm                   moneyline  edge=+8.4%  odds=+850  [Bally Bet]
    UNDER 163.0                     total     edge=+6.9%  odds=-114  [BetRivers]

  Picks saved → output/picks/basketball_wnba/20260608/picks.json
  Caption [instagram] → output/picks/basketball_wnba/20260608/captions/instagram.txt
  Caption [twitter] → output/picks/basketball_wnba/20260608/captions/twitter.txt
  Caption [reddit] → output/picks/basketball_wnba/20260608/captions/reddit.txt
  [PAUSED] WNBA picks not logged to pnl (shadow tracking only).

============================================================


  ════════════════════════════════════════════════════════════
  NIGHT PIPELINE — 20260608  (run at 2026-06-07 21:45)
  ════════════════════════════════════════════════════════════

  ▸ [WNBA] Generating picks for 20260608...
  ✓ WNBA picks done

  ▸ [WNBA] Snapshotting opening lines...
  ⚠  Could not fetch odds for wnba: Unsupported sport '801b0a51af0762d5dfc08fb147692d95'. Supported: americanfootball_nfl, baseball_mlb, basketball_nba, basketball_ncaab


  ════════════════════════════════════════════════════════════════
  BET STATUS — June 08, 2026
  ════════════════════════════════════════════════════════════════

  MLB
  ────────────────────────────────────────────────────────────────
    ✅ BET NOW                       UNDER 10.5                    +105    edge 2.1%
    ✅ BET NOW                       OVER 9.0                      -107    edge 1.2%

  📌 Place ML/spread at night open. Recheck totals at T-60min after SP + lineup confirmed.

  NBA
  ────────────────────────────────────────────────────────────────
    ⏳ HOLD — wait for inactives     OVER 216.5                    -105    edge 15.2%

  📌 Never bet at open. Always wait for inactives. Load management can swing totals 4-6pts.

  ════════════════════════════════════════════════════════════════

  Night pipeline complete. Check logs/night.log for details.
  Run 'python3 chef.py gates' before game time to check triggers.

/Library/Frameworks/Python.framework/Versions/3.11/lib/python3.11/site-packages/joblib/externals/loky/backend/context.py:136: UserWarning: Could not find the number of physical cores for the following reason:
[Errno 2] No such file or directory: 'sysctl'
Returning the number of logical cores instead. You can silence this warning by setting LOKY_MAX_CPU_COUNT to the number of cores you want to use.
  warnings.warn(
  File "/Library/Frameworks/Python.framework/Versions/3.11/lib/python3.11/site-packages/joblib/externals/loky/backend/context.py", line 270, in _count_physical_cores
    cpu_info = subprocess.run(
               ^^^^^^^^^^^^^^^
  File "/Library/Frameworks/Python.framework/Versions/3.11/lib/python3.11/subprocess.py", line 548, in run
    with Popen(*popenargs, **kwargs) as process:
         ^^^^^^^^^^^^^^^^^^^^^^^^^^^
  File "/Library/Frameworks/Python.framework/Versions/3.11/lib/python3.11/subprocess.py", line 1024, in __init__
    self._execute_child(args, executable, preexec_fn, close_fds,
  File "/Library/Frameworks/Python.framework/Versions/3.11/lib/python3.11/subprocess.py", line 1917, in _execute_child
    raise child_exception_type(errno_num, err_msg, err_filename)

======================================================================
  MARCH MADNESS 2026 — AI BRACKET PREDICTOR
======================================================================


======================================================================
  OVERLAY DAILY — baseball_mlb
======================================================================

Step 1: Fetching MLB schedule and team stats...
  Found 15 games
    Seattle Mariners (Logan Gilbert) @ Baltimore Orioles (Trevor Rogers)
    Los Angeles Dodgers (Eric Lauer) @ Pittsburgh Pirates (Paul Skenes)
    Boston Red Sox (Payton Tolle) @ Tampa Bay Rays (Nick Martinez)
    Minnesota Twins (Taj Bradley) @ Detroit Tigers (Troy Melton)
    Arizona Diamondbacks (Zac Gallen) @ Miami Marlins (Max Meyer)
    New York Yankees (Gerrit Cole) @ Cleveland Guardians (Slade Cecconi)
    Philadelphia Phillies (Zack Wheeler) @ Toronto Blue Jays (Dylan Cease)
    St. Louis Cardinals (Dustin May) @ New York Mets (Freddy Peralta)
    Texas Rangers (Nathan Eovaldi) @ Kansas City Royals (Stephen Kolek)
    Atlanta Braves (Grant Holmes) @ Chicago White Sox (Erick Fedde)
    Chicago Cubs (Colin Rea) @ Colorado Rockies (Tomoyuki Sugano)
    Houston Astros (Kai-Wei Teng) @ Los Angeles Angels (Walbert Ureña)
    Cincinnati Reds (Chase Burns) @ San Diego Padres (Lucas Giolito)
    Washington Nationals (Andrew Alvarez) @ San Francisco Giants (Adrian Houser)
    Milwaukee Brewers (Robert Gasser) @ Athletics (J.T. Ginn)

Step 2: Running ensemble (4 models + Pythagorean) — v6 features, 91 total...
  Seattle Mariners @ Baltimore Orioles: Seattle Mariners 62.7% [AGREE]
    Pyth: 30.3%  XGB: 42.9%  Ens: 37.3%
  Los Angeles Dodgers @ Pittsburgh Pirates: Los Angeles Dodgers 50.5% [SPLIT]
    Pyth: 50.8%  XGB: 48.4%  Ens: 49.5%
  Boston Red Sox @ Tampa Bay Rays: Tampa Bay Rays 50.9% [SPLIT]
    Pyth: 53.9%  XGB: 48.4%  Ens: 50.9%
  Minnesota Twins @ Detroit Tigers: Detroit Tigers 57.0% [SPLIT]
    Pyth: 67.4%  XGB: 48.4%  Ens: 57.0%
  Arizona Diamondbacks @ Miami Marlins: Miami Marlins 61.0% [AGREE]
    Pyth: 70.6%  XGB: 53.1%  Ens: 61.0%
  New York Yankees @ Cleveland Guardians: New York Yankees 60.2% [AGREE]
    Pyth: 29.2%  XGB: 48.4%  Ens: 39.8%
  Philadelphia Phillies @ Toronto Blue Jays: Philadelphia Phillies 52.9% [AGREE]
    Pyth: 45.4%  XGB: 48.4%  Ens: 47.1%
  St. Louis Cardinals @ New York Mets: St. Louis Cardinals 50.1% [SPLIT]
    Pyth: 51.6%  XGB: 48.4%  Ens: 49.9%
  Texas Rangers @ Kansas City Royals: Texas Rangers 50.6% [SPLIT]
    Pyth: 50.7%  XGB: 48.4%  Ens: 49.4%
  Atlanta Braves @ Chicago White Sox: Atlanta Braves 56.5% [AGREE]
    Pyth: 37.4%  XGB: 48.4%  Ens: 43.5%
  Chicago Cubs @ Colorado Rockies: Colorado Rockies 51.6% [SPLIT]
    Pyth: 49.8%  XGB: 53.1%  Ens: 51.6%
  Houston Astros @ Los Angeles Angels: Los Angeles Angels 52.3% [SPLIT]
    Pyth: 57.1%  XGB: 48.4%  Ens: 52.3%
  Cincinnati Reds @ San Diego Padres: Cincinnati Reds 60.6% [AGREE]
    Pyth: 35.6%  XGB: 42.5%  Ens: 39.4%
  Washington Nationals @ San Francisco Giants: Washington Nationals 56.7% [AGREE]
    Pyth: 37.1%  XGB: 48.4%  Ens: 43.3%
  Milwaukee Brewers @ Athletics: Athletics 54.4% [AGREE]
    Pyth: 56.0%  XGB: 53.1%  Ens: 54.4%

Step 3: Fetching LIVE sportsbook odds...
  ✓  Live odds fetched at 21:31:16. API requests remaining: 16811
  ⏱  Filtered 4 game(s) already started — picks only include upcoming games.
  Odds freshness: LIVE (range 0–8 min old)
  Pinnacle fair-prob anchor: 18/19 games on Pinnacle, rest on median devig.
  Dropped 2 ML row(s) with edge > 20% (likely bad odds).

======================================================================
  VALUE BETS (MONEYLINE) — Model Edge vs Vegas
======================================================================

  Washington Nationals vs San Francisco Giants
    Model: 64.1% | Vegas: 48.1% | Edge: +15.9% *** STRONG ***
    Best odds: +100 at Fliff

  Cincinnati Reds vs San Diego Padres
    Model: 66.6% | Vegas: 50.7% | Edge: +15.9% *** STRONG ***
    Best odds: -115 at Fliff

  Seattle Mariners vs Baltimore Orioles
    Model: 68.0% | Vegas: 53.4% | Edge: +14.7% *** STRONG ***
    Best odds: -120 at FanDuel

  St. Louis Cardinals vs New York Mets
    Model: 59.7% | Vegas: 46.5% | Edge: +13.2% *** STRONG ***
    Best odds: +114 at FanDuel

  New York Yankees vs Cleveland Guardians
    Model: 66.4% | Vegas: 54.6% | Edge: +11.8% *** STRONG ***
    Best odds: -130 at Fanatics

  Philadelphia Phillies vs Toronto Blue Jays
    Model: 61.6% | Vegas: 50.6% | Edge: +10.9% *** STRONG ***
    Best odds: -110 at Fanatics

  Boston Red Sox vs Tampa Bay Rays
    Model: 59.0% | Vegas: 48.6% | Edge: +10.4% *** STRONG ***
    Best odds: -105 at Fanatics

  Los Angeles Dodgers vs Pittsburgh Pirates
    Model: 59.9% | Vegas: 50.5% | Edge: +9.5% ** GOOD **
    Best odds: -108 at FanDuel

  Texas Rangers vs Kansas City Royals
    Model: 60.0% | Vegas: 52.0% | Edge: +8.0% ** GOOD **
    Best odds: -120 at Fanatics

  Total value bets: 9
  Average edge: +12.3%
======================================================================


  Method B — Sharp consensus (13 edges):
    Washington Nationals vs San Francisco Giants: Consensus 58.5% → Edge +16.5%
    Cincinnati Reds vs San Diego Padres: Consensus 60.5% → Edge +16.0%
    Minnesota Twins vs Detroit Tigers: Consensus 57.6% → Edge +10.7%
    Boston Red Sox vs Tampa Bay Rays: Consensus 59.2% → Edge +10.6%
    St. Louis Cardinals vs New York Mets: Consensus 56.9% → Edge +10.4%
    Arizona Diamondbacks vs Miami Marlins: Consensus 57.4% → Edge +10.0%
    Philadelphia Phillies vs Toronto Blue Jays: Consensus 60.2% → Edge +9.6%
    Texas Rangers vs Kansas City Royals: Consensus 61.5% → Edge +9.5%
    Los Angeles Dodgers vs Pittsburgh Pirates: Consensus 59.8% → Edge +9.4%
    Milwaukee Brewers vs Athletics: Consensus 60.4% → Edge +8.5%
    Seattle Mariners vs Baltimore Orioles: Consensus 61.6% → Edge +8.2%
    Houston Astros vs Los Angeles Angels: Consensus 61.4% → Edge +8.1%
    New York Yankees vs Cleveland Guardians: Consensus 62.7% → Edge +8.1%

  LOCK picks (both methods agree): boston red sox, cincinnati reds, los angeles dodgers, new york yankees, philadelphia phillies, seattle mariners, st. louis cardinals, texas rangers, washington nationals

══════════════════════════════════════════════════════════════════════
  TOMORROW'S TOP PLAYS — MLB · June 09, 2026
══════════════════════════════════════════════════════════════════════

  #   MARKET     BET                              ODDS      EDGE    KELLY  BOOK
  ────────────────────────────────────────────────────────────────────────
  1   TOTAL      UNDER 11.5 (Brewers@Athletic)    -105    +3.70R        —  DraftKings
  2   RUN LINE   Colorado Rockies +1.5 RL         -115    +2.65R        —  FanDuel
  3   RUN LINE   Los Angeles Angels +1.5 RL       -138    +2.65R        —  FanDuel
  4   RUN LINE   Washington Nationals +1.5 RL     -159    +2.59R        —  Bally Bet
  5   RUN LINE   Kansas City Royals +1.5 RL       -150    +2.21R        —  FanDuel
  6   TOTAL      OVER 8.5 (Mariners@Orioles)      -102    +2.10R        —  FanDuel
  7   MONEYLINE  Washington Nationals ML          +140    +16.5%     7.2%  Matchbook
  8   MONEYLINE  Cincinnati Reds ML               +126    +16.0%     7.3%  Matchbook

  ────────────────────────────────────────────────────────────────────────

  ⚡ BEST BET: UNDER 11.5 -105 @ DraftKings
     3.70 run totals edge

  Moneyline: 2  |  Run Line: 4  |  Totals: 2
══════════════════════════════════════════════════════════════════════

  [CLV] Snapshotted opening lines for 19 pick(s) [2026-06-09]
  Moneyline card → output/picks/baseball_mlb/20260609/pick_card.png
  ML card → /Users/anthonymccrovitz/march-madness/output/picks/baseball_mlb/20260609/mlb_moneyline_card.png
  Totals card → /Users/anthonymccrovitz/march-madness/output/picks/baseball_mlb/20260609/mlb_totals_card.png
  Picks caption → output/picks/baseball_mlb/20260609/caption_picks.txt
  Auto-logged 16 pick(s) to data/pnl/picks.json

Saved picks to output/picks/baseball_mlb/20260609/

Step 6: Scanning player props for edges...
  Found 9 prop edge(s):
    Troy Melton UNDER 4.5 Ks  edge=41.8%  odds=-134  [DraftKings]
    Eric Lauer UNDER 4.5 Ks  edge=29.2%  odds=-158  [FanDuel]
    Trevor Rogers UNDER 4.5 Ks  edge=27.8%  odds=+104  [FanDuel]
    Nick Martinez UNDER 3.5 Ks  edge=27.2%  odds=+114  [FanDuel]
    Gerrit Cole UNDER 5.5 Ks  edge=25.4%  odds=-134  [FanDuel]
    Zac Gallen UNDER 4.5 Ks  edge=21.8%  odds=-114  [FanDuel]
    Zack Wheeler UNDER 5.5 Ks  edge=18.3%  odds=+100  [FanDuel]
    Payton Tolle UNDER 5.5 Ks  edge=9.3%  odds=-107  [DraftKings]
    Logan Gilbert UNDER 6.5 Ks  edge=5.5%  odds=-150  [FanDuel]
  Props saved → output/picks/baseball_mlb/20260609/props.json
  Auto-logged 9 prop(s) to pnl for tracking
  Pitcher Ks card → output/picks/baseball_mlb/20260609/mlb_pitcher_ks_card.png
  Props caption → output/picks/baseball_mlb/20260609/caption_props.txt

Step 7: Building NRFI/YRFI plays...
  Found 15 NRFI/YRFI play(s):
    Houston Astros @ Los Angeles Angels NRFI  edge=22.3%
    Milwaukee Brewers @ Athletics NRFI  edge=21.3%
    Atlanta Braves @ Chicago White Sox NRFI  edge=18.9%
    New York Yankees @ Cleveland Guardians NRFI  edge=18.3%
    Texas Rangers @ Kansas City Royals NRFI  edge=17.7%
  NRFI picks logged to pnl (5 picks)
  (14 NRFI play(s) have live odds; 1 missing book line)
  NRFI caption → output/picks/baseball_mlb/20260609/caption_nrfi.txt

Step 8: Building F5 (first 5 innings) totals...
  Found 14 F5 edge(s):
    F5 UNDER 3.5 (Boston Red Sox @ Tampa Bay Rays)  edge=19.8%  odds=+110  [FanDuel]  proj=3.05
    F5 UNDER 4.5 (Texas Rangers @ Kansas City Royals)  edge=19.3%  odds=+108  [FanDuel]  proj=3.88
    F5 UNDER 3.5 (Philadelphia Phillies @ Toronto Blue Jays)  edge=18.9%  odds=+106  [FanDuel]  proj=2.68
    F5 UNDER 5.5 (Milwaukee Brewers @ Athletics)  edge=16.5%  odds=-105  [BetMGM]  proj=3.78
    F5 UNDER 5.0 (Houston Astros @ Los Angeles Angels)  edge=15.3%  odds=-110  [BetMGM]  proj=3.28
  F5 picks logged to pnl (14 added, card_pick=True)
  F5 card → output/picks/baseball_mlb/20260609/f5_card.png
  F5 caption → output/picks/baseball_mlb/20260609/caption_f5.txt
  O/U card (game totals, 4 picks) → output/picks/baseball_mlb/20260609/totals_card.png

Step 10: Generating MLB parlay card...
  ✓  Parlay card → output/picks/baseball_mlb/20260609/parlay_card.png

Step 11: Writing captions (Instagram / Twitter / Reddit)...
  ✓  instagram    → output/picks/baseball_mlb/20260609/captions/instagram.txt
  ✓  twitter      → output/picks/baseball_mlb/20260609/captions/twitter.txt
  ✓  reddit       → output/picks/baseball_mlb/20260609/captions/reddit.txt
  ✓  reddit_potd       → output/picks/baseball_mlb/20260609/captions/reddit_potd.txt
  ✓  reddit_mlb_props  → output/picks/baseball_mlb/20260609/captions/reddit_mlb_props.txt
  ✓  reddit_mlb_picks  → output/picks/baseball_mlb/20260609/captions/reddit_mlb_picks.txt
  ✓  receipts_post.txt → output/picks/baseball_mlb/20260609/receipts_post.txt
  ✓  calibration_card.png → output/picks/baseball_mlb/20260609/calibration_card.png
  ✓  show_your_work.md → output/picks/baseball_mlb/20260609/talking_head/show_your_work.md

  ════════════════════════════════════════════════════════════
  NIGHT PIPELINE — 20260609  (run at 2026-06-08 21:30)
  ════════════════════════════════════════════════════════════

  ▸ [MLB] Generating picks for 20260609...
  ✓ MLB picks done

  ▸ [MLB] Snapshotting opening lines...
  ⚠  Could not fetch odds for mlb: Unsupported sport '801b0a51af0762d5dfc08fb147692d95'. Supported: americanfootball_nfl, baseball_mlb, basketball_nba, basketball_ncaab


  ════════════════════════════════════════════════════════════════
  BET STATUS — June 09, 2026
  ════════════════════════════════════════════════════════════════

  MLB
  ────────────────────────────────────────────────────────────────
    ✅ BET NOW                       UNDER 11.5                    -105    edge 3.7%
    ✅ BET NOW                       OVER 8.5                      -102    edge 2.1%
    ✅ BET NOW                       UNDER 9.5                     -110    edge 1.2%

  📌 Place ML/spread at night open. Recheck totals at T-60min after SP + lineup confirmed.

  ════════════════════════════════════════════════════════════════

  Night pipeline complete. Check logs/night.log for details.
  Run 'python3 chef.py gates' before game time to check triggers.


  Overlay — NBA Picks Pipeline
  Date: 20260609
  Fetching NBA team ratings...
  ✓  Injury data loaded (0 reported injuries)
  ✓  Team ratings loaded: 30 teams
  ✓  Player stats loaded: 582 players
  Fetching NBA odds...
  ✓  Live NBA odds fetched. API requests remaining: 16722
  ℹ  No NBA games on the 20260609 slate (off-day) — skipping. No card pick.

  ════════════════════════════════════════════════════════════
  NIGHT PIPELINE — 20260609  (run at 2026-06-08 21:35)
  ════════════════════════════════════════════════════════════

  ▸ [NBA] Generating picks for 20260609...
  ✓ NBA picks done

  ▸ [NBA] Snapshotting opening lines...
  ⚠  Could not fetch odds for nba: Unsupported sport '801b0a51af0762d5dfc08fb147692d95'. Supported: americanfootball_nfl, baseball_mlb, basketball_nba, basketball_ncaab


  ════════════════════════════════════════════════════════════════
  BET STATUS — June 09, 2026
  ════════════════════════════════════════════════════════════════

  MLB
  ────────────────────────────────────────────────────────────────
    ✅ BET NOW                       UNDER 11.5                    -105    edge 3.7%
    ✅ BET NOW                       OVER 8.5                      -102    edge 2.1%
    ✅ BET NOW                       UNDER 9.5                     -110    edge 1.2%

  📌 Place ML/spread at night open. Recheck totals at T-60min after SP + lineup confirmed.

  ════════════════════════════════════════════════════════════════

  Night pipeline complete. Check logs/night.log for details.
  Run 'python3 chef.py gates' before game time to check triggers.


  [NHL] Generating picks for 2026-06-09
  ✓  1 NHL game(s) on the slate today
  ✓  Live NHL odds fetched. API requests remaining: 16719
  ✓  1 game(s) with odds on the slate

  ════════════════════════════════════════════════════════════════════════
  NHL PICKS — TUESDAY JUNE 09, 2026
  ────────────────────────────────────────────────────────────────────────
  MATCHUP / BET                         ODDS   EDGE   PROJ  MARKET
  ────────────────────────────────────────────────────────────────────────
  Carolina Hurricanes +1.5        -278  +8.6%    5.5  PL 1.5
    ↳ Carolina Hurricanes @ Vegas Golden K
    ↳ Projected total: 5.5 | Home win: 45.1% | Home -1.5: 20.7%

  Under 6.0                       -110  +5.9%    5.5  TOT 6.0
    ↳ Carolina Hurricanes @ Vegas Golden K
    ↳ Projected total: 5.5 | Home win: 45.1% | Home -1.5: 20.7%

  Carolina Hurricanes             -109  +5.6%    5.5  ML
    ↳ Carolina Hurricanes @ Vegas Golden K
    ↳ Projected total: 5.5 | Home win: 45.1% | Home -1.5: 20.7%

  ────────────────────────────────────────────────────────────────────────
  3 edge(s) found  |  NHL Playoffs  |  min edge: 8%
  ════════════════════════════════════════════════════════════════════════

  ✓  Saved 3 picks + 1 projections → output/picks/icehockey_nhl/20260609/picks.json
  ✓  Auto-logged 3 pick(s) to data/pnl/picks.json

  ════════════════════════════════════════════════════════════════════════
  NHL SLATE — JUNE 09
  ────────────────────────────────────────────────────────────────────────
  MATCHUP                                 PROJ    HW%  TIME
  ────────────────────────────────────────────────────────────────────────
  Carolina Hurricanes @ Vegas Golden Kni   6.3   45%  08:20 PM ET
  ════════════════════════════════════════════════════════════════════════

  ✓  Card: nhl_picks_card → nhl_picks_card.png
  ✓  Card: nhl_totals_card → nhl_totals_card.png
  [stats] updated — 135W-97L (58.2% WR)  +33.98u  ROI +14.9%  | NRFI 0-0 (0.0%)

  ════════════════════════════════════════════════════════════
  NIGHT PIPELINE — 20260609  (run at 2026-06-08 21:40)
  ════════════════════════════════════════════════════════════

  ▸ [NHL] Generating picks for 20260609...
  ✓ NHL picks done

  ▸ [NHL] Snapshotting opening lines...
  ⚠  Could not fetch odds for nhl: Unsupported sport '801b0a51af0762d5dfc08fb147692d95'. Supported: americanfootball_nfl, baseball_mlb, basketball_nba, basketball_ncaab


  ════════════════════════════════════════════════════════════════
  BET STATUS — June 09, 2026
  ════════════════════════════════════════════════════════════════

  MLB
  ────────────────────────────────────────────────────────────────
    ✅ BET NOW                       UNDER 11.5                    -105    edge 3.7%
    ✅ BET NOW                       OVER 8.5                      -102    edge 2.1%
    ✅ BET NOW                       UNDER 9.5                     -110    edge 1.2%

  📌 Place ML/spread at night open. Recheck totals at T-60min after SP + lineup confirmed.

  NHL
  ────────────────────────────────────────────────────────────────
    ⏳ HOLD — wait for goalie        Under 6.0                     -110    edge 5.9%

  📌 Moneylines: bet at open. Totals: wait for starting goalie (changes line 0.5–1.0 goals).

  ════════════════════════════════════════════════════════════════

  Night pipeline complete. Check logs/night.log for details.
  Run 'python3 chef.py gates' before game time to check triggers.


============================================================
  WNBA Picks — June 09, 2026
============================================================
  [wnba] Fetched 5 events from The Odds API.

  3 game(s) on slate:
    Atlanta Dream @ Chicago Sky
    Dallas Wings @ Minnesota Lynx
    Phoenix Mercury @ Golden State Valkyries

  Running WNBA model...

  Found 9 edge(s):
    Golden State Valkyries          spread    edge=+48.1%  odds=-105  [BetMGM]
    Golden State Valkyries          spread    edge=+46.1%  odds=-110  [DraftKings]
    Atlanta Dream                   spread    edge=+38.7%  odds=-105  [theScore Bet]
    Minnesota Lynx                  spread    edge=+36.1%  odds=-102  [DraftKings]
    Minnesota Lynx                  spread    edge=+33.0%  odds=-110  [Fanatics]
    Minnesota Lynx                  spread    edge=+30.7%  odds=-114  [FanDuel]
    Golden State Valkyries          moneyline  edge=+10.4%  odds=-315  [BetRivers]
    Minnesota Lynx                  moneyline  edge=+9.7%  odds=-168  [FanDuel]
    OVER 170.5                      total     edge=+6.8%  odds=-110  [theScore Bet]

  Picks saved → output/picks/basketball_wnba/20260609/picks.json
  Caption [instagram] → output/picks/basketball_wnba/20260609/captions/instagram.txt
  Caption [twitter] → output/picks/basketball_wnba/20260609/captions/twitter.txt
  Caption [reddit] → output/picks/basketball_wnba/20260609/captions/reddit.txt
  [PAUSED] WNBA picks not logged to pnl (shadow tracking only).
  [CLV] Snapshotted 31 WNBA pick(s)

============================================================


  ════════════════════════════════════════════════════════════
  NIGHT PIPELINE — 20260609  (run at 2026-06-08 21:45)
  ════════════════════════════════════════════════════════════

  ▸ [WNBA] Generating picks for 20260609...
  ✓ WNBA picks done

  ▸ [WNBA] Snapshotting opening lines...
  ⚠  Could not fetch odds for wnba: Unsupported sport '801b0a51af0762d5dfc08fb147692d95'. Supported: americanfootball_nfl, baseball_mlb, basketball_nba, basketball_ncaab


  ════════════════════════════════════════════════════════════════
  BET STATUS — June 09, 2026
  ════════════════════════════════════════════════════════════════

  MLB
  ────────────────────────────────────────────────────────────────
    ✅ BET NOW                       UNDER 11.5                    -105    edge 3.7%
    ✅ BET NOW                       OVER 8.5                      -102    edge 2.1%
    ✅ BET NOW                       UNDER 9.5                     -110    edge 1.2%

  📌 Place ML/spread at night open. Recheck totals at T-60min after SP + lineup confirmed.

  NHL
  ────────────────────────────────────────────────────────────────
    ⏳ HOLD — wait for goalie        Under 6.0                     -110    edge 5.9%

  📌 Moneylines: bet at open. Totals: wait for starting goalie (changes line 0.5–1.0 goals).

  ════════════════════════════════════════════════════════════════

  Night pipeline complete. Check logs/night.log for details.
  Run 'python3 chef.py gates' before game time to check triggers.

/Library/Frameworks/Python.framework/Versions/3.11/lib/python3.11/site-packages/joblib/externals/loky/backend/context.py:136: UserWarning: Could not find the number of physical cores for the following reason:
[Errno 2] No such file or directory: 'sysctl'
Returning the number of logical cores instead. You can silence this warning by setting LOKY_MAX_CPU_COUNT to the number of cores you want to use.
  warnings.warn(
  File "/Library/Frameworks/Python.framework/Versions/3.11/lib/python3.11/site-packages/joblib/externals/loky/backend/context.py", line 270, in _count_physical_cores
    cpu_info = subprocess.run(
               ^^^^^^^^^^^^^^^
  File "/Library/Frameworks/Python.framework/Versions/3.11/lib/python3.11/subprocess.py", line 548, in run
    with Popen(*popenargs, **kwargs) as process:
         ^^^^^^^^^^^^^^^^^^^^^^^^^^^
  File "/Library/Frameworks/Python.framework/Versions/3.11/lib/python3.11/subprocess.py", line 1024, in __init__
    self._execute_child(args, executable, preexec_fn, close_fds,
  File "/Library/Frameworks/Python.framework/Versions/3.11/lib/python3.11/subprocess.py", line 1917, in _execute_child
    raise child_exception_type(errno_num, err_msg, err_filename)

======================================================================
  MARCH MADNESS 2026 — AI BRACKET PREDICTOR
======================================================================


======================================================================
  OVERLAY DAILY — baseball_mlb
======================================================================

Step 1: Fetching MLB schedule and team stats...
  Found 15 games
    Boston Red Sox (Jake Bennett) @ Tampa Bay Rays (Drew Rasmussen)
    New York Yankees (Carlos Rodón) @ Cleveland Guardians (Parker Messick)
    Washington Nationals (Foster Griffin) @ San Francisco Giants (Robbie Ray)
    Cincinnati Reds (Brady Singer) @ San Diego Padres (Michael King)
    Seattle Mariners (George Kirby) @ Baltimore Orioles (Brandon Young)
    Los Angeles Dodgers (Shohei Ohtani) @ Pittsburgh Pirates (Jared Jones)
    Minnesota Twins (TBD) @ Detroit Tigers (Framber Valdez)
    Arizona Diamondbacks (Ryne Nelson) @ Miami Marlins (Ryan Gusto)
    Philadelphia Phillies (Jesús Luzardo) @ Toronto Blue Jays (Max Scherzer)
    St. Louis Cardinals (Andre Pallante) @ New York Mets (Christian Scott)
    Texas Rangers (MacKenzie Gore) @ Kansas City Royals (Seth Lugo)
    Atlanta Braves (Chris Sale) @ Chicago White Sox (TBD)
    Chicago Cubs (Shota Imanaga) @ Colorado Rockies (Michael Lorenzen)
    Milwaukee Brewers (TBD) @ Athletics (Jack Perkins)
    Houston Astros (Peter Lambert) @ Los Angeles Angels (Reid Detmers)

Step 2: Running ensemble (4 models + Pythagorean) — v6 features, 91 total...
  Boston Red Sox @ Tampa Bay Rays: Tampa Bay Rays 56.3% [SPLIT]
    Pyth: 66.0%  XGB: 48.4%  Ens: 56.3%
  New York Yankees @ Cleveland Guardians: New York Yankees 53.8% [AGREE]
    Pyth: 43.6%  XGB: 48.4%  Ens: 46.2%
  Washington Nationals @ San Francisco Giants: Washington Nationals 54.5% [AGREE]
    Pyth: 41.9%  XGB: 48.4%  Ens: 45.5%
  Cincinnati Reds @ San Diego Padres: San Diego Padres 61.3% [AGREE]
    Pyth: 65.0%  XGB: 58.2%  Ens: 61.3%
  Seattle Mariners @ Baltimore Orioles: Baltimore Orioles 55.6% [SPLIT]
    Pyth: 64.4%  XGB: 48.4%  Ens: 55.6%
  Los Angeles Dodgers @ Pittsburgh Pirates: Los Angeles Dodgers 68.0% [AGREE]
    Pyth: 19.1%  XGB: 42.5%  Ens: 32.0%
  Minnesota Twins @ Detroit Tigers: Detroit Tigers 51.0% [SPLIT]
    Pyth: 54.1%  XGB: 48.4%  Ens: 51.0%
  Arizona Diamondbacks @ Miami Marlins: Arizona Diamondbacks 53.8% [SPLIT]
    Pyth: 50.7%  XGB: 42.5%  Ens: 46.2%
  Philadelphia Phillies @ Toronto Blue Jays: Philadelphia Phillies 64.5% [AGREE]
    Pyth: 26.9%  XGB: 42.5%  Ens: 35.5%
  St. Louis Cardinals @ New York Mets: New York Mets 53.4% [SPLIT]
    Pyth: 59.5%  XGB: 48.4%  Ens: 53.4%
  Texas Rangers @ Kansas City Royals: Texas Rangers 54.8% [AGREE]
    Pyth: 41.2%  XGB: 48.4%  Ens: 45.2%
  Atlanta Braves @ Chicago White Sox: Atlanta Braves 62.7% [AGREE]
    Pyth: 30.5%  XGB: 42.9%  Ens: 37.3%
  Chicago Cubs @ Colorado Rockies: Chicago Cubs 55.0% [AGREE]
    Pyth: 40.8%  XGB: 48.4%  Ens: 45.0%
  Milwaukee Brewers @ Athletics: Milwaukee Brewers 61.6% [AGREE]
    Pyth: 26.2%  XGB: 48.4%  Ens: 38.4%
  Houston Astros @ Los Angeles Angels: Houston Astros 51.4% [AGREE]
    Pyth: 48.9%  XGB: 48.4%  Ens: 48.6%

Step 3: Fetching LIVE sportsbook odds...
  ✓  Live odds fetched at 21:31:11. API requests remaining: 16255
  ⏱  Filtered 10 game(s) already started — picks only include upcoming games.
  Odds freshness: LIVE (range 0–3 min old)
  Pinnacle fair-prob anchor: 17/17 games on Pinnacle, rest on median devig.

======================================================================
  VALUE BETS (MONEYLINE) — Model Edge vs Vegas
======================================================================

  Milwaukee Brewers vs Athletics
    Model: 67.8% | Vegas: 50.7% | Edge: +17.1% *** STRONG ***
    Best odds: -105 at theScore Bet

  Washington Nationals vs San Francisco Giants
    Model: 62.8% | Vegas: 47.8% | Edge: +15.0% *** STRONG ***
    Best odds: +105 at Tipico

  New York Yankees vs Cleveland Guardians
    Model: 62.3% | Vegas: 48.3% | Edge: +14.0% *** STRONG ***
    Best odds: +100 at Caesars

  Philadelphia Phillies vs Toronto Blue Jays
    Model: 69.8% | Vegas: 56.2% | Edge: +13.6% *** STRONG ***
    Best odds: -140 at Caesars

  Houston Astros vs Los Angeles Angels
    Model: 60.6% | Vegas: 47.6% | Edge: +13.0% *** STRONG ***
    Best odds: +105 at Caesars

  Arizona Diamondbacks vs Miami Marlins
    Model: 62.3% | Vegas: 50.0% | Edge: +12.3% *** STRONG ***
    Best odds: -105 at BetMGM

  St. Louis Cardinals vs New York Mets
    Model: 57.1% | Vegas: 45.1% | Edge: +12.0% *** STRONG ***
    Best odds: +116 at FanDuel

  Texas Rangers vs Kansas City Royals
    Model: 63.1% | Vegas: 51.9% | Edge: +11.2% *** STRONG ***
    Best odds: -115 at Tipico

  Atlanta Braves vs Chicago White Sox
    Model: 68.5% | Vegas: 58.3% | Edge: +10.3% *** STRONG ***
    Best odds: -150 at Hard Rock Bet (OH)

  Los Angeles Dodgers vs Pittsburgh Pirates
    Model: 72.3% | Vegas: 63.9% | Edge: +8.4% ** GOOD **
    Best odds: -174 at FanDuel

  Total value bets: 10
  Average edge: +12.7%
======================================================================


  Method B — Sharp consensus (9 edges):
    St. Louis Cardinals vs New York Mets: Consensus 55.8% → Edge +10.7%
    New York Yankees vs Cleveland Guardians: Consensus 58.4% → Edge +10.2%
    Washington Nationals vs San Francisco Giants: Consensus 57.9% → Edge +10.1%
    Houston Astros vs Los Angeles Angels: Consensus 57.7% → Edge +10.1%
    Arizona Diamondbacks vs Miami Marlins: Consensus 59.7% → Edge +9.7%
    Texas Rangers vs Kansas City Royals: Consensus 61.3% → Edge +9.5%
    Milwaukee Brewers vs Athletics: Consensus 60.2% → Edge +9.5%
    Seattle Mariners vs Baltimore Orioles: Consensus 61.8% → Edge +8.7%
    Philadelphia Phillies vs Toronto Blue Jays: Consensus 64.5% → Edge +8.3%

  LOCK picks (both methods agree): arizona diamondbacks, houston astros, milwaukee brewers, new york yankees, philadelphia phillies, st. louis cardinals, texas rangers, washington nationals

══════════════════════════════════════════════════════════════════════
  TOMORROW'S TOP PLAYS — MLB · June 10, 2026
══════════════════════════════════════════════════════════════════════

  #   MARKET     BET                              ODDS      EDGE    KELLY  BOOK
  ────────────────────────────────────────────────────────────────────────
  1   TOTAL      UNDER 14.0 (Brewers@Athletic)    -105    +5.30R        —  Fanatics
  2   RUN LINE   San Diego Padres +1.5 RL         -145    +3.18R        —  Hard Rock 
  3   RUN LINE   Baltimore Orioles +1.5 RL        -155    +2.65R        —  Fanatics
  4   RUN LINE   Los Angeles Angels +1.5 RL       -160    +2.21R        —  theScore B
  5   TOTAL      UNDER 12.0 (Cubs@Rockies)        +105    +1.90R        —  theScore B
  6   MONEYLINE  Milwaukee Brewers ML             -105    +17.1%     8.5%  theScore B
  7   TOTAL      OVER 8.0 (Dodgers@Pirates)       +110    +1.70R        —  theScore B
  8   TOTAL      UNDER 9.5 (Rangers@Royals)       +100    +1.70R        —  FanDuel

  ────────────────────────────────────────────────────────────────────────

  ⚡ BEST BET: UNDER 14.0 -105 @ Fanatics
     5.30 run totals edge

  Moneyline: 1  |  Run Line: 3  |  Totals: 4
══════════════════════════════════════════════════════════════════════

  [CLV] Snapshotted opening lines for 19 pick(s) [2026-06-10]
  Moneyline card → output/picks/baseball_mlb/20260610/pick_card.png
  ML card → /Users/anthonymccrovitz/march-madness/output/picks/baseball_mlb/20260610/mlb_moneyline_card.png
  Totals card → /Users/anthonymccrovitz/march-madness/output/picks/baseball_mlb/20260610/mlb_totals_card.png
  Picks caption → output/picks/baseball_mlb/20260610/caption_picks.txt
  Auto-logged 16 pick(s) to data/pnl/picks.json

Saved picks to output/picks/baseball_mlb/20260610/

Step 6: Scanning player props for edges...
  Found 6 prop edge(s):
    Shohei Ohtani UNDER 6.5 Ks  edge=20.6%  odds=+102  [FanDuel]
    Seth Lugo UNDER 4.5 Ks  edge=17.5%  odds=+122  [FanDuel]
    Jared Jones OVER 4.5 Ks  edge=17.1%  odds=-110  [Fanatics]
    George Kirby UNDER 5.5 Ks  edge=12.0%  odds=-140  [Fanatics]
    Brandon Young UNDER 4.5 Ks  edge=11.4%  odds=-102  [FanDuel]
    MacKenzie Gore UNDER 5.5 Ks  edge=7.6%  odds=-150  [Fanatics]
  Props saved → output/picks/baseball_mlb/20260610/props.json
  Auto-logged 6 prop(s) to pnl for tracking
  Pitcher Ks card → output/picks/baseball_mlb/20260610/mlb_pitcher_ks_card.png
  Props caption → output/picks/baseball_mlb/20260610/caption_props.txt

Step 7: Building NRFI/YRFI plays...
  Found 10 NRFI/YRFI play(s):
    Texas Rangers @ Kansas City Royals NRFI  edge=17.8%
    Houston Astros @ Los Angeles Angels NRFI  edge=17.0%
    St. Louis Cardinals @ New York Mets NRFI  edge=16.8%
    Seattle Mariners @ Baltimore Orioles NRFI  edge=16.5%
    New York Yankees @ Cleveland Guardians NRFI  edge=14.2%
  NRFI picks logged to pnl (5 picks)
  (8 NRFI play(s) have live odds; 2 missing book line)
  NRFI caption → output/picks/baseball_mlb/20260610/caption_nrfi.txt

Step 8: Building F5 (first 5 innings) totals...
  Found 10 F5 edge(s):
    F5 OVER 4.5 (Philadelphia Phillies @ Toronto Blue Jays)  edge=46.8%  odds=-110  [FanDuel]  proj=7.97
    F5 OVER 4.5 (Arizona Diamondbacks @ Miami Marlins)  edge=45.2%  odds=-118  [FanDuel]  proj=8.25
    F5 UNDER 4.5 (Seattle Mariners @ Baltimore Orioles)  edge=19.3%  odds=+108  [FanDuel]  proj=4.89
    F5 UNDER 6.5 (Minnesota Twins @ Detroit Tigers)  edge=18.3%  odds=+102  [FanDuel]  proj=4.6
    F5 UNDER 4.5 (Houston Astros @ Los Angeles Angels)  edge=15.5%  odds=-110  [FanDuel]  proj=4.46
  F5 picks logged to pnl (10 added, card_pick=True)
  F5 card → output/picks/baseball_mlb/20260610/f5_card.png
  F5 caption → output/picks/baseball_mlb/20260610/caption_f5.txt
  O/U card (game totals, 5 picks) → output/picks/baseball_mlb/20260610/totals_card.png

Step 10: Generating MLB parlay card...
  ✓  Parlay card → output/picks/baseball_mlb/20260610/parlay_card.png

Step 11: Writing captions (Instagram / Twitter / Reddit)...
  ✓  instagram    → output/picks/baseball_mlb/20260610/captions/instagram.txt
  ✓  twitter      → output/picks/baseball_mlb/20260610/captions/twitter.txt
  ✓  reddit       → output/picks/baseball_mlb/20260610/captions/reddit.txt
  ✓  reddit_potd       → output/picks/baseball_mlb/20260610/captions/reddit_potd.txt
  ✓  reddit_mlb_props  → output/picks/baseball_mlb/20260610/captions/reddit_mlb_props.txt
  ✓  reddit_mlb_picks  → output/picks/baseball_mlb/20260610/captions/reddit_mlb_picks.txt
  ✓  receipts_post.txt → output/picks/baseball_mlb/20260610/receipts_post.txt
  ✓  calibration_card.png → output/picks/baseball_mlb/20260610/calibration_card.png
  ✓  show_your_work.md → output/picks/baseball_mlb/20260610/talking_head/show_your_work.md

  ════════════════════════════════════════════════════════════
  NIGHT PIPELINE — 20260610  (run at 2026-06-09 21:30)
  ════════════════════════════════════════════════════════════

  ▸ [MLB] Generating picks for 20260610...
  ✓ MLB picks done

  ▸ [MLB] Snapshotting opening lines...
  ⚠  Could not fetch odds for mlb: Unsupported sport '801b0a51af0762d5dfc08fb147692d95'. Supported: americanfootball_nfl, baseball_mlb, basketball_nba, basketball_ncaab


  ════════════════════════════════════════════════════════════════
  BET STATUS — June 10, 2026
  ════════════════════════════════════════════════════════════════

  MLB
  ────────────────────────────────────────────────────────────────
    ✅ BET NOW                       UNDER 14.0                    -105    edge 5.3%

  📌 Place ML/spread at night open. Recheck totals at T-60min after SP + lineup confirmed.

  ════════════════════════════════════════════════════════════════

  Night pipeline complete. Check logs/night.log for details.
  Run 'python3 chef.py gates' before game time to check triggers.


  Overlay — NBA Picks Pipeline
  Date: 20260610
  Fetching NBA team ratings...
  ✓  Injury data loaded (0 reported injuries)
  ✓  Team ratings loaded: 30 teams
  ✓  Player stats loaded: 582 players
  Fetching NBA odds...
  ✓  Live NBA odds fetched. API requests remaining: 16180
  Found 1 upcoming games
    San Antonio Spurs @ New York Knicks  08:40 PM ET

  Running NBA model...
  ✓  1 game edges found

  Game projections:
    San Antonio Spurs @ New York Knicks  08:40 PM ET
      Proj: 109.2 - 112.0  | Total: 227.0  | Away ML: 53%  | Home ML: 47%

  Fetching NBA player props...
  ✓  0 prop edges found
  ✓  0 unique-player props after dedup + confidence filter (0.53 ≤ p ≤ 0.78)

  Context: NBA PLAYOFFS

  Saved → output/picks/basketball_nba/20260610/picks.json
  Saved → output/picks/basketball_nba/20260610/props.json
  ✓  1 NBA pick(s) logged to pnl

                          NBA PICKS — Overlay                           
                             June 09, 2026                              
────────────────────────────────────────────────────────────────────────

  GAME PICKS (Model vs Market)
  GAME                             BET                      EDGE    ODDS  BOOK
  ────────────────────────────────────────────────────────────────────
  San Antonio Spurs @ New York Kn  OVER 216.5             +15.4%    -109  Bally Bet  [proj total 227]

  No prop edges found — NBA stats cache may be loading.

────────────────────────────────────────────────────────────────────────

  Generating NBA totals card (new design)...
  ✓  NBA totals card → output/picks/basketball_nba/20260610/nba_totals_card.png

  Generating captions...

====================================================================
  NBA PLAYOFFS CAPTIONS — JUNE 10, 2026
====================================================================

── GAME PICKS ─────────────────────────────────────────────────────

NBA Playoffs. Model ran all night. These lines have value.

Jun 10 NBA PLAYOFFS Picks 🔥
━━━━━━━━━━━━━━━
🔒 OVER 216.5 (SAN vs NEW) -109 — +15.4% edge [Bally Bet]
━━━━━━━━━━━━━━━

Picks generated by our efficiency-rating model (ORtg/DRtg/Pace). We track every result publicly — link in bio.

Not financial advice. Bet responsibly. 21+

#NBA #NBAPlayoffs #sportsbetting #NBApicks #basketballpicks #NBAtoday #NBAbasketball #basketballbetting #NBAPlayoffs2026 #playoffs #NBAplayoff

====================================================================


  NBA parlay card skipped — moneyline model incubating.

  Writing captions (Instagram / Twitter / Reddit)...
  ✓  instagram    → output/picks/basketball_nba/20260610/captions/instagram.txt
  ✓  twitter      → output/picks/basketball_nba/20260610/captions/twitter.txt
  ✓  reddit       → output/picks/basketball_nba/20260610/captions/reddit.txt
  ✓  reddit_potd       → output/picks/basketball_nba/20260610/captions/reddit_potd.txt
  ✓  reddit_nba_picks  → output/picks/basketball_nba/20260610/captions/reddit_nba_picks.txt
  ✓  receipts_post.txt → output/picks/basketball_nba/20260610/receipts_post.txt
  ✓  calibration_card.png → output/picks/basketball_nba/20260610/calibration_card.png
  ✓  show_your_work.md → output/picks/basketball_nba/20260610/talking_head/show_your_work.md
  [CLV] Snapshotted opening lines for 22 NBA pick(s)

  ════════════════════════════════════════════════════════════
  NIGHT PIPELINE — 20260610  (run at 2026-06-09 21:35)
  ════════════════════════════════════════════════════════════

  ▸ [NBA] Generating picks for 20260610...
  ✓ NBA picks done

  ▸ [NBA] Snapshotting opening lines...
  ⚠  Could not fetch odds for nba: Unsupported sport '801b0a51af0762d5dfc08fb147692d95'. Supported: americanfootball_nfl, baseball_mlb, basketball_nba, basketball_ncaab


  ════════════════════════════════════════════════════════════════
  BET STATUS — June 10, 2026
  ════════════════════════════════════════════════════════════════

  MLB
  ────────────────────────────────────────────────────────────────
    ✅ BET NOW                       UNDER 14.0                    -105    edge 5.3%

  📌 Place ML/spread at night open. Recheck totals at T-60min after SP + lineup confirmed.

  NBA
  ────────────────────────────────────────────────────────────────
    ⏳ HOLD — wait for inactives     OVER 216.5                    -109    edge 15.4%

  📌 Never bet at open. Always wait for inactives. Load management can swing totals 4-6pts.

  ════════════════════════════════════════════════════════════════

  Night pipeline complete. Check logs/night.log for details.
  Run 'python3 chef.py gates' before game time to check triggers.


  [NHL] Generating picks for 2026-06-10
  ℹ  No NHL games found for today (off-day or API unavailable)
  ✓  Live NHL odds fetched. API requests remaining: 16163
  ℹ  No NHL games on the 2026-06-10 slate (off-day) — skipping. No card pick.

  ════════════════════════════════════════════════════════════
  NIGHT PIPELINE — 20260610  (run at 2026-06-09 21:40)
  ════════════════════════════════════════════════════════════

  ▸ [NHL] Generating picks for 20260610...
  ✓ NHL picks done

  ▸ [NHL] Snapshotting opening lines...
  ⚠  Could not fetch odds for nhl: Unsupported sport '801b0a51af0762d5dfc08fb147692d95'. Supported: americanfootball_nfl, baseball_mlb, basketball_nba, basketball_ncaab


  ════════════════════════════════════════════════════════════════
  BET STATUS — June 10, 2026
  ════════════════════════════════════════════════════════════════

  MLB
  ────────────────────────────────────────────────────────────────
    ✅ BET NOW                       UNDER 14.0                    -105    edge 5.3%

  📌 Place ML/spread at night open. Recheck totals at T-60min after SP + lineup confirmed.

  NBA
  ────────────────────────────────────────────────────────────────
    ⏳ HOLD — wait for inactives     OVER 216.5                    -109    edge 15.4%

  📌 Never bet at open. Always wait for inactives. Load management can swing totals 4-6pts.

  ════════════════════════════════════════════════════════════════

  Night pipeline complete. Check logs/night.log for details.
  Run 'python3 chef.py gates' before game time to check triggers.


============================================================
  WNBA Picks — June 10, 2026
============================================================
  [wnba] Fetched 5 events from The Odds API.

  2 game(s) on slate:
    Connecticut Sun @ Toronto Tempo
    Los Angeles Sparks @ Seattle Storm

  Running WNBA model...

  Found 8 edge(s):
    Toronto Tempo                   spread    edge=+49.0%  odds=+100  [theScore Bet]
    Los Angeles Sparks              spread    edge=+25.1%  odds=-110  [FanDuel]
    UNDER 169.5                     total     edge=+22.7%  odds=-102  [BetMGM]
    UNDER 170.0                     total     edge=+22.0%  odds=-110  [Fanatics]
    UNDER 169.5                     total     edge=+19.9%  odds=-110  [DraftKings]
    UNDER 168.5                     total     edge=+18.9%  odds=-105  [theScore Bet]
    Seattle Storm                   moneyline  edge=+15.9%  odds=+200  [Fliff]
    Toronto Tempo                   moneyline  edge=+13.9%  odds=-290  [FanDuel]

  Picks saved → output/picks/basketball_wnba/20260610/picks.json
  Caption [instagram] → output/picks/basketball_wnba/20260610/captions/instagram.txt
  Caption [twitter] → output/picks/basketball_wnba/20260610/captions/twitter.txt
  Caption [reddit] → output/picks/basketball_wnba/20260610/captions/reddit.txt
  [PAUSED] WNBA picks not logged to pnl (shadow tracking only).

============================================================


  ════════════════════════════════════════════════════════════
  NIGHT PIPELINE — 20260610  (run at 2026-06-09 21:45)
  ════════════════════════════════════════════════════════════

  ▸ [WNBA] Generating picks for 20260610...
  ✓ WNBA picks done

  ▸ [WNBA] Snapshotting opening lines...
  ⚠  Could not fetch odds for wnba: Unsupported sport '801b0a51af0762d5dfc08fb147692d95'. Supported: americanfootball_nfl, baseball_mlb, basketball_nba, basketball_ncaab


  ════════════════════════════════════════════════════════════════
  BET STATUS — June 10, 2026
  ════════════════════════════════════════════════════════════════

  MLB
  ────────────────────────────────────────────────────────────────
    ✅ BET NOW                       UNDER 14.0                    -105    edge 5.3%

  📌 Place ML/spread at night open. Recheck totals at T-60min after SP + lineup confirmed.

  NBA
  ────────────────────────────────────────────────────────────────
    ⏳ HOLD — wait for inactives     OVER 216.5                    -109    edge 15.4%

  📌 Never bet at open. Always wait for inactives. Load management can swing totals 4-6pts.

  ════════════════════════════════════════════════════════════════

  Night pipeline complete. Check logs/night.log for details.
  Run 'python3 chef.py gates' before game time to check triggers.

/Library/Frameworks/Python.framework/Versions/3.11/lib/python3.11/site-packages/joblib/externals/loky/backend/context.py:136: UserWarning: Could not find the number of physical cores for the following reason:
[Errno 2] No such file or directory: 'sysctl'
Returning the number of logical cores instead. You can silence this warning by setting LOKY_MAX_CPU_COUNT to the number of cores you want to use.
  warnings.warn(
  File "/Library/Frameworks/Python.framework/Versions/3.11/lib/python3.11/site-packages/joblib/externals/loky/backend/context.py", line 270, in _count_physical_cores
    cpu_info = subprocess.run(
               ^^^^^^^^^^^^^^^
  File "/Library/Frameworks/Python.framework/Versions/3.11/lib/python3.11/subprocess.py", line 548, in run
    with Popen(*popenargs, **kwargs) as process:
         ^^^^^^^^^^^^^^^^^^^^^^^^^^^
  File "/Library/Frameworks/Python.framework/Versions/3.11/lib/python3.11/subprocess.py", line 1024, in __init__
    self._execute_child(args, executable, preexec_fn, close_fds,
  File "/Library/Frameworks/Python.framework/Versions/3.11/lib/python3.11/subprocess.py", line 1917, in _execute_child
    raise child_exception_type(errno_num, err_msg, err_filename)

======================================================================
  MARCH MADNESS 2026 — AI BRACKET PREDICTOR
======================================================================


======================================================================
  OVERLAY DAILY — baseball_mlb
======================================================================

Step 1: Fetching MLB schedule and team stats...
  Found 8 games
    St. Louis Cardinals (Hunter Dobbins) @ New York Mets (Christian Scott)
    Minnesota Twins (Zebby Matthews) @ Detroit Tigers (Keider Montero)
    Arizona Diamondbacks (Merrill Kelly) @ Miami Marlins (Tyler Phillips)
    Texas Rangers (Kumar Rocker) @ Kansas City Royals (Michael Wacha)
    Chicago Cubs (Edward Cabrera) @ Colorado Rockies (Ryan Feltner)
    Los Angeles Dodgers (Justin Wrobleski) @ Pittsburgh Pirates (Mitch Keller)
    Seattle Mariners (Bryan Woo) @ Baltimore Orioles (Kyle Bradish)
    Atlanta Braves (Martín Pérez) @ Chicago White Sox (TBD)

Step 2: Running ensemble (4 models + Pythagorean) — v6 features, 91 total...
  St. Louis Cardinals @ New York Mets: St. Louis Cardinals 50.2% [SPLIT]
    Pyth: 51.6%  XGB: 48.4%  Ens: 49.8%
  Minnesota Twins @ Detroit Tigers: Minnesota Twins 51.9% [AGREE]
    Pyth: 47.7%  XGB: 48.4%  Ens: 48.1%
  Arizona Diamondbacks @ Miami Marlins: Miami Marlins 59.3% [SPLIT]
    Pyth: 72.6%  XGB: 48.4%  Ens: 59.3%
  Texas Rangers @ Kansas City Royals: Texas Rangers 54.0% [AGREE]
    Pyth: 43.0%  XGB: 48.4%  Ens: 46.0%
  Chicago Cubs @ Colorado Rockies: Colorado Rockies 59.3% [AGREE]
    Pyth: 60.6%  XGB: 58.2%  Ens: 59.3%
  Los Angeles Dodgers @ Pittsburgh Pirates: Los Angeles Dodgers 65.0% [AGREE]
    Pyth: 25.4%  XGB: 42.9%  Ens: 35.0%
  Seattle Mariners @ Baltimore Orioles: Baltimore Orioles 50.9% [SPLIT]
    Pyth: 53.9%  XGB: 48.4%  Ens: 50.9%
  Atlanta Braves @ Chicago White Sox: Atlanta Braves 57.5% [AGREE]
    Pyth: 41.9%  XGB: 42.9%  Ens: 42.5%

Step 3: Fetching LIVE sportsbook odds...
  ✓  Live odds fetched at 21:30:46. API requests remaining: 15609
  ⏱  Filtered 9 game(s) already started — picks only include upcoming games.
  Odds freshness: LIVE (range 0–7 min old)
  Pinnacle fair-prob anchor: 8/9 games on Pinnacle, rest on median devig.

======================================================================
  VALUE BETS (MONEYLINE) — Model Edge vs Vegas
======================================================================

  St. Louis Cardinals vs New York Mets
    Model: 60.1% | Vegas: 43.4% | Edge: +16.7% *** STRONG ***
    Best odds: +122 at FanDuel

  Texas Rangers vs Kansas City Royals
    Model: 63.0% | Vegas: 46.7% | Edge: +16.2% *** STRONG ***
    Best odds: +105 at theScore Bet

  Minnesota Twins vs Detroit Tigers
    Model: 61.4% | Vegas: 46.7% | Edge: +14.7% *** STRONG ***
    Best odds: +105 at Fliff

  Atlanta Braves vs Chicago White Sox
    Model: 65.6% | Vegas: 51.8% | Edge: +13.8% *** STRONG ***
    Best odds: -116 at FanDuel

  Los Angeles Dodgers vs Pittsburgh Pirates
    Model: 70.9% | Vegas: 58.7% | Edge: +12.2% *** STRONG ***
    Best odds: -150 at theScore Bet

  Seattle Mariners vs Baltimore Orioles
    Model: 59.3% | Vegas: 50.9% | Edge: +8.4% ** GOOD **
    Best odds: -110 at Fanatics

  Total value bets: 6
  Average edge: +13.7%
======================================================================


  Method B — Sharp consensus (7 edges):
    Texas Rangers vs Kansas City Royals: Consensus 57.6% → Edge +10.9%
    Minnesota Twins vs Detroit Tigers: Consensus 57.6% → Edge +10.9%
    Houston Astros vs Los Angeles Angels: Consensus 57.8% → Edge +10.9%
    Arizona Diamondbacks vs Miami Marlins: Consensus 59.5% → Edge +10.2%
    Seattle Mariners vs Baltimore Orioles: Consensus 60.8% → Edge +9.9%
    Atlanta Braves vs Chicago White Sox: Consensus 61.1% → Edge +9.3%
    Chicago Cubs vs Colorado Rockies: Consensus 65.9% → Edge +8.2%

  LOCK picks (both methods agree): atlanta braves, minnesota twins, seattle mariners, texas rangers

══════════════════════════════════════════════════════════════════════
  TOMORROW'S TOP PLAYS — MLB · June 11, 2026
══════════════════════════════════════════════════════════════════════

  #   MARKET     BET                              ODDS      EDGE    KELLY  BOOK
  ────────────────────────────────────────────────────────────────────────
  1   TOTAL      UNDER 10.0 (Rangers@Royals)      +105    +2.10R        —  Caesars
  2   MONEYLINE  St. Louis Cardinals ML           +122    +16.7%     6.8%  FanDuel
  3   MONEYLINE  Texas Rangers ML                 +105    +16.2%     6.9%  theScore B
  4   TOTAL      UNDER 9.0 (Twins@Tigers)         +100    +1.60R        —  FanDuel
  5   TOTAL      OVER 8.5 (Mariners@Orioles)      -105    +1.60R        —  Fanatics
  6   MONEYLINE  Minnesota Twins ML               +105    +14.7%     6.2%  Fliff
  7   TOTAL      UNDER 9.5 (Dodgers@Pirates)      +100    +1.40R        —  Caesars
  8   MONEYLINE  Atlanta Braves ML                -116    +13.8%     6.4%  FanDuel

  ────────────────────────────────────────────────────────────────────────

  ⚡ BEST BET: UNDER 10.0 +105 @ Caesars
     2.10 run totals edge

  Moneyline: 4  |  Run Line: 0  |  Totals: 4
══════════════════════════════════════════════════════════════════════

  [CLV] Snapshotted opening lines for 13 pick(s) [2026-06-11]
  Moneyline card → output/picks/baseball_mlb/20260611/pick_card.png
  ML card → /Users/anthonymccrovitz/march-madness/output/picks/baseball_mlb/20260611/mlb_moneyline_card.png
  Totals card → /Users/anthonymccrovitz/march-madness/output/picks/baseball_mlb/20260611/mlb_totals_card.png
  Picks caption → output/picks/baseball_mlb/20260611/caption_picks.txt
  Auto-logged 13 pick(s) to data/pnl/picks.json

Saved picks to output/picks/baseball_mlb/20260611/

Step 6: Scanning player props for edges...
  No prop edges found (no ODDS_API_KEY, or no lines posted yet).

Step 7: Building NRFI/YRFI plays...
  Found 7 NRFI/YRFI play(s):
    Texas Rangers @ Kansas City Royals NRFI  edge=21.4%
    St. Louis Cardinals @ New York Mets NRFI  edge=21.0%
    Chicago Cubs @ Colorado Rockies NRFI  edge=17.6%
    Seattle Mariners @ Baltimore Orioles NRFI  edge=17.2%
    Minnesota Twins @ Detroit Tigers NRFI  edge=16.7%
  NRFI picks logged to pnl (5 picks)
  (7 NRFI play(s) have live odds; 0 missing book line)
  NRFI caption → output/picks/baseball_mlb/20260611/caption_nrfi.txt

Step 8: Building F5 (first 5 innings) totals...
  Found 8 F5 edge(s):
    F5 UNDER 4.5 (St. Louis Cardinals @ New York Mets)  edge=18.4%  odds=+104  [FanDuel]  proj=2.74
    F5 UNDER 4.5 (Minnesota Twins @ Detroit Tigers)  edge=17.8%  odds=+108  [FanDuel]  proj=5.25
    F5 UNDER 4.5 (Arizona Diamondbacks @ Miami Marlins)  edge=17.1%  odds=-102  [FanDuel]  proj=4.13
    F5 UNDER 4.5 (Atlanta Braves @ Chicago White Sox)  edge=16.1%  odds=-106  [FanDuel]  proj=4.45
    F5 UNDER 5.5 (Texas Rangers @ Kansas City Royals)  edge=14.5%  odds=-114  [FanDuel]  proj=4.47
  F5 picks logged to pnl (8 added, card_pick=True)
  F5 card → output/picks/baseball_mlb/20260611/f5_card.png
  F5 caption → output/picks/baseball_mlb/20260611/caption_f5.txt
  O/U card (game totals, 4 picks) → output/picks/baseball_mlb/20260611/totals_card.png

Step 10: Generating MLB parlay card...
  ✓  Parlay card → output/picks/baseball_mlb/20260611/parlay_card.png

Step 11: Writing captions (Instagram / Twitter / Reddit)...
  ✓  instagram    → output/picks/baseball_mlb/20260611/captions/instagram.txt
  ✓  twitter      → output/picks/baseball_mlb/20260611/captions/twitter.txt
  ✓  reddit       → output/picks/baseball_mlb/20260611/captions/reddit.txt
  ✓  reddit_potd       → output/picks/baseball_mlb/20260611/captions/reddit_potd.txt
  ✓  reddit_mlb_picks  → output/picks/baseball_mlb/20260611/captions/reddit_mlb_picks.txt
  ✓  receipts_post.txt → output/picks/baseball_mlb/20260611/receipts_post.txt
  ✓  calibration_card.png → output/picks/baseball_mlb/20260611/calibration_card.png
  ✓  show_your_work.md → output/picks/baseball_mlb/20260611/talking_head/show_your_work.md

  ════════════════════════════════════════════════════════════
  NIGHT PIPELINE — 20260611  (run at 2026-06-10 21:30)
  ════════════════════════════════════════════════════════════

  ▸ [MLB] Generating picks for 20260611...
  ✓ MLB picks done

  ▸ [MLB] Snapshotting opening lines...
  ⚠  Could not fetch odds for mlb: Unsupported sport '801b0a51af0762d5dfc08fb147692d95'. Supported: americanfootball_nfl, baseball_mlb, basketball_nba, basketball_ncaab


  ════════════════════════════════════════════════════════════════
  BET STATUS — June 11, 2026
  ════════════════════════════════════════════════════════════════

  MLB
  ────────────────────────────────────────────────────────────────
    ✅ BET NOW                       Chicago Cubs                  -142    edge 8.2%

  📌 Place ML/spread at night open. Recheck totals at T-60min after SP + lineup confirmed.

  ════════════════════════════════════════════════════════════════

  Night pipeline complete. Check logs/night.log for details.
  Run 'python3 chef.py gates' before game time to check triggers.


  Overlay — NBA Picks Pipeline
  Date: 20260611
  Fetching NBA team ratings...
  ✓  Injury data loaded (0 reported injuries)
  ✓  Team ratings loaded: 30 teams
  ✓  Player stats loaded: 582 players
  Fetching NBA odds...
  ✓  Live NBA odds fetched. API requests remaining: 15580
  ℹ  No NBA games on the 20260611 slate (off-day) — skipping. No card pick.

  ════════════════════════════════════════════════════════════
  NIGHT PIPELINE — 20260611  (run at 2026-06-10 21:35)
  ════════════════════════════════════════════════════════════

  ▸ [NBA] Generating picks for 20260611...
  ✓ NBA picks done

  ▸ [NBA] Snapshotting opening lines...
  ⚠  Could not fetch odds for nba: Unsupported sport '801b0a51af0762d5dfc08fb147692d95'. Supported: americanfootball_nfl, baseball_mlb, basketball_nba, basketball_ncaab


  ════════════════════════════════════════════════════════════════
  BET STATUS — June 11, 2026
  ════════════════════════════════════════════════════════════════

  MLB
  ────────────────────────────────────────────────────────────────
    ✅ BET NOW                       Chicago Cubs                  -142    edge 8.2%

  📌 Place ML/spread at night open. Recheck totals at T-60min after SP + lineup confirmed.

  ════════════════════════════════════════════════════════════════

  Night pipeline complete. Check logs/night.log for details.
  Run 'python3 chef.py gates' before game time to check triggers.


  [NHL] Generating picks for 2026-06-11
  ✓  1 NHL game(s) on the slate today
  ✓  Live NHL odds fetched. API requests remaining: 15577
  ✓  1 game(s) with odds on the slate

  ════════════════════════════════════════════════════════════════════════
  NHL PICKS — THURSDAY JUNE 11, 2026
  ────────────────────────────────────────────────────────────────────────
  MATCHUP / BET                         ODDS   EDGE   PROJ  MARKET
  ────────────────────────────────────────────────────────────────────────
  Under 6.0                       -102  +6.4%    5.6  TOT 6.0
    ↳ Vegas Golden Knights @ Carolina Hurr
    ↳ Projected total: 5.6 | Home win: 57.3% | Home -1.5: 30.1%

  ────────────────────────────────────────────────────────────────────────
  1 edge(s) found  |  NHL Playoffs  |  min edge: 8%
  ════════════════════════════════════════════════════════════════════════

  ✓  Saved 1 picks + 1 projections → output/picks/icehockey_nhl/20260611/picks.json
  ✓  Auto-logged 1 pick(s) to data/pnl/picks.json

  ════════════════════════════════════════════════════════════════════════
  NHL SLATE — JUNE 11
  ────────────────────────────────────────────────────────────────────────
  MATCHUP                                 PROJ    HW%  TIME
  ────────────────────────────────────────────────────────────────────────
  Vegas Golden Knights @ Carolina Hurric   6.4   57%  08:20 PM ET
  ════════════════════════════════════════════════════════════════════════

  ✓  Card: nhl_picks_card → nhl_picks_card.png
  ✓  Card: nhl_totals_card → nhl_totals_card.png
  [stats] updated — 137W-101L (57.6% WR)  +32.48u  ROI +13.9%  | NRFI 0-0 (0.0%)

  ════════════════════════════════════════════════════════════
  NIGHT PIPELINE — 20260611  (run at 2026-06-10 21:40)
  ════════════════════════════════════════════════════════════

  ▸ [NHL] Generating picks for 20260611...
  ✓ NHL picks done

  ▸ [NHL] Snapshotting opening lines...
  ⚠  Could not fetch odds for nhl: Unsupported sport '801b0a51af0762d5dfc08fb147692d95'. Supported: americanfootball_nfl, baseball_mlb, basketball_nba, basketball_ncaab


  ════════════════════════════════════════════════════════════════
  BET STATUS — June 11, 2026
  ════════════════════════════════════════════════════════════════

  MLB
  ────────────────────────────────────────────────────────────────
    ✅ BET NOW                       Chicago Cubs                  -142    edge 8.2%

  📌 Place ML/spread at night open. Recheck totals at T-60min after SP + lineup confirmed.

  NHL
  ────────────────────────────────────────────────────────────────
    ⏳ HOLD — wait for goalie        Under 6.0                     -102    edge 6.4%

  📌 Moneylines: bet at open. Totals: wait for starting goalie (changes line 0.5–1.0 goals).

  ════════════════════════════════════════════════════════════════

  Night pipeline complete. Check logs/night.log for details.
  Run 'python3 chef.py gates' before game time to check triggers.


============================================================
  WNBA Picks — June 11, 2026
============================================================
  [wnba] Fetched 6 events from The Odds API.

  4 game(s) on slate:
    Chicago Sky @ Indiana Fever
    New York Liberty @ Atlanta Dream
    Phoenix Mercury @ Dallas Wings
    Las Vegas Aces @ Portland Fire

  Running WNBA model...

  Found 17 edge(s):
    Indiana Fever                   spread    edge=+46.8%  odds=-108  [betPARX]
    Las Vegas Aces                  spread    edge=+42.7%  odds=-105  [BetMGM]
    Dallas Wings                    spread    edge=+42.3%  odds=-106  [FanDuel]
    Dallas Wings                    spread    edge=+41.6%  odds=-105  [Fanatics]
    Dallas Wings                    spread    edge=+39.9%  odds=-109  [betPARX]
    Atlanta Dream                   spread    edge=+30.9%  odds=-105  [BetMGM]
    Atlanta Dream                   spread    edge=+28.2%  odds=-110  [Fanatics]
    Atlanta Dream                   spread    edge=+26.5%  odds=-115  [Fliff]
    UNDER 173.5                     total     edge=+18.7%  odds=-110  [FanDuel]
    UNDER 172.5                     total     edge=+17.7%  odds=-105  [theScore Bet]

  Picks saved → output/picks/basketball_wnba/20260611/picks.json
  Caption [instagram] → output/picks/basketball_wnba/20260611/captions/instagram.txt
  Caption [twitter] → output/picks/basketball_wnba/20260611/captions/twitter.txt
  Caption [reddit] → output/picks/basketball_wnba/20260611/captions/reddit.txt
  [PAUSED] WNBA picks not logged to pnl (shadow tracking only).
  [CLV] Snapshotted 14 WNBA pick(s)

============================================================


  ════════════════════════════════════════════════════════════
  NIGHT PIPELINE — 20260611  (run at 2026-06-10 21:45)
  ════════════════════════════════════════════════════════════

  ▸ [WNBA] Generating picks for 20260611...
  ✓ WNBA picks done

  ▸ [WNBA] Snapshotting opening lines...
  ⚠  Could not fetch odds for wnba: Unsupported sport '801b0a51af0762d5dfc08fb147692d95'. Supported: americanfootball_nfl, baseball_mlb, basketball_nba, basketball_ncaab


  ════════════════════════════════════════════════════════════════
  BET STATUS — June 11, 2026
  ════════════════════════════════════════════════════════════════

  MLB
  ────────────────────────────────────────────────────────────────
    ✅ BET NOW                       Chicago Cubs                  -142    edge 8.2%

  📌 Place ML/spread at night open. Recheck totals at T-60min after SP + lineup confirmed.

  NHL
  ────────────────────────────────────────────────────────────────
    ⏳ HOLD — wait for goalie        Under 6.0                     -102    edge 6.4%

  📌 Moneylines: bet at open. Totals: wait for starting goalie (changes line 0.5–1.0 goals).

  ════════════════════════════════════════════════════════════════

  Night pipeline complete. Check logs/night.log for details.
  Run 'python3 chef.py gates' before game time to check triggers.

/Library/Frameworks/Python.framework/Versions/3.11/lib/python3.11/site-packages/joblib/externals/loky/backend/context.py:136: UserWarning: Could not find the number of physical cores for the following reason:
[Errno 2] No such file or directory: 'sysctl'
Returning the number of logical cores instead. You can silence this warning by setting LOKY_MAX_CPU_COUNT to the number of cores you want to use.
  warnings.warn(
  File "/Library/Frameworks/Python.framework/Versions/3.11/lib/python3.11/site-packages/joblib/externals/loky/backend/context.py", line 270, in _count_physical_cores
    cpu_info = subprocess.run(
               ^^^^^^^^^^^^^^^
  File "/Library/Frameworks/Python.framework/Versions/3.11/lib/python3.11/subprocess.py", line 548, in run
    with Popen(*popenargs, **kwargs) as process:
         ^^^^^^^^^^^^^^^^^^^^^^^^^^^
  File "/Library/Frameworks/Python.framework/Versions/3.11/lib/python3.11/subprocess.py", line 1024, in __init__
    self._execute_child(args, executable, preexec_fn, close_fds,
  File "/Library/Frameworks/Python.framework/Versions/3.11/lib/python3.11/subprocess.py", line 1917, in _execute_child
    raise child_exception_type(errno_num, err_msg, err_filename)

======================================================================
  MARCH MADNESS 2026 — AI BRACKET PREDICTOR
======================================================================


======================================================================
  OVERLAY DAILY — baseball_mlb
======================================================================

Step 1: Fetching MLB schedule and team stats...
  Found 15 games
    Miami Marlins (Max Meyer) @ Pittsburgh Pirates (Paul Skenes)
    San Diego Padres (Walker Buehler) @ Baltimore Orioles (Trevor Rogers)
    Seattle Mariners (Emerson Hancock) @ Washington Nationals (Miles Mikolas)
    New York Yankees (Will Warren) @ Toronto Blue Jays (Patrick Corbin)
    Arizona Diamondbacks (Zac Gallen) @ Cincinnati Reds (Andrew Abbott)
    Detroit Tigers (Casey Mize) @ Cleveland Guardians (Gavin Williams)
    Atlanta Braves (Bryce Elder) @ New York Mets (Freddy Peralta)
    Houston Astros (Spencer Arrighetti) @ Kansas City Royals (Stephen Kolek)
    St. Louis Cardinals (Michael McGreevy) @ Minnesota Twins (Taj Bradley)
    Los Angeles Dodgers (Emmet Sheehan) @ Chicago White Sox (Erick Fedde)
    Philadelphia Phillies (Cristopher Sánchez) @ Milwaukee Brewers (Kyle Harrison)
    Colorado Rockies (Tomoyuki Sugano) @ Athletics (Jeffrey Springs)
    Chicago Cubs (Colin Rea) @ San Francisco Giants (Logan Webb)
    Tampa Bay Rays (TBD) @ Los Angeles Angels (Grayson Rodriguez)
    Texas Rangers (Nathan Eovaldi) @ Boston Red Sox (Connelly Early)

Step 2: Running ensemble (4 models + Pythagorean) — v6 features, 91 total...
  Miami Marlins @ Pittsburgh Pirates: Miami Marlins 52.1% [AGREE]
    Pyth: 47.4%  XGB: 48.4%  Ens: 47.9%
  San Diego Padres @ Baltimore Orioles: San Diego Padres 58.3% [AGREE]
    Pyth: 40.1%  XGB: 42.9%  Ens: 41.7%
  Seattle Mariners @ Washington Nationals: Seattle Mariners 63.7% [AGREE]
    Pyth: 28.3%  XGB: 42.9%  Ens: 36.3%
  New York Yankees @ Toronto Blue Jays: New York Yankees 59.1% [AGREE]
    Pyth: 31.8%  XGB: 48.4%  Ens: 40.9%
  Arizona Diamondbacks @ Cincinnati Reds: Cincinnati Reds 63.8% [AGREE]
    Pyth: 63.3%  XGB: 64.1%  Ens: 63.8%
  Detroit Tigers @ Cleveland Guardians: Detroit Tigers 52.2% [AGREE]
    Pyth: 47.1%  XGB: 48.4%  Ens: 47.8%
  Atlanta Braves @ New York Mets: Atlanta Braves 59.3% [AGREE]
    Pyth: 31.2%  XGB: 48.4%  Ens: 40.7%
  Houston Astros @ Kansas City Royals: Houston Astros 54.1% [AGREE]
    Pyth: 49.6%  XGB: 42.9%  Ens: 45.9%
  St. Louis Cardinals @ Minnesota Twins: St. Louis Cardinals 54.4% [AGREE]
    Pyth: 42.1%  XGB: 48.4%  Ens: 45.6%
  Los Angeles Dodgers @ Chicago White Sox: Los Angeles Dodgers 54.6% [AGREE]
    Pyth: 41.8%  XGB: 48.4%  Ens: 45.4%
  Philadelphia Phillies @ Milwaukee Brewers: Milwaukee Brewers 50.5% [SPLIT]
    Pyth: 53.1%  XGB: 48.4%  Ens: 50.5%
  Colorado Rockies @ Athletics: Athletics 52.4% [SPLIT]
    Pyth: 51.3%  XGB: 48.4%  Ens: 52.4%
  Chicago Cubs @ San Francisco Giants: San Francisco Giants 59.8% [AGREE]
    Pyth: 61.7%  XGB: 58.2%  Ens: 59.8%
  Tampa Bay Rays @ Los Angeles Angels: Tampa Bay Rays 62.4% [AGREE]
    Pyth: 31.1%  XGB: 42.9%  Ens: 37.6%
  Texas Rangers @ Boston Red Sox: Boston Red Sox 53.3% [SPLIT]
    Pyth: 59.2%  XGB: 48.4%  Ens: 53.3%

Step 3: Fetching LIVE sportsbook odds...
  ✓  Live odds fetched at 21:31:12. API requests remaining: 14361
  ⏱  Filtered 2 game(s) already started — picks only include upcoming games.
  Odds freshness: LIVE (range 0–14 min old)
  ⚠  Some lines up to 14 min old — verify before placing bets
  Pinnacle fair-prob anchor: 17/17 games on Pinnacle, rest on median devig.
  Dropped 3 ML row(s) with edge > 20% (likely bad odds).

======================================================================
  VALUE BETS (MONEYLINE) — Model Edge vs Vegas
======================================================================

  Atlanta Braves vs New York Mets
    Model: 66.7% | Vegas: 48.4% | Edge: +18.4% *** STRONG ***
    Best odds: +102 at FanDuel

  Tampa Bay Rays vs Los Angeles Angels
    Model: 68.8% | Vegas: 51.4% | Edge: +17.4% *** STRONG ***
    Best odds: -112 at FanDuel

  Colorado Rockies vs Athletics
    Model: 58.6% | Vegas: 41.9% | Edge: +16.8% *** STRONG ***
    Best odds: +136 at FanDuel

  Houston Astros vs Kansas City Royals
    Model: 63.1% | Vegas: 46.9% | Edge: +16.2% *** STRONG ***
    Best odds: +105 at Fanatics

  St. Louis Cardinals vs Minnesota Twins
    Model: 63.4% | Vegas: 48.8% | Edge: +14.5% *** STRONG ***
    Best odds: +100 at theScore Bet

  Seattle Mariners vs Washington Nationals
    Model: 69.7% | Vegas: 55.9% | Edge: +13.8% *** STRONG ***
    Best odds: -140 at Caesars

  Detroit Tigers vs Cleveland Guardians
    Model: 61.8% | Vegas: 48.0% | Edge: +13.8% *** STRONG ***
    Best odds: +102 at betPARX

  New York Yankees vs Toronto Blue Jays
    Model: 66.6% | Vegas: 52.8% | Edge: +13.7% *** STRONG ***
    Best odds: -120 at FanDuel

  Texas Rangers vs Boston Red Sox
    Model: 58.0% | Vegas: 49.8% | Edge: +8.2% ** GOOD **
    Best odds: -104 at FanDuel

  Philadelphia Phillies vs Milwaukee Brewers
    Model: 59.9% | Vegas: 51.9% | Edge: +8.1% ** GOOD **
    Best odds: -118 at DraftKings

  Total value bets: 10
  Average edge: +14.1%
======================================================================


  Method B — Sharp consensus (13 edges):
    Colorado Rockies vs Athletics: Consensus 51.8% → Edge +13.5%
    Miami Marlins vs Pittsburgh Pirates: Consensus 53.1% → Edge +13.0%
    San Diego Padres vs Baltimore Orioles: Consensus 57.3% → Edge +12.3%
    Houston Astros vs Kansas City Royals: Consensus 58.5% → Edge +11.5%
    Detroit Tigers vs Cleveland Guardians: Consensus 58.8% → Edge +10.8%
    Atlanta Braves vs New York Mets: Consensus 59.0% → Edge +10.7%
    St. Louis Cardinals vs Minnesota Twins: Consensus 59.5% → Edge +10.6%
    Arizona Diamondbacks vs Cincinnati Reds: Consensus 60.6% → Edge +10.6%
    Texas Rangers vs Boston Red Sox: Consensus 60.0% → Edge +10.2%
    Philadelphia Phillies vs Milwaukee Brewers: Consensus 61.7% → Edge +9.9%
    Tampa Bay Rays vs Los Angeles Angels: Consensus 61.1% → Edge +9.7%
    New York Yankees vs Toronto Blue Jays: Consensus 62.5% → Edge +9.6%
    Seattle Mariners vs Washington Nationals: Consensus 64.8% → Edge +8.9%

  LOCK picks (both methods agree): atlanta braves, colorado rockies, detroit tigers, houston astros, new york yankees, philadelphia phillies, seattle mariners, st. louis cardinals, tampa bay rays, texas rangers

══════════════════════════════════════════════════════════════════════
  TOMORROW'S TOP PLAYS — MLB · June 14, 2026
══════════════════════════════════════════════════════════════════════

  #   MARKET     BET                              ODDS      EDGE    KELLY  BOOK
  ────────────────────────────────────────────────────────────────────────
  1   TOTAL      UNDER 14.0 (Rockies@Athletic)    -105    +6.80R        —  FanDuel
  2   RUN LINE   San Diego Padres +1.5 RL         -170    +2.59R        —  Caesars
  3   MONEYLINE  Atlanta Braves ML                +102    +18.4%     8.5%  FanDuel
  4   MONEYLINE  Tampa Bay Rays ML                -112    +17.4%     8.5%  FanDuel
  5   MONEYLINE  Colorado Rockies ML              +136    +16.8%     7.0%  FanDuel
  6   MONEYLINE  Houston Astros ML                +105    +16.2%     7.0%  Fanatics
  7   TOTAL      OVER 9.5 (Mariners@Nationa)      -104    +1.60R        —  FanDuel
  8   TOTAL      UNDER 10.0 (Dodgers@Sox)         +100    +1.50R        —  FanDuel

  ────────────────────────────────────────────────────────────────────────

  ⚡ BEST BET: UNDER 14.0 -105 @ FanDuel
     6.80 run totals edge

  Moneyline: 4  |  Run Line: 1  |  Totals: 3
══════════════════════════════════════════════════════════════════════

  [CLV] Snapshotted opening lines for 19 pick(s) [2026-06-14]
  Moneyline card → output/picks/baseball_mlb/20260614/pick_card.png
  ML card → /Users/anthonymccrovitz/march-madness/output/picks/baseball_mlb/20260614/mlb_moneyline_card.png
  Totals card → /Users/anthonymccrovitz/march-madness/output/picks/baseball_mlb/20260614/mlb_totals_card.png
  Picks caption → output/picks/baseball_mlb/20260614/caption_picks.txt
  Auto-logged 19 pick(s) to data/pnl/picks.json

Saved picks to output/picks/baseball_mlb/20260614/

Step 6: Scanning player props for edges...
  Found 7 prop edge(s):
    Bryce Elder UNDER 4.5 Ks  edge=19.3%  odds=-120  [FanDuel]
    Connelly Early UNDER 5.5 Ks  edge=8.9%  odds=+108  [FanDuel]
    Emmet Sheehan UNDER 5.5 Ks  edge=7.7%  odds=-128  [FanDuel]
    Paul Skenes UNDER 6.5 Ks  edge=5.5%  odds=+102  [FanDuel]
    Will Warren UNDER 5.5 Ks  edge=5.5%  odds=-162  [FanDuel]
    Patrick Corbin UNDER 3.5 Ks  edge=5.5%  odds=+130  [FanDuel]
    Freddy Peralta UNDER 5.5 Ks  edge=4.4%  odds=-122  [FanDuel]
  Props saved → output/picks/baseball_mlb/20260614/props.json
  Auto-logged 7 prop(s) to pnl for tracking
  Pitcher Ks card → output/picks/baseball_mlb/20260614/mlb_pitcher_ks_card.png
  Props caption → output/picks/baseball_mlb/20260614/caption_props.txt

Step 7: Building NRFI/YRFI plays...
  Found 12 NRFI/YRFI play(s):
    Philadelphia Phillies @ Milwaukee Brewers YRFI  edge=13.2%
    Miami Marlins @ Pittsburgh Pirates YRFI  edge=12.3%
    Detroit Tigers @ Cleveland Guardians YRFI  edge=11.3%
    Chicago Cubs @ San Francisco Giants YRFI  edge=9.6%
    Colorado Rockies @ Athletics NRFI  edge=7.6%
  NRFI picks logged to pnl (5 picks)
  (12 NRFI play(s) have live odds; 0 missing book line)
  NRFI caption → output/picks/baseball_mlb/20260614/caption_nrfi.txt

Step 8: Building F5 (first 5 innings) totals...
  Found 14 F5 edge(s):
    F5 OVER 4.5 (Tampa Bay Rays @ Los Angeles Angels)  edge=23.2%  odds=+102  [FanDuel]  proj=6.92
    F5 UNDER 3.5 (Detroit Tigers @ Cleveland Guardians)  edge=17.9%  odds=+102  [FanDuel]  proj=2.64
    F5 UNDER 3.5 (Miami Marlins @ Pittsburgh Pirates)  edge=17.1%  odds=-102  [FanDuel]  proj=3.36
    F5 UNDER 4.5 (St. Louis Cardinals @ Minnesota Twins)  edge=16.6%  odds=-104  [FanDuel]  proj=5.04
    F5 UNDER 4.5 (Texas Rangers @ Boston Red Sox)  edge=15.7%  odds=-108  [FanDuel]  proj=4.33
  F5 picks logged to pnl (14 added, card_pick=True)
  F5 card → output/picks/baseball_mlb/20260614/f5_card.png
  F5 caption → output/picks/baseball_mlb/20260614/caption_f5.txt
  O/U card (game totals, 5 picks) → output/picks/baseball_mlb/20260614/totals_card.png

Step 10: Generating MLB parlay card...
  ✓  Parlay card → output/picks/baseball_mlb/20260614/parlay_card.png

Step 11: Writing captions (Instagram / Twitter / Reddit)...
  ✓  instagram    → output/picks/baseball_mlb/20260614/captions/instagram.txt
  ✓  twitter      → output/picks/baseball_mlb/20260614/captions/twitter.txt
  ✓  reddit       → output/picks/baseball_mlb/20260614/captions/reddit.txt
  ✓  reddit_potd       → output/picks/baseball_mlb/20260614/captions/reddit_potd.txt
  ✓  reddit_mlb_props  → output/picks/baseball_mlb/20260614/captions/reddit_mlb_props.txt
  ✓  reddit_mlb_picks  → output/picks/baseball_mlb/20260614/captions/reddit_mlb_picks.txt
  ✓  receipts_post.txt → output/picks/baseball_mlb/20260614/receipts_post.txt
  ✓  calibration_card.png → output/picks/baseball_mlb/20260614/calibration_card.png
  ✓  show_your_work.md → output/picks/baseball_mlb/20260614/talking_head/show_your_work.md

  ════════════════════════════════════════════════════════════
  NIGHT PIPELINE — 20260614  (run at 2026-06-13 21:30)
  ════════════════════════════════════════════════════════════

  ▸ [MLB] Generating picks for 20260614...
  ✓ MLB picks done

  ▸ [MLB] Snapshotting opening lines...
  ⚠  Could not fetch odds for mlb: Unsupported sport '801b0a51af0762d5dfc08fb147692d95'. Supported: americanfootball_nfl, baseball_mlb, basketball_nba, basketball_ncaab


  ════════════════════════════════════════════════════════════════
  BET STATUS — June 14, 2026
  ════════════════════════════════════════════════════════════════

  MLB
  ────────────────────────────────────────────────────────────────
    ✅ BET NOW                       UNDER 14.0                    -105    edge 6.8%
    ✅ BET NOW                       St. Louis Cardinals           +100    edge 14.5%

  📌 Place ML/spread at night open. Recheck totals at T-60min after SP + lineup confirmed.

  ════════════════════════════════════════════════════════════════

  Night pipeline complete. Check logs/night.log for details.
  Run 'python3 chef.py gates' before game time to check triggers.


  Overlay — NBA Picks Pipeline
  Date: 20260614
  Fetching NBA team ratings...
  ✓  Injury data loaded (0 reported injuries)
  ✓  Team ratings loaded: 30 teams
  ✓  Player stats loaded: 582 players
  Fetching NBA odds...
  ✓  Live NBA odds fetched. API requests remaining: 14288
  ℹ  No NBA games on the 20260614 slate (off-day) — skipping. No card pick.

  ════════════════════════════════════════════════════════════
  NIGHT PIPELINE — 20260614  (run at 2026-06-13 21:35)
  ════════════════════════════════════════════════════════════

  ▸ [NBA] Generating picks for 20260614...
  ✓ NBA picks done

  ▸ [NBA] Snapshotting opening lines...
  ⚠  Could not fetch odds for nba: Unsupported sport '801b0a51af0762d5dfc08fb147692d95'. Supported: americanfootball_nfl, baseball_mlb, basketball_nba, basketball_ncaab


  ════════════════════════════════════════════════════════════════
  BET STATUS — June 14, 2026
  ════════════════════════════════════════════════════════════════

  MLB
  ────────────────────────────────────────────────────────────────
    ✅ BET NOW                       UNDER 14.0                    -105    edge 6.8%
    ✅ BET NOW                       St. Louis Cardinals           +100    edge 14.5%

  📌 Place ML/spread at night open. Recheck totals at T-60min after SP + lineup confirmed.

  ════════════════════════════════════════════════════════════════

  Night pipeline complete. Check logs/night.log for details.
  Run 'python3 chef.py gates' before game time to check triggers.


  [NHL] Generating picks for 2026-06-14
  ✓  1 NHL game(s) on the slate today
  ✓  Live NHL odds fetched. API requests remaining: 14285
  ✓  1 game(s) with odds on the slate

  ════════════════════════════════════════════════════════════════════════
  NHL PICKS — SUNDAY JUNE 14, 2026
  ────────────────────────────────────────────────────────────────────────
  MATCHUP / BET                         ODDS   EDGE   PROJ  MARKET
  ────────────────────────────────────────────────────────────────────────
  Carolina Hurricanes             -115  +7.9%    5.8  ML
    ↳ Carolina Hurricanes @ Vegas Golden K
    ↳ Projected total: 5.8 | Home win: 40.1% | Home -1.5: 16.5%

  ────────────────────────────────────────────────────────────────────────
  1 edge(s) found  |  NHL Playoffs  |  min edge: 8%
  ════════════════════════════════════════════════════════════════════════

  ✓  Saved 1 picks + 1 projections → output/picks/icehockey_nhl/20260614/picks.json
  ✓  Auto-logged 1 pick(s) to data/pnl/picks.json

  ════════════════════════════════════════════════════════════════════════
  NHL SLATE — JUNE 14
  ────────────────────────────────────────────────────────────────────────
  MATCHUP                                 PROJ    HW%  TIME
  ────────────────────────────────────────────────────────────────────────
  Carolina Hurricanes @ Vegas Golden Kni   6.4   40%  08:20 PM ET
  ════════════════════════════════════════════════════════════════════════

  ✓  Card: nhl_picks_card → nhl_picks_card.png
  [stats] updated — 139W-102L (57.7% WR)  +33.14u  ROI +14.0%  | NRFI 0-0 (0.0%)

  ════════════════════════════════════════════════════════════
  NIGHT PIPELINE — 20260614  (run at 2026-06-13 21:40)
  ════════════════════════════════════════════════════════════

  ▸ [NHL] Generating picks for 20260614...
  ✓ NHL picks done

  ▸ [NHL] Snapshotting opening lines...
  ⚠  Could not fetch odds for nhl: Unsupported sport '801b0a51af0762d5dfc08fb147692d95'. Supported: americanfootball_nfl, baseball_mlb, basketball_nba, basketball_ncaab


  ════════════════════════════════════════════════════════════════
  BET STATUS — June 14, 2026
  ════════════════════════════════════════════════════════════════

  MLB
  ────────────────────────────────────────────────────────────────
    ✅ BET NOW                       UNDER 14.0                    -105    edge 6.8%
    ✅ BET NOW                       St. Louis Cardinals           +100    edge 14.5%

  📌 Place ML/spread at night open. Recheck totals at T-60min after SP + lineup confirmed.

  ════════════════════════════════════════════════════════════════

  Night pipeline complete. Check logs/night.log for details.
  Run 'python3 chef.py gates' before game time to check triggers.


============================================================
  WNBA Picks — June 14, 2026
============================================================
  [wnba] Fetched 5 events from The Odds API.

  2 game(s) on slate:
    Atlanta Dream @ Toronto Tempo
    Washington Mystics @ New York Liberty

  Running WNBA model...

  Found 7 edge(s):
    New York Liberty                spread    edge=+49.8%  odds=-102  [DraftKings]
    Atlanta Dream                   spread    edge=+29.2%  odds=-102  [BetMGM]
    Atlanta Dream                   spread    edge=+22.9%  odds=-115  [Hard Rock Bet]
    Toronto Tempo                   moneyline  edge=+18.7%  odds=+220  [Bally Bet]
    UNDER 173.5                     total     edge=+12.7%  odds=-110  [DraftKings]
    UNDER 172.5                     total     edge=+11.6%  odds=-105  [theScore Bet]
    UNDER 167.5                     total     edge=+7.4%  odds=-105  [theScore Bet]

  Picks saved → output/picks/basketball_wnba/20260614/picks.json
  Caption [instagram] → output/picks/basketball_wnba/20260614/captions/instagram.txt
  Caption [twitter] → output/picks/basketball_wnba/20260614/captions/twitter.txt
  Caption [reddit] → output/picks/basketball_wnba/20260614/captions/reddit.txt
  [PAUSED] WNBA picks not logged to pnl (shadow tracking only).
  [CLV] Snapshotted 27 WNBA pick(s)

============================================================


  ════════════════════════════════════════════════════════════
  NIGHT PIPELINE — 20260614  (run at 2026-06-13 21:45)
  ════════════════════════════════════════════════════════════

  ▸ [WNBA] Generating picks for 20260614...
  ✓ WNBA picks done

  ▸ [WNBA] Snapshotting opening lines...
  ⚠  Could not fetch odds for wnba: Unsupported sport '801b0a51af0762d5dfc08fb147692d95'. Supported: americanfootball_nfl, baseball_mlb, basketball_nba, basketball_ncaab


  ════════════════════════════════════════════════════════════════
  BET STATUS — June 14, 2026
  ════════════════════════════════════════════════════════════════

  MLB
  ────────────────────────────────────────────────────────────────
    ✅ BET NOW                       UNDER 14.0                    -105    edge 6.8%
    ✅ BET NOW                       St. Louis Cardinals           +100    edge 14.5%

  📌 Place ML/spread at night open. Recheck totals at T-60min after SP + lineup confirmed.

  ════════════════════════════════════════════════════════════════

  Night pipeline complete. Check logs/night.log for details.
  Run 'python3 chef.py gates' before game time to check triggers.


  Overlay — NBA Picks Pipeline
  Date: 20260615
  Fetching NBA team ratings...
  ✓  Injury data loaded (0 reported injuries)
  ✓  Team ratings loaded: 30 teams
  ✓  Player stats loaded: 582 players
  Fetching NBA odds...
  ✓  Live NBA odds fetched. API requests remaining: 13875
  ℹ  No NBA games on the 20260615 slate (off-day) — skipping. No card pick.

  ════════════════════════════════════════════════════════════
  NIGHT PIPELINE — 20260615  (run at 2026-06-14 21:35)
  ════════════════════════════════════════════════════════════

  ▸ [NBA] Generating picks for 20260615...
  ✓ NBA picks done

  ▸ [NBA] Snapshotting opening lines...
  ⚠  Could not fetch odds for nba: Unsupported sport '801b0a51af0762d5dfc08fb147692d95'. Supported: americanfootball_nfl, baseball_mlb, basketball_nba, basketball_ncaab

  ℹ  No card picks found for 20260615 yet (run after picks generate)
  Night pipeline complete. Check logs/night.log for details.
  Run 'python3 chef.py gates' before game time to check triggers.

/Library/Frameworks/Python.framework/Versions/3.11/lib/python3.11/site-packages/joblib/externals/loky/backend/context.py:136: UserWarning: Could not find the number of physical cores for the following reason:
[Errno 2] No such file or directory: 'sysctl'
Returning the number of logical cores instead. You can silence this warning by setting LOKY_MAX_CPU_COUNT to the number of cores you want to use.
  warnings.warn(
  File "/Library/Frameworks/Python.framework/Versions/3.11/lib/python3.11/site-packages/joblib/externals/loky/backend/context.py", line 270, in _count_physical_cores
    cpu_info = subprocess.run(
               ^^^^^^^^^^^^^^^
  File "/Library/Frameworks/Python.framework/Versions/3.11/lib/python3.11/subprocess.py", line 548, in run
    with Popen(*popenargs, **kwargs) as process:
         ^^^^^^^^^^^^^^^^^^^^^^^^^^^
  File "/Library/Frameworks/Python.framework/Versions/3.11/lib/python3.11/subprocess.py", line 1024, in __init__
    self._execute_child(args, executable, preexec_fn, close_fds,
  File "/Library/Frameworks/Python.framework/Versions/3.11/lib/python3.11/subprocess.py", line 1917, in _execute_child
    raise child_exception_type(errno_num, err_msg, err_filename)

  [NHL] Generating picks for 2026-06-15
  ℹ  No NHL games found for today (off-day or API unavailable)
  ✓  Live NHL odds fetched. API requests remaining: 13859
  ℹ  No NHL games on the 2026-06-15 slate (off-day) — skipping. No card pick.

  ════════════════════════════════════════════════════════════
  NIGHT PIPELINE — 20260615  (run at 2026-06-14 21:42)
  ════════════════════════════════════════════════════════════

  ▸ [NHL] Generating picks for 20260615...
  ✓ NHL picks done

  ▸ [NHL] Snapshotting opening lines...
  ⚠  Could not fetch odds for nhl: Unsupported sport '801b0a51af0762d5dfc08fb147692d95'. Supported: americanfootball_nfl, baseball_mlb, basketball_nba, basketball_ncaab

  ℹ  No card picks found for 20260615 yet (run after picks generate)
  Night pipeline complete. Check logs/night.log for details.
  Run 'python3 chef.py gates' before game time to check triggers.


======================================================================
  MARCH MADNESS 2026 — AI BRACKET PREDICTOR
======================================================================


======================================================================
  OVERLAY DAILY — baseball_mlb
======================================================================

Step 1: Fetching MLB schedule and team stats...
  Found 10 games
    Miami Marlins (Ryan Gusto) @ Philadelphia Phillies (Zack Wheeler)
    Kansas City Royals (Mitch Spence) @ Washington Nationals (Andrew Alvarez)
    New York Mets (Tobias Myers) @ Cincinnati Reds (Chase Burns)
    San Diego Padres (TBD) @ St. Louis Cardinals (Dustin May)
    Colorado Rockies (Michael Lorenzen) @ Chicago Cubs (Shota Imanaga)
    Minnesota Twins (TBD) @ Texas Rangers (MacKenzie Gore)
    Detroit Tigers (Troy Melton) @ Houston Astros (Kai-Wei Teng)
    Los Angeles Angels (Walbert Ureña) @ Arizona Diamondbacks (Ryne Nelson)
    Pittsburgh Pirates (Jared Jones) @ Athletics (J.T. Ginn)
    Tampa Bay Rays (Nick Martinez) @ Los Angeles Dodgers (Eric Lauer)

Step 2: Running ensemble (4 models + Pythagorean) — v6 features, 91 total...
  Miami Marlins @ Philadelphia Phillies: Philadelphia Phillies 58.3% [AGREE]
    Pyth: 64.7%  XGB: 53.1%  Ens: 58.3%
  Kansas City Royals @ Washington Nationals: Washington Nationals 57.1% [SPLIT]
    Pyth: 67.7%  XGB: 48.4%  Ens: 57.1%
  New York Mets @ Cincinnati Reds: Cincinnati Reds 58.1% [AGREE]
    Pyth: 64.2%  XGB: 53.1%  Ens: 58.1%
  San Diego Padres @ St. Louis Cardinals: St. Louis Cardinals 56.2% [AGREE]
    Pyth: 59.9%  XGB: 53.1%  Ens: 56.2%
  Colorado Rockies @ Chicago Cubs: Chicago Cubs 63.0% [AGREE]
    Pyth: 64.6%  XGB: 58.2%  Ens: 63.0%
  Minnesota Twins @ Texas Rangers: Texas Rangers 56.1% [AGREE]
    Pyth: 59.7%  XGB: 53.1%  Ens: 56.1%
  Detroit Tigers @ Houston Astros: Detroit Tigers 55.1% [AGREE]
    Pyth: 47.2%  XGB: 42.9%  Ens: 44.9%
  Los Angeles Angels @ Arizona Diamondbacks: Los Angeles Angels 57.8% [AGREE]
    Pyth: 34.6%  XGB: 48.4%  Ens: 42.2%
  Pittsburgh Pirates @ Athletics: Athletics 52.5% [SPLIT]
    Pyth: 57.4%  XGB: 48.4%  Ens: 52.5%
  Tampa Bay Rays @ Los Angeles Dodgers: Los Angeles Dodgers 54.4% [SPLIT]
    Pyth: 61.6%  XGB: 48.4%  Ens: 54.4%

Step 3: Fetching LIVE sportsbook odds...
  ✓  Live odds fetched at 21:36:41. API requests remaining: 13866
  Odds freshness: LIVE (range 0–2 min old)
  Pinnacle fair-prob anchor: 7/8 games on Pinnacle, rest on median devig.

======================================================================
  VALUE BETS (MONEYLINE) — Model Edge vs Vegas
======================================================================

  Los Angeles Angels vs Arizona Diamondbacks
    Model: 65.7% | Vegas: 46.5% | Edge: +19.2% *** STRONG ***
    Best odds: +110 at FanDuel

  Detroit Tigers vs Houston Astros
    Model: 63.9% | Vegas: 45.0% | Edge: +18.9% *** STRONG ***
    Best odds: +115 at theScore Bet

  Tampa Bay Rays vs Los Angeles Dodgers
    Model: 57.2% | Vegas: 40.1% | Edge: +17.0% *** STRONG ***
    Best odds: +142 at FanDuel

  Miami Marlins vs Philadelphia Phillies
    Model: 54.2% | Vegas: 35.4% | Edge: +15.8% *** STRONG ***
    Best odds: +177 at DraftKings

  Pittsburgh Pirates vs Athletics
    Model: 58.6% | Vegas: 46.4% | Edge: +12.1% *** STRONG ***
    Best odds: +110 at theScore Bet

  Colorado Rockies vs Chicago Cubs
    Model: 50.6% | Vegas: 35.5% | Edge: +12.1% *** STRONG ***
    Best odds: +176 at FanDuel

  Total value bets: 6
  Average edge: +15.9%
======================================================================


  Method B — Sharp consensus (7 edges):
    Tampa Bay Rays vs Los Angeles Dodgers: Consensus 53.4% → Edge +13.2%
    Detroit Tigers vs Houston Astros: Consensus 57.1% → Edge +12.1%
    Kansas City Royals vs Washington Nationals: Consensus 56.8% → Edge +12.0%
    New York Mets vs Cincinnati Reds: Consensus 56.5% → Edge +12.0%
    Pittsburgh Pirates vs Athletics: Consensus 57.9% → Edge +11.5%
    Los Angeles Angels vs Arizona Diamondbacks: Consensus 57.9% → Edge +11.4%
    Colorado Rockies vs Chicago Cubs: Consensus 49.5% → Edge +11.0%

  LOCK picks (both methods agree): colorado rockies, detroit tigers, los angeles angels, pittsburgh pirates, tampa bay rays

══════════════════════════════════════════════════════════════════════
  TOMORROW'S TOP PLAYS — MLB · June 15, 2026
══════════════════════════════════════════════════════════════════════

  #   MARKET     BET                              ODDS      EDGE    KELLY  BOOK
  ────────────────────────────────────────────────────────────────────────
  1   TOTAL      OVER 8.5 (Tigers@Astros)         -118    +2.00R        —  BetMGM
  2   MONEYLINE  Los Angeles Angels ML            +110    +19.2%     8.6%  FanDuel
  3   MONEYLINE  Detroit Tigers ML                +115    +18.9%     8.1%  theScore B
  4   TOTAL      UNDER 10.5 (Pirates@Athletic)    +102    +1.80R        —  FanDuel
  5   MONEYLINE  Tampa Bay Rays ML                +142    +17.0%     6.8%  FanDuel
  6   TOTAL      OVER 8.0 (Mets@Reds)             +105    +1.60R        —  theScore B
  7   MONEYLINE  Miami Marlins ML                 +177    +15.8%     7.1%  DraftKings
  8   MONEYLINE  Pittsburgh Pirates ML            +110    +12.1%     5.2%  theScore B

  ────────────────────────────────────────────────────────────────────────

  ⚡ BEST BET: OVER 8.5 -118 @ BetMGM
     2.00 run totals edge

  Moneyline: 5  |  Run Line: 0  |  Totals: 3
══════════════════════════════════════════════════════════════════════

  [CLV] Snapshotted opening lines for 13 pick(s) [2026-06-15]
  [franchise] 2026-06-15: 9 new bet(s) logged for 9 model picks
  Moneyline card → output/picks/baseball_mlb/20260615/pick_card.png
  ML card → /Users/anthonymccrovitz/march-madness/output/picks/baseball_mlb/20260615/mlb_moneyline_card.png
  Totals card → /Users/anthonymccrovitz/march-madness/output/picks/baseball_mlb/20260615/mlb_totals_card.png
  Picks caption → output/picks/baseball_mlb/20260615/caption_picks.txt
  Auto-logged 13 pick(s) to data/pnl/picks.json

Saved picks to output/picks/baseball_mlb/20260615/

Step 6: Scanning player props for edges...
  Found 2 prop edge(s):
    Andrew Alvarez OVER 4.5 Ks  edge=23.7%  odds=+130  [Fanatics]
    Ryan Gusto OVER 3.5 Ks  edge=16.3%  odds=-160  [Fanatics]
  Props saved → output/picks/baseball_mlb/20260615/props.json
  Auto-logged 2 prop(s) to pnl for tracking
  Pitcher Ks card → output/picks/baseball_mlb/20260615/mlb_pitcher_ks_card.png
  Props caption → output/picks/baseball_mlb/20260615/caption_props.txt

Step 7: Building NRFI/YRFI plays...
  Found 8 NRFI/YRFI play(s):
    Kansas City Royals @ Washington Nationals YRFI  edge=9.8%
    Miami Marlins @ Philadelphia Phillies YRFI  edge=9.2%
    New York Mets @ Cincinnati Reds YRFI  edge=7.5%
    Detroit Tigers @ Houston Astros YRFI  proj 44% NRFI
    Pittsburgh Pirates @ Athletics YRFI  proj 44% NRFI
  NRFI picks logged to pnl (5 picks)
  (3 NRFI play(s) have live odds; 5 missing book line)
  NRFI caption → output/picks/baseball_mlb/20260615/caption_nrfi.txt

Step 8: Building F5 (first 5 innings) totals...
  Found 3 F5 edge(s):
    F5 OVER 4.5 (Kansas City Royals @ Washington Nationals)  edge=41.6%  odds=-138  [FanDuel]  proj=9.87
    F5 UNDER 4.5 (New York Mets @ Cincinnati Reds)  edge=11.4%  odds=-145  [Fliff]  proj=3.44
    F5 UNDER 4.5 (Miami Marlins @ Philadelphia Phillies)  edge=8.7%  odds=-146  [FanDuel]  proj=4.43
  F5 picks logged to pnl (3 added, card_pick=True)
  F5 card → output/picks/baseball_mlb/20260615/f5_card.png
  F5 caption → output/picks/baseball_mlb/20260615/caption_f5.txt
  O/U card (game totals, 5 picks) → output/picks/baseball_mlb/20260615/totals_card.png

Step 10: Generating MLB parlay card...
  ✓  Parlay card → output/picks/baseball_mlb/20260615/parlay_card.png

Step 11: Writing captions (Instagram / Twitter / Reddit)...
  ✓  instagram    → output/picks/baseball_mlb/20260615/captions/instagram.txt
  ✓  twitter      → output/picks/baseball_mlb/20260615/captions/twitter.txt
  ✓  reddit       → output/picks/baseball_mlb/20260615/captions/reddit.txt
  ✓  reddit_potd       → output/picks/baseball_mlb/20260615/captions/reddit_potd.txt
  ✓  reddit_mlb_props  → output/picks/baseball_mlb/20260615/captions/reddit_mlb_props.txt
  ✓  reddit_mlb_picks  → output/picks/baseball_mlb/20260615/captions/reddit_mlb_picks.txt
  ✓  receipts_post.txt → output/picks/baseball_mlb/20260615/receipts_post.txt
  ✓  calibration_card.png → output/picks/baseball_mlb/20260615/calibration_card.png
  ✓  show_your_work.md → output/picks/baseball_mlb/20260615/talking_head/show_your_work.md

  ════════════════════════════════════════════════════════════
  NIGHT PIPELINE — 20260615  (run at 2026-06-14 21:34)
  ════════════════════════════════════════════════════════════

  ▸ [MLB] Generating picks for 20260615...
  ✓ MLB picks done

  ▸ [MLB] Snapshotting opening lines...
  ⚠  Could not fetch odds for mlb: Unsupported sport '801b0a51af0762d5dfc08fb147692d95'. Supported: americanfootball_nfl, baseball_mlb, basketball_nba, basketball_ncaab

  ℹ  No card picks found for 20260615 yet (run after picks generate)
  Night pipeline complete. Check logs/night.log for details.
  Run 'python3 chef.py gates' before game time to check triggers.


============================================================
  WNBA Picks — June 15, 2026
============================================================
  [wnba] Fetched 6 events from The Odds API.

  3 game(s) on slate:
    Las Vegas Aces @ Dallas Wings
    Portland Fire @ Minnesota Lynx
    Los Angeles Sparks @ Golden State Valkyries

  Running WNBA model...

  Found 14 edge(s):
    Minnesota Lynx                  spread    edge=+50.8%  odds=-105  [theScore Bet]
    Minnesota Lynx                  spread    edge=+49.7%  odds=-110  [Fanatics]
    Minnesota Lynx                  spread    edge=+48.9%  odds=-115  [BetRivers]
    Golden State Valkyries          spread    edge=+40.9%  odds=+100  [theScore Bet]
    Golden State Valkyries          spread    edge=+37.6%  odds=-110  [Fanatics]
    Golden State Valkyries          spread    edge=+35.4%  odds=-115  [DraftKings]
    UNDER 173.5                     total     edge=+17.4%  odds=-110  [DraftKings]
    UNDER 178.5                     total     edge=+17.1%  odds=-109  [betPARX]
    UNDER 172.5                     total     edge=+16.4%  odds=-105  [theScore Bet]
    UNDER 178.0                     total     edge=+15.7%  odds=-110  [Fanatics]

  Picks saved → output/picks/basketball_wnba/20260615/picks.json
  Caption [instagram] → output/picks/basketball_wnba/20260615/captions/instagram.txt
  Caption [twitter] → output/picks/basketball_wnba/20260615/captions/twitter.txt
  Caption [reddit] → output/picks/basketball_wnba/20260615/captions/reddit.txt
  [PAUSED] WNBA picks not logged to pnl (shadow tracking only).
  [CLV] Snapshotted 10 WNBA pick(s)

============================================================


  ════════════════════════════════════════════════════════════
  NIGHT PIPELINE — 20260615  (run at 2026-06-14 21:48)
  ════════════════════════════════════════════════════════════

  ▸ [WNBA] Generating picks for 20260615...
  ✓ WNBA picks done

  ▸ [WNBA] Snapshotting opening lines...
  ⚠  Could not fetch odds for wnba: Unsupported sport '801b0a51af0762d5dfc08fb147692d95'. Supported: americanfootball_nfl, baseball_mlb, basketball_nba, basketball_ncaab

  ℹ  No card picks found for 20260615 yet (run after picks generate)
  Night pipeline complete. Check logs/night.log for details.
  Run 'python3 chef.py gates' before game time to check triggers.

/Library/Frameworks/Python.framework/Versions/3.11/lib/python3.11/site-packages/joblib/externals/loky/backend/context.py:136: UserWarning: Could not find the number of physical cores for the following reason:
[Errno 2] No such file or directory: 'sysctl'
Returning the number of logical cores instead. You can silence this warning by setting LOKY_MAX_CPU_COUNT to the number of cores you want to use.
  warnings.warn(
  File "/Library/Frameworks/Python.framework/Versions/3.11/lib/python3.11/site-packages/joblib/externals/loky/backend/context.py", line 270, in _count_physical_cores
    cpu_info = subprocess.run(
               ^^^^^^^^^^^^^^^
  File "/Library/Frameworks/Python.framework/Versions/3.11/lib/python3.11/subprocess.py", line 548, in run
    with Popen(*popenargs, **kwargs) as process:
         ^^^^^^^^^^^^^^^^^^^^^^^^^^^
  File "/Library/Frameworks/Python.framework/Versions/3.11/lib/python3.11/subprocess.py", line 1024, in __init__
    self._execute_child(args, executable, preexec_fn, close_fds,
  File "/Library/Frameworks/Python.framework/Versions/3.11/lib/python3.11/subprocess.py", line 1917, in _execute_child
    raise child_exception_type(errno_num, err_msg, err_filename)

======================================================================
  MARCH MADNESS 2026 — AI BRACKET PREDICTOR
======================================================================


======================================================================
  OVERLAY DAILY — baseball_mlb
======================================================================

Step 1: Fetching MLB schedule and team stats...
  Found 15 games
    Miami Marlins (Tyler Phillips) @ Philadelphia Phillies (Jesús Luzardo)
    Kansas City Royals (Michael Wacha) @ Washington Nationals (Foster Griffin)
    Toronto Blue Jays (TBD) @ Boston Red Sox (Payton Tolle)
    Chicago White Sox (Davis Martin) @ New York Yankees (Gerrit Cole)
    New York Mets (Kodai Senga) @ Cincinnati Reds (Brady Singer)
    San Francisco Giants (Adrian Houser) @ Atlanta Braves (Grant Holmes)
    Cleveland Guardians (Slade Cecconi) @ Milwaukee Brewers (Robert Gasser)
    San Diego Padres (Michael King) @ St. Louis Cardinals (Andre Pallante)
    Colorado Rockies (Ryan Feltner) @ Chicago Cubs (Edward Cabrera)
    Minnesota Twins (Zebby Matthews) @ Texas Rangers (Kumar Rocker)
    Detroit Tigers (Framber Valdez) @ Houston Astros (Hunter Brown)
    Los Angeles Angels (Reid Detmers) @ Arizona Diamondbacks (Merrill Kelly)
    Pittsburgh Pirates (Mitch Keller) @ Athletics (Jack Perkins)
    Baltimore Orioles (Brandon Young) @ Seattle Mariners (Logan Gilbert)
    Tampa Bay Rays (Drew Rasmussen) @ Los Angeles Dodgers (Justin Wrobleski)

Step 2: Running ensemble (4 models + Pythagorean) — v6 features, 91 total...
  Miami Marlins @ Philadelphia Phillies: Miami Marlins 55.8% [AGREE]
    Pyth: 39.0%  XGB: 48.4%  Ens: 44.2%
  Kansas City Royals @ Washington Nationals: Washington Nationals 58.2% [SPLIT]
    Pyth: 70.2%  XGB: 48.4%  Ens: 58.2%
  Toronto Blue Jays @ Boston Red Sox: Boston Red Sox 57.2% [AGREE]
    Pyth: 62.3%  XGB: 53.1%  Ens: 57.2%
  Chicago White Sox @ New York Yankees: New York Yankees 57.7% [SPLIT]
    Pyth: 69.0%  XGB: 48.4%  Ens: 57.7%
  New York Mets @ Cincinnati Reds: Cincinnati Reds 60.8% [AGREE]
    Pyth: 70.1%  XGB: 53.1%  Ens: 60.8%
  San Francisco Giants @ Atlanta Braves: Atlanta Braves 63.9% [AGREE]
    Pyth: 77.0%  XGB: 53.1%  Ens: 63.9%
  Cleveland Guardians @ Milwaukee Brewers: Milwaukee Brewers 51.7% [SPLIT]
    Pyth: 55.6%  XGB: 48.4%  Ens: 51.7%
  San Diego Padres @ St. Louis Cardinals: St. Louis Cardinals 56.2% [SPLIT]
    Pyth: 65.7%  XGB: 48.4%  Ens: 56.2%
  Colorado Rockies @ Chicago Cubs: Chicago Cubs 53.5% [SPLIT]
    Pyth: 47.7%  XGB: 53.1%  Ens: 53.5%
  Minnesota Twins @ Texas Rangers: Texas Rangers 63.2% [AGREE]
    Pyth: 69.3%  XGB: 58.2%  Ens: 63.2%
  Detroit Tigers @ Houston Astros: Houston Astros 60.1% [SPLIT]
    Pyth: 74.5%  XGB: 48.4%  Ens: 60.1%
  Los Angeles Angels @ Arizona Diamondbacks: Los Angeles Angels 52.6% [AGREE]
    Pyth: 46.2%  XGB: 48.4%  Ens: 47.4%
  Pittsburgh Pirates @ Athletics: Athletics 51.0% [SPLIT]
    Pyth: 54.2%  XGB: 48.4%  Ens: 51.0%
  Baltimore Orioles @ Seattle Mariners: Baltimore Orioles 51.2% [AGREE]
    Pyth: 49.3%  XGB: 48.4%  Ens: 48.8%
  Tampa Bay Rays @ Los Angeles Dodgers: Los Angeles Dodgers 54.0% [SPLIT]
    Pyth: 60.9%  XGB: 48.4%  Ens: 54.0%

Step 3: Fetching LIVE sportsbook odds...
  ✓  Live odds fetched at 21:32:06. API requests remaining: 13640
  ⏱  Filtered 7 game(s) already started — picks only include upcoming games.
  Odds freshness: LIVE (range 0–10 min old)
  ⚠  Some lines up to 10 min old — verify before placing bets
  Pinnacle fair-prob anchor: 16/17 games on Pinnacle, rest on median devig.
  Dropped 1 ML row(s) with edge > 20% (likely bad odds).

======================================================================
  VALUE BETS (MONEYLINE) — Model Edge vs Vegas
======================================================================

  Los Angeles Angels vs Arizona Diamondbacks
    Model: 62.1% | Vegas: 43.1% | Edge: +19.1% *** STRONG ***
    Best odds: +125 at Hard Rock Bet

  Baltimore Orioles vs Seattle Mariners
    Model: 61.2% | Vegas: 42.2% | Edge: +18.9% *** STRONG ***
    Best odds: +130 at Caesars

  Colorado Rockies vs Chicago Cubs
    Model: 57.8% | Vegas: 36.2% | Edge: +18.5% *** STRONG ***
    Best odds: +163 at DraftKings

  Tampa Bay Rays vs Los Angeles Dodgers
    Model: 57.4% | Vegas: 37.3% | Edge: +17.1% *** STRONG ***
    Best odds: +160 at FanDuel

  Cleveland Guardians vs Milwaukee Brewers
    Model: 59.1% | Vegas: 42.2% | Edge: +16.9% *** STRONG ***
    Best odds: +130 at Caesars

  Pittsburgh Pirates vs Athletics
    Model: 59.6% | Vegas: 46.5% | Edge: +13.1% *** STRONG ***
    Best odds: +105 at theScore Bet

  Total value bets: 6
  Average edge: +17.3%
======================================================================


  Method B — Sharp consensus (12 edges):
    Los Angeles Angels vs Arizona Diamondbacks: Consensus 59.8% → Edge +16.7%
    Tampa Bay Rays vs Los Angeles Dodgers: Consensus 54.6% → Edge +14.3%
    Miami Marlins vs Philadelphia Phillies: Consensus 52.6% → Edge +13.1%
    San Francisco Giants vs Atlanta Braves: Consensus 54.2% → Edge +12.8%
    Detroit Tigers vs Houston Astros: Consensus 55.1% → Edge +12.6%
    Minnesota Twins vs Texas Rangers: Consensus 56.4% → Edge +12.6%
    Cleveland Guardians vs Milwaukee Brewers: Consensus 54.7% → Edge +12.4%
    Baltimore Orioles vs Seattle Mariners: Consensus 54.6% → Edge +12.4%
    Kansas City Royals vs Washington Nationals: Consensus 58.3% → Edge +11.7%
    Pittsburgh Pirates vs Athletics: Consensus 57.4% → Edge +10.9%
    San Diego Padres vs St. Louis Cardinals: Consensus 59.4% → Edge +10.8%
    New York Mets vs Cincinnati Reds: Consensus 62.4% → Edge +9.1%

  LOCK picks (both methods agree): baltimore orioles, cleveland guardians, los angeles angels, pittsburgh pirates, tampa bay rays

══════════════════════════════════════════════════════════════════════
  TOMORROW'S TOP PLAYS — MLB · June 16, 2026
══════════════════════════════════════════════════════════════════════

  #   MARKET     BET                              ODDS      EDGE    KELLY  BOOK
  ────────────────────────────────────────────────────────────────────────
  1   TOTAL      UNDER 9.0 (Angels@Diamondba)     +115    +2.30R        —  Hard Rock 
  2   TOTAL      OVER 7.5 (Tigers@Astros)         +102    +2.30R        —  FanDuel
  3   TOTAL      OVER 8.5 (Royals@Nationals)      -110    +2.20R        —  theScore B
  4   TOTAL      UNDER 10.5 (Pirates@Athletic)    +100    +2.10R        —  theScore B
  5   MONEYLINE  Los Angeles Angels ML            +125    +19.1%     8.0%  Hard Rock 
  6   MONEYLINE  Baltimore Orioles ML             +130    +18.9%     7.8%  Caesars
  7   MONEYLINE  Colorado Rockies ML              +163    +18.5%     8.0%  DraftKings
  8   MONEYLINE  Tampa Bay Rays ML                +160    +17.1%     7.7%  FanDuel

  ────────────────────────────────────────────────────────────────────────

  ⚡ BEST BET: UNDER 9.0 +115 @ Hard Rock Bet
     2.30 run totals edge

  Moneyline: 4  |  Run Line: 0  |  Totals: 4
══════════════════════════════════════════════════════════════════════

  [CLV] Snapshotted opening lines for 19 pick(s) [2026-06-16]
  [franchise] 2026-06-16: 15 new bet(s) logged for 15 model picks
  Moneyline card → output/picks/baseball_mlb/20260616/pick_card.png
  ML card → /Users/anthonymccrovitz/march-madness/output/picks/baseball_mlb/20260616/mlb_moneyline_card.png
  Totals card → /Users/anthonymccrovitz/march-madness/output/picks/baseball_mlb/20260616/mlb_totals_card.png
  Picks caption → output/picks/baseball_mlb/20260616/caption_picks.txt
  Auto-logged 19 pick(s) to data/pnl/picks.json

Saved picks to output/picks/baseball_mlb/20260616/

Step 6: Scanning player props for edges...
  Found 6 prop edge(s):
    Gerrit Cole UNDER 5.5 Ks  edge=30.5%  odds=+108  [FanDuel]
    Adrian Houser OVER 3.5 Ks  edge=19.6%  odds=-105  [FanDuel]
    Kodai Senga OVER 5.5 Ks  edge=13.8%  odds=+112  [FanDuel]
    Tyler Phillips OVER 3.5 Ks  edge=11.3%  odds=-118  [FanDuel]
    Grant Holmes OVER 4.5 Ks  edge=11.1%  odds=+110  [Hard Rock Bet]
    Davis Martin UNDER 5.5 Ks  edge=6.3%  odds=-130  [Fanatics]
  Props saved → output/picks/baseball_mlb/20260616/props.json
  Auto-logged 6 prop(s) to pnl for tracking
  Pitcher Ks card → output/picks/baseball_mlb/20260616/mlb_pitcher_ks_card.png
  Props caption → output/picks/baseball_mlb/20260616/caption_props.txt

Step 7: Building NRFI/YRFI plays...
  Found 12 NRFI/YRFI play(s):
    Chicago White Sox @ New York Yankees YRFI  edge=8.3%
    San Diego Padres @ St. Louis Cardinals YRFI  edge=8.1%
    Los Angeles Angels @ Arizona Diamondbacks YRFI  edge=6.9%
    Miami Marlins @ Philadelphia Phillies YRFI  edge=6.3%
    New York Mets @ Cincinnati Reds YRFI  edge=6.3%
  NRFI picks logged to pnl (5 picks)
  (8 NRFI play(s) have live odds; 4 missing book line)
  NRFI caption → output/picks/baseball_mlb/20260616/caption_nrfi.txt

Step 8: Building F5 (first 5 innings) totals...
  Found 10 F5 edge(s):
    F5 OVER 5.5 (New York Mets @ Cincinnati Reds)  edge=23.6%  odds=+104  [FanDuel]  proj=8.06
    F5 UNDER 3.5 (Chicago White Sox @ New York Yankees)  edge=20.2%  odds=+112  [FanDuel]  proj=3.23
    F5 UNDER 4.5 (San Francisco Giants @ Atlanta Braves)  edge=19.3%  odds=+108  [FanDuel]  proj=5.17
    F5 OVER 5.5 (Pittsburgh Pirates @ Athletics)  edge=17.5%  odds=-120  [FanDuel]  proj=7.48
    F5 UNDER 4.5 (Kansas City Royals @ Washington Nationals)  edge=17.1%  odds=-102  [FanDuel]  proj=4.5
  F5 picks logged to pnl (10 added, card_pick=True)
  F5 card → output/picks/baseball_mlb/20260616/f5_card.png
  F5 caption → output/picks/baseball_mlb/20260616/caption_f5.txt
  O/U card (game totals, 5 picks) → output/picks/baseball_mlb/20260616/totals_card.png

Step 10: Generating MLB parlay card...
  No parlay card (need ≥2 picks with ≥5% edge).

Step 11: Writing captions (Instagram / Twitter / Reddit)...
  ✓  instagram    → output/picks/baseball_mlb/20260616/captions/instagram.txt
  ✓  twitter      → output/picks/baseball_mlb/20260616/captions/twitter.txt
  ✓  reddit       → output/picks/baseball_mlb/20260616/captions/reddit.txt
  ✓  reddit_potd       → output/picks/baseball_mlb/20260616/captions/reddit_potd.txt
  ✓  reddit_mlb_props  → output/picks/baseball_mlb/20260616/captions/reddit_mlb_props.txt
  ✓  reddit_mlb_picks  → output/picks/baseball_mlb/20260616/captions/reddit_mlb_picks.txt
  ✓  receipts_post.txt → output/picks/baseball_mlb/20260616/receipts_post.txt
  ✓  calibration_card.png → output/picks/baseball_mlb/20260616/calibration_card.png
  ✓  show_your_work.md → output/picks/baseball_mlb/20260616/talking_head/show_your_work.md

  ════════════════════════════════════════════════════════════
  NIGHT PIPELINE — 20260616  (run at 2026-06-15 21:30)
  ════════════════════════════════════════════════════════════

  ▸ [MLB] Generating picks for 20260616...
  ✓ MLB picks done

  ▸ [MLB] Snapshotting opening lines...
  ⚠  Could not fetch odds for mlb: Unsupported sport '801b0a51af0762d5dfc08fb147692d95'. Supported: americanfootball_nfl, baseball_mlb, basketball_nba, basketball_ncaab

  ℹ  No card picks found for 20260616 yet (run after picks generate)
  Night pipeline complete. Check logs/night.log for details.
  Run 'python3 chef.py gates' before game time to check triggers.


  Overlay — NBA Picks Pipeline
  Date: 20260616
  Fetching NBA team ratings...
  ✓  Injury data loaded (0 reported injuries)
  ✓  Team ratings loaded: 30 teams
  ✓  Player stats loaded: 582 players
  Fetching NBA odds...
  ✓  Live NBA odds fetched. API requests remaining: 13583
  ℹ  No NBA games on the 20260616 slate (off-day) — skipping. No card pick.

  ════════════════════════════════════════════════════════════
  NIGHT PIPELINE — 20260616  (run at 2026-06-15 21:35)
  ════════════════════════════════════════════════════════════

  ▸ [NBA] Generating picks for 20260616...
  ✓ NBA picks done

  ▸ [NBA] Snapshotting opening lines...
  ⚠  Could not fetch odds for nba: Unsupported sport '801b0a51af0762d5dfc08fb147692d95'. Supported: americanfootball_nfl, baseball_mlb, basketball_nba, basketball_ncaab

  ℹ  No card picks found for 20260616 yet (run after picks generate)
  Night pipeline complete. Check logs/night.log for details.
  Run 'python3 chef.py gates' before game time to check triggers.


  [NHL] Generating picks for 2026-06-16
  ℹ  No NHL games found for today (off-day or API unavailable)
  ✓  Live NHL odds fetched. API requests remaining: 13583
  ⚠  No NHL odds available. Check cache or ODDS_API_KEY.

  ════════════════════════════════════════════════════════════
  NIGHT PIPELINE — 20260616  (run at 2026-06-15 21:40)
  ════════════════════════════════════════════════════════════

  ▸ [NHL] Generating picks for 20260616...
  ✓ NHL picks done

  ▸ [NHL] Snapshotting opening lines...
  ⚠  Could not fetch odds for nhl: Unsupported sport '801b0a51af0762d5dfc08fb147692d95'. Supported: americanfootball_nfl, baseball_mlb, basketball_nba, basketball_ncaab

  ℹ  No card picks found for 20260616 yet (run after picks generate)
  Night pipeline complete. Check logs/night.log for details.
  Run 'python3 chef.py gates' before game time to check triggers.


============================================================
  WNBA Picks — June 16, 2026
============================================================
  [wnba] Fetched 6 events from The Odds API.

  1 game(s) on slate:
    Toronto Tempo @ Indiana Fever

  Running WNBA model...

  Found 7 edge(s):
    Indiana Fever                   spread    edge=+44.8%  odds=-105  [Fliff]
    Indiana Fever                   spread    edge=+41.9%  odds=-110  [Fanatics]
    Indiana Fever                   spread    edge=+40.0%  odds=-115  [DraftKings]
    UNDER 178.5                     total     edge=+19.3%  odds=-110  [FanDuel]
    UNDER 177.5                     total     edge=+18.3%  odds=-105  [Fanatics]
    UNDER 176.5                     total     edge=+15.4%  odds=-109  [Bally Bet]
    Toronto Tempo                   moneyline  edge=+6.8%  odds=+295  [Fliff]

  Picks saved → output/picks/basketball_wnba/20260616/picks.json
  Caption [instagram] → output/picks/basketball_wnba/20260616/captions/instagram.txt
  Caption [twitter] → output/picks/basketball_wnba/20260616/captions/twitter.txt
  Caption [reddit] → output/picks/basketball_wnba/20260616/captions/reddit.txt
  [PAUSED] WNBA picks not logged to pnl (shadow tracking only).
  [CLV] Snapshotted 21 WNBA pick(s)

============================================================


  ════════════════════════════════════════════════════════════
  NIGHT PIPELINE — 20260616  (run at 2026-06-15 21:45)
  ════════════════════════════════════════════════════════════

  ▸ [WNBA] Generating picks for 20260616...
  ✓ WNBA picks done

  ▸ [WNBA] Snapshotting opening lines...
  ⚠  Could not fetch odds for wnba: Unsupported sport '801b0a51af0762d5dfc08fb147692d95'. Supported: americanfootball_nfl, baseball_mlb, basketball_nba, basketball_ncaab

  ℹ  No card picks found for 20260616 yet (run after picks generate)
  Night pipeline complete. Check logs/night.log for details.
  Run 'python3 chef.py gates' before game time to check triggers.

